pkg,file,line,role,vendored,tier,kind,occurrences,name,name_hex,codepoints,valid_utf8,uax31,uax31_profile,invisible,nfc,scripts,mixed_script,multi_script,confusable_ascii,casefold_divergence,case_insensitive_role,uax31_offenders
lstrojny__functional-php,lstrojny__functional-php/tests/Functional/PartialAnyTest.php,17,function_decl,False,test_code,T_NAME_QUALIFIED,1,…,e280a6,1,True,False,False,,True,Other,False,False,,False,True,U+2026 HORIZONTAL ELLIPSIS
lstrojny__functional-php,lstrojny__functional-php/tests/Functional/PartialAnyTest.php,19,const_decl,False,test_code,T_NAME_QUALIFIED,1,…,e280a6,1,True,False,False,,True,Other,False,False,,False,False,U+2026 HORIZONTAL ELLIPSIS
lstrojny__functional-php,lstrojny__functional-php/tests/Functional/PartialAnyTest.php,25,other,False,test_code,T_STRING,11,…,e280a6,1,True,False,False,,True,Other,False,False,,False,False,U+2026 HORIZONTAL ELLIPSIS
lstrojny__functional-php,lstrojny__functional-php/src/Functional/Functional.php,329,const_decl,False,production,T_STRING,1,…,e280a6,1,True,False,False,,True,Other,False,False,,False,False,U+2026 HORIZONTAL ELLIPSIS
lstrojny__functional-php,lstrojny__functional-php/src/Functional/PartialAny.php,28,other,False,production,T_STRING,3,…,e280a6,1,True,False,False,,True,Other,False,False,,False,False,U+2026 HORIZONTAL ELLIPSIS
lstrojny__functional-php,lstrojny__functional-php/src/Functional/PartialAny.php,45,function_decl,False,production,T_STRING,1,…,e280a6,1,True,False,False,,True,Other,False,False,,False,True,U+2026 HORIZONTAL ELLIPSIS
nette__di,nette__di/src/Bridges/DITracy/dist/panel.phtml,55,other,False,production,T_VARIABLE,4,ʟ_tmp,ca9f5f746d70,5,True,True,True,,True,"Common,Latin",False,False,,False,False,
wsdltophp__packagegenerator,wsdltophp__packagegenerator/tests/resources/generated/ValidAddress.php,17,class_decl,False,test_code,T_STRING,1,ApiАдресРФ,417069d090d0b4d180d0b5d181d0a0d0a4,10,True,True,True,,True,"Cyrillic,Latin",True,True,,True,True,
wsdltophp__packagegenerator,wsdltophp__packagegenerator/tests/resources/generated/ValidAddress.php,17,other,False,test_code,T_STRING,1,ApiСостав,417069d0a1d0bed181d182d0b0d0b2,9,True,True,True,,True,"Cyrillic,Latin",True,True,,True,False,
wsdltophp__packagegenerator,wsdltophp__packagegenerator/tests/resources/generated/ValidAddress.php,25,other,False,test_code,T_VARIABLE,12,СубъектРФ,d0a1d183d0b1d18ad0b5d0bad182d0a0d0a4,9,True,True,True,,True,Cyrillic,False,False,,True,False,
wsdltophp__packagegenerator,wsdltophp__packagegenerator/tests/resources/generated/ValidAddress.php,32,other,False,test_code,T_NAME_FULLY_QUALIFIED,4,ApiСвРайМО,417069d0a1d0b2d0a0d0b0d0b9d09cd09e,10,True,True,True,,True,"Cyrillic,Latin",True,True,,True,False,
wsdltophp__packagegenerator,wsdltophp__packagegenerator/tests/resources/generated/ValidAddress.php,32,other,False,test_code,T_VARIABLE,8,СвРайМО,d0a1d0b2d0a0d0b0d0b9d09cd09e,7,True,True,True,,True,Cyrillic,False,False,,True,False,
wsdltophp__packagegenerator,wsdltophp__packagegenerator/tests/resources/generated/ValidAddress.php,39,other,False,test_code,T_VARIABLE,12,Город,d093d0bed180d0bed0b4,5,True,True,True,,True,Cyrillic,False,False,,True,False,
wsdltophp__packagegenerator,wsdltophp__packagegenerator/tests/resources/generated/ValidAddress.php,46,other,False,test_code,T_VARIABLE,12,ВнутригРайон,d092d0bdd183d182d180d0b8d0b3d0a0d0b0d0b9d0bed0bd,12,True,True,True,,True,Cyrillic,False,False,,True,False,
wsdltophp__packagegenerator,wsdltophp__packagegenerator/tests/resources/generated/ValidAddress.php,53,other,False,test_code,T_VARIABLE,12,НаселПункт,d09dd0b0d181d0b5d0bbd09fd183d0bdd0bad182,10,True,True,True,,True,Cyrillic,False,False,,True,False,
wsdltophp__packagegenerator,wsdltophp__packagegenerator/tests/resources/generated/ValidAddress.php,60,other,False,test_code,T_VARIABLE,12,Улица,d0a3d0bbd0b8d186d0b0,5,True,True,True,,True,Cyrillic,False,False,,True,False,
wsdltophp__packagegenerator,wsdltophp__packagegenerator/tests/resources/generated/ValidAddress.php,68,other,False,test_code,T_VARIABLE,9,ДопАдрЭл,d094d0bed0bfd090d0b4d180d0add0bb,8,True,True,True,,True,Cyrillic,False,False,,True,False,
wsdltophp__packagegenerator,wsdltophp__packagegenerator/tests/resources/generated/ValidAddress.php,89,property_or_method,False,test_code,T_STRING,1,setСубъектРФ,736574d0a1d183d0b1d18ad0b5d0bad182d0a0d0a4,12,True,True,True,,True,"Cyrillic,Latin",True,True,,True,False,
wsdltophp__packagegenerator,wsdltophp__packagegenerator/tests/resources/generated/ValidAddress.php,90,property_or_method,False,test_code,T_STRING,1,setСвРайМО,736574d0a1d0b2d0a0d0b0d0b9d09cd09e,10,True,True,True,,True,"Cyrillic,Latin",True,True,,True,False,
wsdltophp__packagegenerator,wsdltophp__packagegenerator/tests/resources/generated/ValidAddress.php,91,property_or_method,False,test_code,T_STRING,1,setГород,736574d093d0bed180d0bed0b4,8,True,True,True,,True,"Cyrillic,Latin",True,True,,True,False,
wsdltophp__packagegenerator,wsdltophp__packagegenerator/tests/resources/generated/ValidAddress.php,92,property_or_method,False,test_code,T_STRING,1,setВнутригРайон,736574d092d0bdd183d182d180d0b8d0b3d0a0d0b0d0b9d0bed0bd,15,True,True,True,,True,"Cyrillic,Latin",True,True,,True,False,
wsdltophp__packagegenerator,wsdltophp__packagegenerator/tests/resources/generated/ValidAddress.php,93,property_or_method,False,test_code,T_STRING,1,setНаселПункт,736574d09dd0b0d181d0b5d0bbd09fd183d0bdd0bad182,13,True,True,True,,True,"Cyrillic,Latin",True,True,,True,False,
wsdltophp__packagegenerator,wsdltophp__packagegenerator/tests/resources/generated/ValidAddress.php,94,property_or_method,False,test_code,T_STRING,1,setУлица,736574d0a3d0bbd0b8d186d0b0,8,True,True,True,,True,"Cyrillic,Latin",True,True,,True,False,
wsdltophp__packagegenerator,wsdltophp__packagegenerator/tests/resources/generated/ValidAddress.php,95,property_or_method,False,test_code,T_STRING,1,setДопАдрЭл,736574d094d0bed0bfd090d0b4d180d0add0bb,11,True,True,True,,True,"Cyrillic,Latin",True,True,,True,False,
wsdltophp__packagegenerator,wsdltophp__packagegenerator/tests/resources/generated/ValidAddress.php,104,function_decl,False,test_code,T_STRING,1,getСубъектРФ,676574d0a1d183d0b1d18ad0b5d0bad182d0a0d0a4,12,True,True,True,,True,"Cyrillic,Latin",True,True,,True,True,
wsdltophp__packagegenerator,wsdltophp__packagegenerator/tests/resources/generated/ValidAddress.php,106,property_or_method,False,test_code,T_STRING,3,СубъектРФ,d0a1d183d0b1d18ad0b5d0bad182d0a0d0a4,9,True,True,True,,True,Cyrillic,False,False,,True,False,
wsdltophp__packagegenerator,wsdltophp__packagegenerator/tests/resources/generated/ValidAddress.php,115,function_decl,False,test_code,T_STRING,1,setСубъектРФ,736574d0a1d183d0b1d18ad0b5d0bad182d0a0d0a4,12,True,True,True,,True,"Cyrillic,Latin",True,True,,True,True,
wsdltophp__packagegenerator,wsdltophp__packagegenerator/tests/resources/generated/ValidAddress.php,136,function_decl,False,test_code,T_STRING,1,getСвРайМО,676574d0a1d0b2d0a0d0b0d0b9d09cd09e,10,True,True,True,,True,"Cyrillic,Latin",True,True,,True,True,
wsdltophp__packagegenerator,wsdltophp__packagegenerator/tests/resources/generated/ValidAddress.php,138,property_or_method,False,test_code,T_STRING,3,СвРайМО,d0a1d0b2d0a0d0b0d0b9d09cd09e,7,True,True,True,,True,Cyrillic,False,False,,True,False,
wsdltophp__packagegenerator,wsdltophp__packagegenerator/tests/resources/generated/ValidAddress.php,147,function_decl,False,test_code,T_STRING,1,setСвРайМО,736574d0a1d0b2d0a0d0b0d0b9d09cd09e,10,True,True,True,,True,"Cyrillic,Latin",True,True,,True,True,
wsdltophp__packagegenerator,wsdltophp__packagegenerator/tests/resources/generated/ValidAddress.php,164,function_decl,False,test_code,T_STRING,1,getГород,676574d093d0bed180d0bed0b4,8,True,True,True,,True,"Cyrillic,Latin",True,True,,True,True,
wsdltophp__packagegenerator,wsdltophp__packagegenerator/tests/resources/generated/ValidAddress.php,166,property_or_method,False,test_code,T_STRING,3,Город,d093d0bed180d0bed0b4,5,True,True,True,,True,Cyrillic,False,False,,True,False,
wsdltophp__packagegenerator,wsdltophp__packagegenerator/tests/resources/generated/ValidAddress.php,175,function_decl,False,test_code,T_STRING,1,setГород,736574d093d0bed180d0bed0b4,8,True,True,True,,True,"Cyrillic,Latin",True,True,,True,True,
wsdltophp__packagegenerator,wsdltophp__packagegenerator/tests/resources/generated/ValidAddress.php,196,function_decl,False,test_code,T_STRING,1,getВнутригРайон,676574d092d0bdd183d182d180d0b8d0b3d0a0d0b0d0b9d0bed0bd,15,True,True,True,,True,"Cyrillic,Latin",True,True,,True,True,
wsdltophp__packagegenerator,wsdltophp__packagegenerator/tests/resources/generated/ValidAddress.php,198,property_or_method,False,test_code,T_STRING,3,ВнутригРайон,d092d0bdd183d182d180d0b8d0b3d0a0d0b0d0b9d0bed0bd,12,True,True,True,,True,Cyrillic,False,False,,True,False,
wsdltophp__packagegenerator,wsdltophp__packagegenerator/tests/resources/generated/ValidAddress.php,207,function_decl,False,test_code,T_STRING,1,setВнутригРайон,736574d092d0bdd183d182d180d0b8d0b3d0a0d0b0d0b9d0bed0bd,15,True,True,True,,True,"Cyrillic,Latin",True,True,,True,True,
wsdltophp__packagegenerator,wsdltophp__packagegenerator/tests/resources/generated/ValidAddress.php,228,function_decl,False,test_code,T_STRING,1,getНаселПункт,676574d09dd0b0d181d0b5d0bbd09fd183d0bdd0bad182,13,True,True,True,,True,"Cyrillic,Latin",True,True,,True,True,
wsdltophp__packagegenerator,wsdltophp__packagegenerator/tests/resources/generated/ValidAddress.php,230,property_or_method,False,test_code,T_STRING,3,НаселПункт,d09dd0b0d181d0b5d0bbd09fd183d0bdd0bad182,10,True,True,True,,True,Cyrillic,False,False,,True,False,
wsdltophp__packagegenerator,wsdltophp__packagegenerator/tests/resources/generated/ValidAddress.php,239,function_decl,False,test_code,T_STRING,1,setНаселПункт,736574d09dd0b0d181d0b5d0bbd09fd183d0bdd0bad182,13,True,True,True,,True,"Cyrillic,Latin",True,True,,True,True,
wsdltophp__packagegenerator,wsdltophp__packagegenerator/tests/resources/generated/ValidAddress.php,260,function_decl,False,test_code,T_STRING,1,getУлица,676574d0a3d0bbd0b8d186d0b0,8,True,True,True,,True,"Cyrillic,Latin",True,True,,True,True,
wsdltophp__packagegenerator,wsdltophp__packagegenerator/tests/resources/generated/ValidAddress.php,262,property_or_method,False,test_code,T_STRING,3,Улица,d0a3d0bbd0b8d186d0b0,5,True,True,True,,True,Cyrillic,False,False,,True,False,
wsdltophp__packagegenerator,wsdltophp__packagegenerator/tests/resources/generated/ValidAddress.php,271,function_decl,False,test_code,T_STRING,1,setУлица,736574d0a3d0bbd0b8d186d0b0,8,True,True,True,,True,"Cyrillic,Latin",True,True,,True,True,
wsdltophp__packagegenerator,wsdltophp__packagegenerator/tests/resources/generated/ValidAddress.php,292,function_decl,False,test_code,T_STRING,1,getДопАдрЭл,676574d094d0bed0bfd090d0b4d180d0add0bb,11,True,True,True,,True,"Cyrillic,Latin",True,True,,True,True,
wsdltophp__packagegenerator,wsdltophp__packagegenerator/tests/resources/generated/ValidAddress.php,294,property_or_method,False,test_code,T_STRING,4,ДопАдрЭл,d094d0bed0bfd090d0b4d180d0add0bb,8,True,True,True,,True,Cyrillic,False,False,,True,False,
wsdltophp__packagegenerator,wsdltophp__packagegenerator/tests/resources/generated/ValidAddress.php,303,function_decl,False,test_code,T_STRING,1,validateДопАдрЭлForArrayConstraintFromSetДопАдрЭл,76616c6964617465d094d0bed0bfd090d0b4d180d0add0bb466f724172726179436f6e73747261696e7446726f6d536574d094d0bed0bfd090d0b4d180d0add0bb,49,True,True,True,,True,"Cyrillic,Latin",True,True,,True,True,
wsdltophp__packagegenerator,wsdltophp__packagegenerator/tests/resources/generated/ValidAddress.php,310,other,False,test_code,T_VARIABLE,6,АдресРФДопАдрЭлItem,d090d0b4d180d0b5d181d0a0d0a4d094d0bed0bfd090d0b4d180d0add0bb4974656d,19,True,True,True,,True,"Cyrillic,Latin",True,True,,True,False,
wsdltophp__packagegenerator,wsdltophp__packagegenerator/tests/resources/generated/ValidAddress.php,312,other,False,test_code,T_NAME_FULLY_QUALIFIED,3,ApiДопАдрЭл,417069d094d0bed0bfd090d0b4d180d0add0bb,11,True,True,True,,True,"Cyrillic,Latin",True,True,,True,False,
wsdltophp__packagegenerator,wsdltophp__packagegenerator/tests/resources/generated/ValidAddress.php,331,function_decl,False,test_code,T_STRING,1,setДопАдрЭл,736574d094d0bed0bfd090d0b4d180d0add0bb,11,True,True,True,,True,"Cyrillic,Latin",True,True,,True,True,
wsdltophp__packagegenerator,wsdltophp__packagegenerator/tests/resources/generated/ValidAddress.php,334,other,False,test_code,T_VARIABLE,2,ДопАдрЭлArrayErrorMessage,d094d0bed0bfd090d0b4d180d0add0bb41727261794572726f724d657373616765,25,True,True,True,,True,"Cyrillic,Latin",True,True,,True,False,
wsdltophp__packagegenerator,wsdltophp__packagegenerator/tests/resources/generated/ValidAddress.php,334,static_member,False,test_code,T_STRING,1,validateДопАдрЭлForArrayConstraintFromSetДопАдрЭл,76616c6964617465d094d0bed0bfd090d0b4d180d0add0bb466f724172726179436f6e73747261696e7446726f6d536574d094d0bed0bfd090d0b4d180d0add0bb,49,True,True,True,,True,"Cyrillic,Latin",True,True,,True,False,
wsdltophp__packagegenerator,wsdltophp__packagegenerator/tests/resources/generated/ValidAddress.php,351,function_decl,False,test_code,T_STRING,1,addToДопАдрЭл,616464546fd094d0bed0bfd090d0b4d180d0add0bb,13,True,True,True,,True,"Cyrillic,Latin",True,True,,True,True,
hoa__math,hoa__math/Test/Unit/Combinatorics/Combination/Combination.php,60,static_member,False,test_code,T_STRING,5,Γ,ce93,1,True,True,True,,True,Greek,False,False,,True,False,
hoa__math,hoa__math/Source/Util.php,52,function_decl,False,production,T_STRING,1,δ,ceb4,1,True,True,True,,True,Greek,False,False,,False,True,
hoa__math,hoa__math/Source/Combinatorics/Combination/Combination.php,54,function_decl,False,production,T_STRING,1,Γ,ce93,1,True,True,True,,True,Greek,False,False,,True,True,
nette__mail,nette__mail/src/Bridges/MailTracy/dist/tab.phtml,11,other,False,production,T_VARIABLE,2,ʟ_tmp,ca9f5f746d70,5,True,True,True,,True,"Common,Latin",False,False,,False,False,
nette__mail,nette__mail/src/Bridges/MailTracy/dist/panel.phtml,26,other,False,production,T_VARIABLE,2,ʟ_tmp,ca9f5f746d70,5,True,True,True,,True,"Common,Latin",False,False,,False,False,
tracy__tracy,tracy__tracy/src/Tracy/Bar/dist/panels.phtml,19,other,False,production,T_VARIABLE,4,ʟ_tmp,ca9f5f746d70,5,True,True,True,,True,"Common,Latin",False,False,,False,False,
tracy__tracy,tracy__tracy/src/Tracy/Bar/dist/bar.phtml,7,other,False,production,T_VARIABLE,2,ʟ_tmp,ca9f5f746d70,5,True,True,True,,True,"Common,Latin",False,False,,False,False,
tracy__tracy,tracy__tracy/src/Tracy/Bar/dist/bar.phtml,10,other,False,production,T_VARIABLE,4,ʟ_switch,ca9f5f737769746368,8,True,True,True,,True,"Common,Latin",False,False,,False,False,
tracy__tracy,tracy__tracy/src/Tracy/Bar/dist/loader.phtml,16,other,False,production,T_VARIABLE,10,ʟ_tmp,ca9f5f746d70,5,True,True,True,,True,"Common,Latin",False,False,,False,False,
tracy__tracy,tracy__tracy/src/Tracy/BlueScreen/dist/section-exception-causedBy.phtml,17,other,False,production,T_VARIABLE,4,ʟ_tmp,ca9f5f746d70,5,True,True,True,,True,"Common,Latin",False,False,,False,False,
tracy__tracy,tracy__tracy/src/Tracy/BlueScreen/dist/section-http.phtml,31,other,False,production,T_VARIABLE,2,ʟ_tmp,ca9f5f746d70,5,True,True,True,,True,"Common,Latin",False,False,,False,False,
tracy__tracy,tracy__tracy/src/Tracy/BlueScreen/dist/section-stack-callStack.phtml,41,other,False,production,T_VARIABLE,4,ʟ_tag,ca9f5f746167,5,True,True,True,,True,"Common,Latin",False,False,,False,False,
tracy__tracy,tracy__tracy/src/Tracy/BlueScreen/dist/section-stack-callStack.phtml,45,other,False,production,T_VARIABLE,12,ʟ_tmp,ca9f5f746d70,5,True,True,True,,True,"Common,Latin",False,False,,False,False,
tracy__tracy,tracy__tracy/src/Tracy/BlueScreen/dist/section-stack-callStack.phtml,48,other,False,production,T_VARIABLE,2,ʟ_tags,ca9f5f74616773,6,True,True,True,,True,"Common,Latin",False,False,,False,False,
tracy__tracy,tracy__tracy/src/Tracy/BlueScreen/dist/section-stack-sourceFile.phtml,17,other,False,production,T_VARIABLE,12,ʟ_tmp,ca9f5f746d70,5,True,True,True,,True,"Common,Latin",False,False,,False,False,
tracy__tracy,tracy__tracy/src/Tracy/BlueScreen/dist/page.phtml,67,other,False,production,T_VARIABLE,2,ʟ_tmp,ca9f5f746d70,5,True,True,True,,True,"Common,Latin",False,False,,False,False,
tracy__tracy,tracy__tracy/src/Tracy/BlueScreen/dist/content.phtml,44,other,False,production,T_VARIABLE,6,ʟ_tmp,ca9f5f746d70,5,True,True,True,,True,"Common,Latin",False,False,,False,False,
tracy__tracy,tracy__tracy/src/Tracy/BlueScreen/dist/section-header.phtml,29,other,False,production,T_VARIABLE,6,ʟ_tmp,ca9f5f746d70,5,True,True,True,,True,"Common,Latin",False,False,,False,False,
tracy__tracy,tracy__tracy/src/Tracy/Debugger/dist/error.500.phtml,40,other,False,production,T_VARIABLE,2,ʟ_tmp,ca9f5f746d70,5,True,True,True,,True,"Common,Latin",False,False,,False,False,
wsdltophp__phpgenerator,wsdltophp__phpgenerator/tests/Element/PhpVariableTest.php,141,function_decl,False,test_code,T_STRING,1,testé,74657374c3a9,5,True,True,True,,True,Latin,False,False,,False,True,
wsdltophp__phpgenerator,wsdltophp__phpgenerator/tests/Element/PhpVariableTest.php,143,other,False,test_code,T_VARIABLE,2,é,c3a9,1,True,True,True,,True,Latin,False,False,,False,False,
sempro__phpunit-pretty-print,sempro__phpunit-pretty-print/tests/Output.php,48,function_decl,False,test_code,T_STRING,1,test should convert non breaking spaces to lowercased words,74657374c2a073686f756c64c2a0636f6e76657274c2a06e6f6ec2a0627265616b696e67c2a0737061636573c2a0746fc2a06c6f7765726361736564c2a0776f726473,59,True,False,False,U+00A0 NO-BREAK SPACE; U+00A0 NO-BREAK SPACE; U+00A0 NO-BREAK SPACE; U+00A0 NO-BREAK SPACE; U+00A0 NO-BREAK SPACE; U+00A0 NO-BREAK SPACE; U+00A0 NO-BREAK SPACE; U+00A0 NO-BREAK SPACE,True,"Common,Latin",False,False,,False,True,U+00A0 NO-BREAK SPACE; U+00A0 NO-BREAK SPACE; U+00A0 NO-BREAK SPACE; U+00A0 NO-BREAK SPACE; U+00A0 NO-BREAK SPACE; U+00A0 NO-BREAK SPACE; U+00A0 NO-BREAK SPACE; U+00A0 NO-BREAK SPACE
spryker__discount,spryker__discount/src/Spryker/Zed/Discount/Communication/Form/Constraint/SequentiallyValidator.php,38,other,False,production,T_VARIABLE,2,subСonstraint,737562d0a16f6e73747261696e74,13,True,True,True,,True,"Cyrillic,Latin",True,True,subConstraint,True,False,
nette__application,nette__application/src/Bridges/ApplicationTracy/dist/panel.phtml,131,other,False,production,T_VARIABLE,6,ʟ_tmp,ca9f5f746d70,5,True,True,True,,True,"Common,Latin",False,False,,False,False,
conduction__hydra-gates,conduction__hydra-gates/hydra-gates/scripts/test-fixtures/gate-acceptance/exception-translation/planted/lib/Controller/ThingController.php,85,other,False,production,T_STRING,1,—,e28094,1,True,False,False,,True,Other,False,False,,False,False,U+2014 EM DASH
num-num__ubl-invoice,num-num__ubl-invoice/src/EASCode.php,38,const_decl,False,production,T_STRING,1,CODICE_UNIVOCO_UNITÀ_ORGANIZZATIVA_IPA,434f444943455f554e49564f434f5f554e4954c3805f4f5247414e495a5a41544956415f495041,38,True,True,True,,True,"Common,Latin",False,False,,True,False,
num-num__ubl-invoice,num-num__ubl-invoice/src/EASCode.php,59,const_decl,False,production,T_STRING,1,ÖSTERREICHISCHE_UMSATZSTEUER_IDENTIFIKATIONSNUMMER,c39653544552524549434849534348455f554d5341545a5354455545525f4944454e544946494b4154494f4e534e554d4d4552,50,True,True,True,,True,"Common,Latin",False,False,,True,False,
num-num__ubl-invoice,num-num__ubl-invoice/src/EASCode.php,60,const_decl,False,production,T_STRING,1,ÖSTERREICHISCHES_VERWALTUNGS_BZW_ORGANISATIONSKENNZEICHEN,c3965354455252454943484953434845535f56455257414c54554e47535f425a575f4f5247414e49534154494f4e534b454e4e5a45494348454e,57,True,True,True,,True,"Common,Latin",False,False,,True,False,
num-num__ubl-invoice,num-num__ubl-invoice/src/EASCode.php,67,const_decl,False,production,T_STRING,1,AGENCIA_ESPAÑOLA_DE_ADMINISTRACIÓN_TRIBUTARIA,4147454e4349415f45535041c3914f4c415f44455f41444d494e49535452414349c3934e5f54524942555441524941,45,True,True,True,,True,"Common,Latin",False,False,,True,False,
hoa__consistency,hoa__consistency/Source/Consistency.php,346,other,False,production,T_STRING,1,…,e280a6,1,True,False,False,,True,Other,False,False,,False,False,U+2026 HORIZONTAL ELLIPSIS
hoa__console,hoa__console/Test/Unit/Cursor.php,81,function_decl,False,test_code,T_STRING,1,case_move_↑,636173655f6d6f76655fe28691,11,True,False,False,,True,"Common,Latin,Other",False,True,,False,True,U+2191 UPWARDS ARROW
hoa__console,hoa__console/Test/Unit/Cursor.php,90,function_decl,False,test_code,T_STRING,1,case_move_↑_repeated,636173655f6d6f76655fe286915f7265706561746564,20,True,False,False,,True,"Common,Latin,Other",False,True,,False,True,U+2191 UPWARDS ARROW
hoa__console,hoa__console/Test/Unit/Cursor.php,117,function_decl,False,test_code,T_STRING,1,case_move_→,636173655f6d6f76655fe28692,11,True,False,False,,True,"Common,Latin,Other",False,True,,False,True,U+2192 RIGHTWARDS ARROW
hoa__console,hoa__console/Test/Unit/Cursor.php,126,function_decl,False,test_code,T_STRING,1,case_move_→_repeated,636173655f6d6f76655fe286925f7265706561746564,20,True,False,False,,True,"Common,Latin,Other",False,True,,False,True,U+2192 RIGHTWARDS ARROW
hoa__console,hoa__console/Test/Unit/Cursor.php,153,function_decl,False,test_code,T_STRING,1,case_move_↓,636173655f6d6f76655fe28693,11,True,False,False,,True,"Common,Latin,Other",False,True,,False,True,U+2193 DOWNWARDS ARROW
hoa__console,hoa__console/Test/Unit/Cursor.php,162,function_decl,False,test_code,T_STRING,1,case_move_↓_repeated,636173655f6d6f76655fe286935f7265706561746564,20,True,False,False,,True,"Common,Latin,Other",False,True,,False,True,U+2193 DOWNWARDS ARROW
hoa__console,hoa__console/Test/Unit/Cursor.php,189,function_decl,False,test_code,T_STRING,1,case_move_←,636173655f6d6f76655fe28690,11,True,False,False,,True,"Common,Latin,Other",False,True,,False,True,U+2190 LEFTWARDS ARROW
hoa__console,hoa__console/Test/Unit/Cursor.php,198,function_decl,False,test_code,T_STRING,1,case_move_←_repeated,636173655f6d6f76655fe286905f7265706561746564,20,True,False,False,,True,"Common,Latin,Other",False,True,,False,True,U+2190 LEFTWARDS ARROW
hoa__console,hoa__console/Test/Unit/Cursor.php,311,function_decl,False,test_code,T_STRING,1,case_clear_↕,636173655f636c6561725fe28695,12,True,False,False,,True,"Common,Latin,Other",False,True,,False,True,U+2195 UP DOWN ARROW
hoa__console,hoa__console/Test/Unit/Cursor.php,338,function_decl,False,test_code,T_STRING,1,case_clear_↑,636173655f636c6561725fe28691,12,True,False,False,,True,"Common,Latin,Other",False,True,,False,True,U+2191 UPWARDS ARROW
hoa__console,hoa__console/Test/Unit/Cursor.php,365,function_decl,False,test_code,T_STRING,1,case_clear_→,636173655f636c6561725fe28692,12,True,False,False,,True,"Common,Latin,Other",False,True,,False,True,U+2192 RIGHTWARDS ARROW
hoa__console,hoa__console/Test/Unit/Cursor.php,392,function_decl,False,test_code,T_STRING,1,case_clear_↓,636173655f636c6561725fe28693,12,True,False,False,,True,"Common,Latin,Other",False,True,,False,True,U+2193 DOWNWARDS ARROW
hoa__console,hoa__console/Test/Unit/Cursor.php,419,function_decl,False,test_code,T_STRING,1,case_clear_←,636173655f636c6561725fe28690,12,True,False,False,,True,"Common,Latin,Other",False,True,,False,True,U+2190 LEFTWARDS ARROW
hoa__console,hoa__console/Test/Unit/Cursor.php,437,function_decl,False,test_code,T_STRING,1,case_clear_↔,636173655f636c6561725fe28694,12,True,False,False,,True,"Common,Latin,Other",False,True,,False,True,U+2194 LEFT RIGHT ARROW
hoa__console,hoa__console/Test/Unit/Cursor.php,871,function_decl,False,test_code,T_STRING,1,case_set_style_▋,636173655f7365745f7374796c655fe2968b,16,True,False,False,,True,"Common,Latin,Other",False,True,,False,True,U+258B LEFT FIVE EIGHTHS BLOCK
latte__latte,latte__latte/src/Bridges/Tracy/dist/panel.phtml,95,other,False,production,T_VARIABLE,2,ʟ_tmp,ca9f5f746d70,5,True,True,True,,True,"Common,Latin",False,False,,False,False,
symfony__cache,symfony__cache/Traits/ValueWrapper.php,19,class_decl,False,production,T_STRING,1,<invalid utf-8>,a9,0,False,False,False,,False,,False,False,,False,True,
beyondcode__laravel-query-detector,beyondcode__laravel-query-detector/src/Outputs/Json.php,20,other,False,production,T_VARIABLE,1,data ,64617461c2a0,5,True,False,False,U+00A0 NO-BREAK SPACE,True,"Common,Latin",False,False,,False,False,U+00A0 NO-BREAK SPACE
nette__security,nette__security/src/Bridges/SecurityTracy/dist/tab.phtml,7,other,False,production,T_VARIABLE,4,ʟ_tmp,ca9f5f746d70,5,True,True,True,,True,"Common,Latin",False,False,,False,False,
mjaschen__phpgeo,mjaschen__phpgeo/src/Bearing/BearingEllipsoidal.php,153,other,False,production,T_VARIABLE,2,φ1,cf8631,2,True,True,True,,True,"Common,Greek",False,False,,False,False,
mjaschen__phpgeo,mjaschen__phpgeo/src/Bearing/BearingEllipsoidal.php,154,other,False,production,T_VARIABLE,2,φ2,cf8632,2,True,True,True,,True,"Common,Greek",False,False,,False,False,
mjaschen__phpgeo,mjaschen__phpgeo/src/Bearing/BearingEllipsoidal.php,155,other,False,production,T_VARIABLE,2,λ1,cebb31,2,True,True,True,,True,"Common,Greek",False,False,,False,False,
mjaschen__phpgeo,mjaschen__phpgeo/src/Bearing/BearingEllipsoidal.php,156,other,False,production,T_VARIABLE,2,λ2,cebb32,2,True,True,True,,True,"Common,Greek",False,False,,False,False,
mjaschen__phpgeo,mjaschen__phpgeo/src/Bearing/BearingEllipsoidal.php,171,other,False,production,T_VARIABLE,6,λ,cebb,1,True,True,True,,True,Greek,False,False,,False,False,
mjaschen__phpgeo,mjaschen__phpgeo/src/Bearing/BearingEllipsoidal.php,176,other,False,production,T_VARIABLE,6,sinλ,73696ecebb,4,True,True,True,,True,"Greek,Latin",True,True,,False,False,
mjaschen__phpgeo,mjaschen__phpgeo/src/Bearing/BearingEllipsoidal.php,177,other,False,production,T_VARIABLE,6,cosλ,636f73cebb,4,True,True,True,,True,"Greek,Latin",True,True,,False,False,
mjaschen__phpgeo,mjaschen__phpgeo/src/Bearing/BearingEllipsoidal.php,178,other,False,production,T_VARIABLE,2,sinSqσ,73696e5371cf83,6,True,True,True,,True,"Greek,Latin",True,True,,False,False,
mjaschen__phpgeo,mjaschen__phpgeo/src/Bearing/BearingEllipsoidal.php,180,other,False,production,T_VARIABLE,8,sinσ,73696ecf83,4,True,True,True,,True,"Greek,Latin",True,True,,False,False,
mjaschen__phpgeo,mjaschen__phpgeo/src/Bearing/BearingEllipsoidal.php,186,other,False,production,T_VARIABLE,5,cosσ,636f73cf83,4,True,True,True,,True,"Greek,Latin",True,True,,False,False,
mjaschen__phpgeo,mjaschen__phpgeo/src/Bearing/BearingEllipsoidal.php,187,other,False,production,T_VARIABLE,3,σ,cf83,1,True,True,True,,True,Greek,False,False,,False,False,
mjaschen__phpgeo,mjaschen__phpgeo/src/Bearing/BearingEllipsoidal.php,188,other,False,production,T_VARIABLE,4,sinα,73696eceb1,4,True,True,True,,True,"Greek,Latin",True,True,sina,False,False,
mjaschen__phpgeo,mjaschen__phpgeo/src/Bearing/BearingEllipsoidal.php,189,other,False,production,T_VARIABLE,6,cosSqα,636f735371ceb1,6,True,True,True,,True,"Greek,Latin",True,True,cosSqa,False,False,
mjaschen__phpgeo,mjaschen__phpgeo/src/Bearing/BearingEllipsoidal.php,191,other,False,production,T_VARIABLE,11,cos2σM,636f7332cf834d,6,True,True,True,,True,"Common,Greek,Latin",True,True,,False,False,
mjaschen__phpgeo,mjaschen__phpgeo/src/Bearing/BearingEllipsoidal.php,197,other,False,production,T_VARIABLE,2,λp,cebb70,2,True,True,True,,True,"Greek,Latin",True,True,,False,False,
mjaschen__phpgeo,mjaschen__phpgeo/src/Bearing/BearingEllipsoidal.php,210,other,False,production,T_VARIABLE,2,Δσ,ce94cf83,2,True,True,True,,True,Greek,False,False,,True,False,
mjaschen__phpgeo,mjaschen__phpgeo/src/Bearing/BearingEllipsoidal.php,220,other,False,production,T_VARIABLE,4,α1,ceb131,2,True,True,True,,True,"Common,Greek",False,False,a1,False,False,
mjaschen__phpgeo,mjaschen__phpgeo/src/Bearing/BearingEllipsoidal.php,221,other,False,production,T_VARIABLE,4,α2,ceb132,2,True,True,True,,True,"Common,Greek",False,False,a2,False,False,
mjaschen__phpgeo,mjaschen__phpgeo/src/Bearing/BearingSpherical.php,71,other,False,production,T_VARIABLE,6,φ,cf86,1,True,True,True,,True,Greek,False,False,,False,False,
mjaschen__phpgeo,mjaschen__phpgeo/src/Bearing/BearingSpherical.php,72,other,False,production,T_VARIABLE,2,λ,cebb,1,True,True,True,,True,Greek,False,False,,False,False,
mjaschen__phpgeo,mjaschen__phpgeo/src/Bearing/BearingSpherical.php,74,other,False,production,T_VARIABLE,2,Φ,cea6,1,True,True,True,,True,Greek,False,False,,True,False,
mjaschen__phpgeo,mjaschen__phpgeo/src/Bearing/BearingSpherical.php,75,other,False,production,T_VARIABLE,2,Λ,ce9b,1,True,True,True,,True,Greek,False,False,,True,False,
xdebug__xdebug,xdebug__xdebug/tests/debugger/dbgp-property-enum.inc,5,other,False,fixture,T_STRING,1,Gàidhlig,47c3a06964686c6967,8,True,True,True,,True,Latin,False,False,,False,False,
xdebug__xdebug,xdebug__xdebug/tests/debugger/dbgp-property-enum.inc,7,static_member,False,fixture,T_STRING,1,Gàidhlig,47c3a06964686c6967,8,True,True,True,,True,Latin,False,False,,False,False,
nette__database,nette__database/src/Bridges/DatabaseTracy/dist/tab.phtml,11,other,False,production,T_VARIABLE,2,ʟ_tmp,ca9f5f746d70,5,True,True,True,,True,"Common,Latin",False,False,,False,False,
nette__database,nette__database/src/Bridges/DatabaseTracy/dist/panel.phtml,39,other,False,production,T_VARIABLE,4,ʟ_tmp,ca9f5f746d70,5,True,True,True,,True,"Common,Latin",False,False,,False,False,
hoa__compiler,hoa__compiler/Llk/Sampler/Uniform.php,135,other,False,production,T_VARIABLE,10,Γ,ce93,1,True,True,True,,True,Greek,False,False,,True,False,
hoa__compiler,hoa__compiler/Llk/Sampler/Uniform.php,136,other,False,production,T_VARIABLE,10,γ,ceb3,1,True,True,True,,True,Greek,False,False,,False,False,
hoa__compiler,hoa__compiler/Llk/Sampler/Uniform.php,150,other,False,production,T_VARIABLE,11,α,ceb1,1,True,True,True,,True,Greek,False,False,a,False,False,
hoa__compiler,hoa__compiler/Llk/Sampler/Uniform.php,210,other,False,production,T_VARIABLE,4,_γ,5fceb3,2,True,True,True,,True,"Common,Greek",False,False,,False,False,
hoa__compiler,hoa__compiler/Llk/Sampler/Uniform.php,244,other,False,production,T_VARIABLE,1,β,ceb2,1,True,True,True,,True,Greek,False,False,,False,False,
hoa__compiler,hoa__compiler/Llk/Sampler/Uniform.php,260,static_member,False,production,T_STRING,1,δ,ceb4,1,True,True,True,,True,Greek,False,False,,False,False,
hoa__ustring,hoa__ustring/Test/Unit/Ustring.php,904,other,False,test_code,T_VARIABLE,5,uΣ,75cea3,2,True,True,True,,True,"Greek,Latin",True,True,,True,False,
hoa__ustring,hoa__ustring/Test/Unit/Ustring.php,905,other,False,test_code,T_VARIABLE,7,Σ,cea3,1,True,True,True,,True,Greek,False,False,,True,False,
symfony__symfony,symfony__symfony/src/Symfony/Component/Cache/Traits/ValueWrapper.php,19,class_decl,False,production,T_STRING,1,<invalid utf-8>,a9,0,False,False,False,,False,,False,False,,False,True,
markrogoyski__math-php,markrogoyski__math-php/tests/NumberTheory/IntegerAxiomsTest.php,36,other,False,test_code,T_VARIABLE,2,lcm⟮a、b⟯,6c636de29fae61e3808162e29faf,8,True,False,False,,True,"Latin,Other",False,True,,False,False,U+27EE MATHEMATICAL LEFT FLATTENED PARENTHESIS; U+3001 IDEOGRAPHIC COMMA; U+27EF MATHEMATICAL RIGHT FLATTENED PARENTHESIS
markrogoyski__math-php,markrogoyski__math-php/tests/Sequence/BasicTest.php,18,other,False,test_code,T_VARIABLE,2,a₁,61e28281,2,True,False,False,,True,"Latin,Other",False,True,,False,False,U+2081 SUBSCRIPT ONE
markrogoyski__math-php,markrogoyski__math-php/tests/Arithmetic/ArithmeticTest.php,355,other,False,test_code,T_VARIABLE,2,ε,ceb5,1,True,True,True,,True,Greek,False,False,,False,False,
markrogoyski__math-php,markrogoyski__math-php/tests/Arithmetic/ArithmeticAxiomsTest.php,73,other,False,test_code,T_VARIABLE,2,dr⟮a＋b⟯,6472e29fae61efbc8b62e29faf,7,True,False,False,,True,"Latin,Other",False,True,,False,False,U+27EE MATHEMATICAL LEFT FLATTENED PARENTHESIS; U+FF0B FULLWIDTH PLUS SIGN; U+27EF MATHEMATICAL RIGHT FLATTENED PARENTHESIS
markrogoyski__math-php,markrogoyski__math-php/tests/Arithmetic/ArithmeticAxiomsTest.php,74,other,False,test_code,T_VARIABLE,2,dr⟮dr⟮a⟯＋dr⟮b⟯⟯,6472e29fae6472e29fae61e29fafefbc8b6472e29fae62e29fafe29faf,15,True,False,False,,True,"Latin,Other",False,True,,False,False,U+27EE MATHEMATICAL LEFT FLATTENED PARENTHESIS; U+27EE MATHEMATICAL LEFT FLATTENED PARENTHESIS; U+27EF MATHEMATICAL RIGHT FLATTENED PARENTHESIS; U+FF0B FULLWIDTH PLUS SIGN; U+27EE MATHEMATICAL LEFT FLATTENED PARENTHESIS; U+27EF MATHEMATICAL RIGHT FLATTENED PARENTHESIS; U+27EF MATHEMATICAL RIGHT FLATTENED PARENTHESIS
markrogoyski__math-php,markrogoyski__math-php/tests/Arithmetic/ArithmeticAxiomsTest.php,90,other,False,test_code,T_VARIABLE,2,dr⟮ab⟯,6472e29fae6162e29faf,6,True,False,False,,True,"Latin,Other",False,True,,False,False,U+27EE MATHEMATICAL LEFT FLATTENED PARENTHESIS; U+27EF MATHEMATICAL RIGHT FLATTENED PARENTHESIS
markrogoyski__math-php,markrogoyski__math-php/tests/Arithmetic/ArithmeticAxiomsTest.php,91,other,False,test_code,T_VARIABLE,2,dr⟮dr⟮a⟯×dr⟮b⟯⟯,6472e29fae6472e29fae61e29fafc3976472e29fae62e29fafe29faf,15,True,False,False,,True,"Latin,Other",False,True,,False,False,U+27EE MATHEMATICAL LEFT FLATTENED PARENTHESIS; U+27EE MATHEMATICAL LEFT FLATTENED PARENTHESIS; U+27EF MATHEMATICAL RIGHT FLATTENED PARENTHESIS; U+00D7 MULTIPLICATION SIGN; U+27EE MATHEMATICAL LEFT FLATTENED PARENTHESIS; U+27EF MATHEMATICAL RIGHT FLATTENED PARENTHESIS; U+27EF MATHEMATICAL RIGHT FLATTENED PARENTHESIS
markrogoyski__math-php,markrogoyski__math-php/tests/Arithmetic/ArithmeticAxiomsTest.php,149,other,False,test_code,T_VARIABLE,2,⟮a mod n⟯ mod n,e29fae61c2a06d6f64c2a06ee29fafc2a06d6f64c2a06e,15,True,False,False,U+00A0 NO-BREAK SPACE; U+00A0 NO-BREAK SPACE; U+00A0 NO-BREAK SPACE; U+00A0 NO-BREAK SPACE,True,"Common,Latin,Other",False,True,,False,False,U+27EE MATHEMATICAL LEFT FLATTENED PARENTHESIS; U+00A0 NO-BREAK SPACE; U+00A0 NO-BREAK SPACE; U+27EF MATHEMATICAL RIGHT FLATTENED PARENTHESIS; U+00A0 NO-BREAK SPACE; U+00A0 NO-BREAK SPACE
markrogoyski__math-php,markrogoyski__math-php/tests/Arithmetic/ArithmeticAxiomsTest.php,150,other,False,test_code,T_VARIABLE,2,a mod n,61c2a06d6f64c2a06e,7,True,False,False,U+00A0 NO-BREAK SPACE; U+00A0 NO-BREAK SPACE,True,"Common,Latin",False,False,,False,False,U+00A0 NO-BREAK SPACE; U+00A0 NO-BREAK SPACE
markrogoyski__math-php,markrogoyski__math-php/tests/Arithmetic/ArithmeticAxiomsTest.php,165,other,False,test_code,T_VARIABLE,2,ˣ,cba3,1,True,True,True,,True,Other,False,False,,False,False,
markrogoyski__math-php,markrogoyski__math-php/tests/Arithmetic/ArithmeticAxiomsTest.php,167,other,False,test_code,T_VARIABLE,2,nˣ,6ecba3,2,True,True,True,,True,"Latin,Other",False,True,,False,False,
markrogoyski__math-php,markrogoyski__math-php/tests/Arithmetic/ArithmeticAxiomsTest.php,170,other,False,test_code,T_VARIABLE,2,nˣ mod n,6ecba3c2a06d6f64c2a06e,8,True,False,False,U+00A0 NO-BREAK SPACE; U+00A0 NO-BREAK SPACE,True,"Common,Latin,Other",False,True,,False,False,U+00A0 NO-BREAK SPACE; U+00A0 NO-BREAK SPACE
markrogoyski__math-php,markrogoyski__math-php/tests/Arithmetic/ArithmeticAxiomsTest.php,188,other,False,test_code,T_VARIABLE,2,⟦⟮−a mod n⟯ ＋ ⟮a mod n⟯⟧ mod n,e29fa6e29faee2889261c2a06d6f64c2a06ee29fafc2a0efbc8bc2a0e29fae61c2a06d6f64c2a06ee29fafe29fa7c2a06d6f64c2a06e,30,True,False,False,U+00A0 NO-BREAK SPACE; U+00A0 NO-BREAK SPACE; U+00A0 NO-BREAK SPACE; U+00A0 NO-BREAK SPACE; U+00A0 NO-BREAK SPACE; U+00A0 NO-BREAK SPACE; U+00A0 NO-BREAK SPACE; U+00A0 NO-BREAK SPACE,True,"Common,Latin,Other",False,True,,False,False,U+27E6 MATHEMATICAL LEFT WHITE SQUARE BRACKET; U+27EE MATHEMATICAL LEFT FLATTENED PARENTHESIS; U+2212 MINUS SIGN; U+00A0 NO-BREAK SPACE; U+00A0 NO-BREAK SPACE; U+27EF MATHEMATICAL RIGHT FLATTENED PARENTHESIS; U+00A0 NO-BREAK SPACE; U+FF0B FULLWIDTH PLUS SIGN; U+00A0 NO-BREAK SPACE; U+27EE MATHEMATICAL LEFT FLATTENED PARENTHESIS; U+00A0 NO-BREAK SPACE; U+00A0 NO-BREAK SPACE; U+27EF MATHEMATICAL RIGHT FLATTENED PARENTHESIS; U+27E7 MATHEMATICAL RIGHT WHITE SQUARE BRACKET; U+00A0 NO-BREAK SPACE; U+00A0 NO-BREAK SPACE
markrogoyski__math-php,markrogoyski__math-php/tests/Arithmetic/ArithmeticAxiomsTest.php,210,other,False,test_code,T_VARIABLE,2,⟮a ＋ b⟯ mod n,e29fae61c2a0efbc8bc2a062e29fafc2a06d6f64c2a06e,13,True,False,False,U+00A0 NO-BREAK SPACE; U+00A0 NO-BREAK SPACE; U+00A0 NO-BREAK SPACE; U+00A0 NO-BREAK SPACE,True,"Common,Latin,Other",False,True,,False,False,U+27EE MATHEMATICAL LEFT FLATTENED PARENTHESIS; U+00A0 NO-BREAK SPACE; U+FF0B FULLWIDTH PLUS SIGN; U+00A0 NO-BREAK SPACE; U+27EF MATHEMATICAL RIGHT FLATTENED PARENTHESIS; U+00A0 NO-BREAK SPACE; U+00A0 NO-BREAK SPACE
markrogoyski__math-php,markrogoyski__math-php/tests/Arithmetic/ArithmeticAxiomsTest.php,211,other,False,test_code,T_VARIABLE,2,⟦⟮a mod n⟯ ＋ ⟮b mod n⟧⟯ mod n,e29fa6e29fae61c2a06d6f64c2a06ee29fafc2a0efbc8bc2a0e29fae62c2a06d6f64c2a06ee29fa7e29fafc2a06d6f64c2a06e,29,True,False,False,U+00A0 NO-BREAK SPACE; U+00A0 NO-BREAK SPACE; U+00A0 NO-BREAK SPACE; U+00A0 NO-BREAK SPACE; U+00A0 NO-BREAK SPACE; U+00A0 NO-BREAK SPACE; U+00A0 NO-BREAK SPACE; U+00A0 NO-BREAK SPACE,True,"Common,Latin,Other",False,True,,False,False,U+27E6 MATHEMATICAL LEFT WHITE SQUARE BRACKET; U+27EE MATHEMATICAL LEFT FLATTENED PARENTHESIS; U+00A0 NO-BREAK SPACE; U+00A0 NO-BREAK SPACE; U+27EF MATHEMATICAL RIGHT FLATTENED PARENTHESIS; U+00A0 NO-BREAK SPACE; U+FF0B FULLWIDTH PLUS SIGN; U+00A0 NO-BREAK SPACE; U+27EE MATHEMATICAL LEFT FLATTENED PARENTHESIS; U+00A0 NO-BREAK SPACE; U+00A0 NO-BREAK SPACE; U+27E7 MATHEMATICAL RIGHT WHITE SQUARE BRACKET; U+27EF MATHEMATICAL RIGHT FLATTENED PARENTHESIS; U+00A0 NO-BREAK SPACE; U+00A0 NO-BREAK SPACE
markrogoyski__math-php,markrogoyski__math-php/tests/Arithmetic/ArithmeticAxiomsTest.php,234,other,False,test_code,T_VARIABLE,2,ab mod n,6162c2a06d6f64c2a06e,8,True,False,False,U+00A0 NO-BREAK SPACE; U+00A0 NO-BREAK SPACE,True,"Common,Latin",False,False,,False,False,U+00A0 NO-BREAK SPACE; U+00A0 NO-BREAK SPACE
markrogoyski__math-php,markrogoyski__math-php/tests/Arithmetic/ArithmeticAxiomsTest.php,235,other,False,test_code,T_VARIABLE,2,⟦⟮a mod n⟯⟮b mod n⟧⟯ mod n,e29fa6e29fae61c2a06d6f64c2a06ee29fafe29fae62c2a06d6f64c2a06ee29fa7e29fafc2a06d6f64c2a06e,26,True,False,False,U+00A0 NO-BREAK SPACE; U+00A0 NO-BREAK SPACE; U+00A0 NO-BREAK SPACE; U+00A0 NO-BREAK SPACE; U+00A0 NO-BREAK SPACE; U+00A0 NO-BREAK SPACE,True,"Common,Latin,Other",False,True,,False,False,U+27E6 MATHEMATICAL LEFT WHITE SQUARE BRACKET; U+27EE MATHEMATICAL LEFT FLATTENED PARENTHESIS; U+00A0 NO-BREAK SPACE; U+00A0 NO-BREAK SPACE; U+27EF MATHEMATICAL RIGHT FLATTENED PARENTHESIS; U+27EE MATHEMATICAL LEFT FLATTENED PARENTHESIS; U+00A0 NO-BREAK SPACE; U+00A0 NO-BREAK SPACE; U+27E7 MATHEMATICAL RIGHT WHITE SQUARE BRACKET; U+27EF MATHEMATICAL RIGHT FLATTENED PARENTHESIS; U+00A0 NO-BREAK SPACE; U+00A0 NO-BREAK SPACE
markrogoyski__math-php,markrogoyski__math-php/tests/Arithmetic/ArithmeticAxiomsTest.php,258,other,False,test_code,T_VARIABLE,2,c⟮x mod y⟯,63e29fae78c2a06d6f64c2a079e29faf,10,True,False,False,U+00A0 NO-BREAK SPACE; U+00A0 NO-BREAK SPACE,True,"Common,Latin,Other",False,True,,False,False,U+27EE MATHEMATICAL LEFT FLATTENED PARENTHESIS; U+00A0 NO-BREAK SPACE; U+00A0 NO-BREAK SPACE; U+27EF MATHEMATICAL RIGHT FLATTENED PARENTHESIS
markrogoyski__math-php,markrogoyski__math-php/tests/Arithmetic/ArithmeticAxiomsTest.php,259,other,False,test_code,T_VARIABLE,2,⟮cx⟯ mod ⟮cy⟯,e29fae6378e29fafc2a06d6f64c2a0e29fae6379e29faf,13,True,False,False,U+00A0 NO-BREAK SPACE; U+00A0 NO-BREAK SPACE,True,"Common,Latin,Other",False,True,,False,False,U+27EE MATHEMATICAL LEFT FLATTENED PARENTHESIS; U+27EF MATHEMATICAL RIGHT FLATTENED PARENTHESIS; U+00A0 NO-BREAK SPACE; U+00A0 NO-BREAK SPACE; U+27EE MATHEMATICAL LEFT FLATTENED PARENTHESIS; U+27EF MATHEMATICAL RIGHT FLATTENED PARENTHESIS
markrogoyski__math-php,markrogoyski__math-php/tests/Expression/PolynomialAxiomsTest.php,52,other,False,test_code,T_VARIABLE,5,a＋b,61efbc8b62,3,True,False,False,,True,"Latin,Other",False,True,,False,False,U+FF0B FULLWIDTH PLUS SIGN
markrogoyski__math-php,markrogoyski__math-php/tests/Expression/PolynomialAxiomsTest.php,53,other,False,test_code,T_VARIABLE,3,b＋a,62efbc8b61,3,True,False,False,,True,"Latin,Other",False,True,,False,False,U+FF0B FULLWIDTH PLUS SIGN
markrogoyski__math-php,markrogoyski__math-php/tests/Expression/PolynomialAxiomsTest.php,100,other,False,test_code,T_VARIABLE,3,a ＋ ⟮b ＋ c⟯,61c2a0efbc8bc2a0e29fae62c2a0efbc8bc2a063e29faf,11,True,False,False,U+00A0 NO-BREAK SPACE; U+00A0 NO-BREAK SPACE; U+00A0 NO-BREAK SPACE; U+00A0 NO-BREAK SPACE,True,"Common,Latin,Other",False,True,,False,False,U+00A0 NO-BREAK SPACE; U+FF0B FULLWIDTH PLUS SIGN; U+00A0 NO-BREAK SPACE; U+27EE MATHEMATICAL LEFT FLATTENED PARENTHESIS; U+00A0 NO-BREAK SPACE; U+FF0B FULLWIDTH PLUS SIGN; U+00A0 NO-BREAK SPACE; U+27EF MATHEMATICAL RIGHT FLATTENED PARENTHESIS
markrogoyski__math-php,markrogoyski__math-php/tests/Expression/PolynomialAxiomsTest.php,101,other,False,test_code,T_VARIABLE,3,⟮a ＋ b⟯ ＋ c,e29fae61c2a0efbc8bc2a062e29fafc2a0efbc8bc2a063,11,True,False,False,U+00A0 NO-BREAK SPACE; U+00A0 NO-BREAK SPACE; U+00A0 NO-BREAK SPACE; U+00A0 NO-BREAK SPACE,True,"Common,Latin,Other",False,True,,False,False,U+27EE MATHEMATICAL LEFT FLATTENED PARENTHESIS; U+00A0 NO-BREAK SPACE; U+FF0B FULLWIDTH PLUS SIGN; U+00A0 NO-BREAK SPACE; U+27EF MATHEMATICAL RIGHT FLATTENED PARENTHESIS; U+00A0 NO-BREAK SPACE; U+FF0B FULLWIDTH PLUS SIGN; U+00A0 NO-BREAK SPACE
markrogoyski__math-php,markrogoyski__math-php/tests/Expression/PolynomialAxiomsTest.php,125,other,False,test_code,T_VARIABLE,3,a⟮bc⟯,61e29fae6263e29faf,5,True,False,False,,True,"Latin,Other",False,True,,False,False,U+27EE MATHEMATICAL LEFT FLATTENED PARENTHESIS; U+27EF MATHEMATICAL RIGHT FLATTENED PARENTHESIS
markrogoyski__math-php,markrogoyski__math-php/tests/Expression/PolynomialAxiomsTest.php,126,other,False,test_code,T_VARIABLE,3,⟮ab⟯c,e29fae6162e29faf63,5,True,False,False,,True,"Latin,Other",False,True,,False,False,U+27EE MATHEMATICAL LEFT FLATTENED PARENTHESIS; U+27EF MATHEMATICAL RIGHT FLATTENED PARENTHESIS
markrogoyski__math-php,markrogoyski__math-php/tests/Expression/PolynomialAxiomsTest.php,150,other,False,test_code,T_VARIABLE,3,a⟮b ＋ c⟯,61e29fae62c2a0efbc8bc2a063e29faf,8,True,False,False,U+00A0 NO-BREAK SPACE; U+00A0 NO-BREAK SPACE,True,"Common,Latin,Other",False,True,,False,False,U+27EE MATHEMATICAL LEFT FLATTENED PARENTHESIS; U+00A0 NO-BREAK SPACE; U+FF0B FULLWIDTH PLUS SIGN; U+00A0 NO-BREAK SPACE; U+27EF MATHEMATICAL RIGHT FLATTENED PARENTHESIS
markrogoyski__math-php,markrogoyski__math-php/tests/Expression/PolynomialAxiomsTest.php,151,other,False,test_code,T_VARIABLE,3,⟮ab⟯ ＋ ⟮ac⟯,e29fae6162e29fafc2a0efbc8bc2a0e29fae6163e29faf,11,True,False,False,U+00A0 NO-BREAK SPACE; U+00A0 NO-BREAK SPACE,True,"Common,Latin,Other",False,True,,False,False,U+27EE MATHEMATICAL LEFT FLATTENED PARENTHESIS; U+27EF MATHEMATICAL RIGHT FLATTENED PARENTHESIS; U+00A0 NO-BREAK SPACE; U+FF0B FULLWIDTH PLUS SIGN; U+00A0 NO-BREAK SPACE; U+27EE MATHEMATICAL LEFT FLATTENED PARENTHESIS; U+27EF MATHEMATICAL RIGHT FLATTENED PARENTHESIS
markrogoyski__math-php,markrogoyski__math-php/tests/Expression/PolynomialAxiomsTest.php,175,other,False,test_code,T_VARIABLE,3,⟮a ＋ b⟯c,e29fae61c2a0efbc8bc2a062e29faf63,8,True,False,False,U+00A0 NO-BREAK SPACE; U+00A0 NO-BREAK SPACE,True,"Common,Latin,Other",False,True,,False,False,U+27EE MATHEMATICAL LEFT FLATTENED PARENTHESIS; U+00A0 NO-BREAK SPACE; U+FF0B FULLWIDTH PLUS SIGN; U+00A0 NO-BREAK SPACE; U+27EF MATHEMATICAL RIGHT FLATTENED PARENTHESIS
markrogoyski__math-php,markrogoyski__math-php/tests/Expression/PolynomialAxiomsTest.php,176,other,False,test_code,T_VARIABLE,3,⟮ac⟯ ＋ ⟮bc⟯,e29fae6163e29fafc2a0efbc8bc2a0e29fae6263e29faf,11,True,False,False,U+00A0 NO-BREAK SPACE; U+00A0 NO-BREAK SPACE,True,"Common,Latin,Other",False,True,,False,False,U+27EE MATHEMATICAL LEFT FLATTENED PARENTHESIS; U+27EF MATHEMATICAL RIGHT FLATTENED PARENTHESIS; U+00A0 NO-BREAK SPACE; U+FF0B FULLWIDTH PLUS SIGN; U+00A0 NO-BREAK SPACE; U+27EE MATHEMATICAL LEFT FLATTENED PARENTHESIS; U+27EF MATHEMATICAL RIGHT FLATTENED PARENTHESIS
markrogoyski__math-php,markrogoyski__math-php/tests/Expression/PolynomialAxiomsTest.php,197,other,False,test_code,T_VARIABLE,3,a＋0,61efbc8b30,3,True,False,False,,True,"Common,Latin,Other",False,True,,False,False,U+FF0B FULLWIDTH PLUS SIGN
markrogoyski__math-php,markrogoyski__math-php/tests/Expression/PolynomialAxiomsTest.php,198,other,False,test_code,T_VARIABLE,3,zero＋a,7a65726fefbc8b61,6,True,False,False,,True,"Latin,Other",False,True,,False,False,U+FF0B FULLWIDTH PLUS SIGN
markrogoyski__math-php,markrogoyski__math-php/tests/Expression/PolynomialAxiomsTest.php,223,other,False,test_code,T_VARIABLE,3,a✕0,61e29c9530,3,True,False,False,,True,"Common,Latin,Other",False,True,,False,False,U+2715 MULTIPLICATION X
markrogoyski__math-php,markrogoyski__math-php/tests/Expression/PolynomialAxiomsTest.php,224,other,False,test_code,T_VARIABLE,3,zero✕a,7a65726fe29c9561,6,True,False,False,,True,"Latin,Other",False,True,,False,False,U+2715 MULTIPLICATION X
markrogoyski__math-php,markrogoyski__math-php/tests/Expression/PolynomialAxiomsTest.php,248,other,False,test_code,T_VARIABLE,3,−a,e2889261,2,True,False,False,,True,"Latin,Other",False,True,,False,False,U+2212 MINUS SIGN
markrogoyski__math-php,markrogoyski__math-php/tests/Expression/PolynomialAxiomsTest.php,249,other,False,test_code,T_VARIABLE,3,a⟮−1⟯,61e29faee2889231e29faf,5,True,False,False,,True,"Common,Latin,Other",False,True,,False,False,U+27EE MATHEMATICAL LEFT FLATTENED PARENTHESIS; U+2212 MINUS SIGN; U+27EF MATHEMATICAL RIGHT FLATTENED PARENTHESIS
markrogoyski__math-php,markrogoyski__math-php/tests/Functions/SupportTest.php,392,other,False,test_code,T_VARIABLE,16,ε,ceb5,1,True,True,True,,True,Greek,False,False,,False,False,
markrogoyski__math-php,markrogoyski__math-php/tests/Functions/Special/GammaTest.php,17,other,False,test_code,T_VARIABLE,13,Γ,ce93,1,True,True,True,,True,Greek,False,False,,True,False,
markrogoyski__math-php,markrogoyski__math-php/tests/Functions/Special/GammaTest.php,570,other,False,test_code,T_VARIABLE,2,∏,e2888f,1,True,False,False,,True,Other,False,False,,False,False,U+220F N-ARY PRODUCT
markrogoyski__math-php,markrogoyski__math-php/tests/Functions/Special/ErrorFunctionTest.php,684,other,False,test_code,T_VARIABLE,2,∑,e28891,1,True,False,False,,True,Other,False,False,,False,False,U+2211 N-ARY SUMMATION
markrogoyski__math-php,markrogoyski__math-php/tests/Functions/Special/BetaTest.php,22,other,False,test_code,T_VARIABLE,2,β,ceb2,1,True,True,True,,True,Greek,False,False,,False,False,
markrogoyski__math-php,markrogoyski__math-php/tests/Functions/Special/BetaTest.php,22,static_member,False,test_code,T_STRING,1,β,ceb2,1,True,True,True,,True,Greek,False,False,,False,False,
markrogoyski__math-php,markrogoyski__math-php/tests/Functions/Special/BetaTest.php,492,other,False,test_code,T_VARIABLE,2,∑,e28891,1,True,False,False,,True,Other,False,False,,False,False,U+2211 N-ARY SUMMATION
markrogoyski__math-php,markrogoyski__math-php/tests/Functions/Special/ExtendedBesselTest.php,389,other,False,test_code,T_VARIABLE,7,Jₙ,4ae28299,2,True,True,True,,True,Latin,False,False,,False,False,
markrogoyski__math-php,markrogoyski__math-php/tests/Functions/Special/ExtendedBesselTest.php,390,other,False,test_code,T_VARIABLE,2,Jₙ₋₁,4ae28299e2828be28281,4,True,False,False,,True,"Latin,Other",False,True,,False,False,U+208B SUBSCRIPT MINUS; U+2081 SUBSCRIPT ONE
markrogoyski__math-php,markrogoyski__math-php/tests/Functions/Special/ExtendedBesselTest.php,391,other,False,test_code,T_VARIABLE,2,Yₙ,59e28299,2,True,True,True,,True,Latin,False,False,,False,False,
markrogoyski__math-php,markrogoyski__math-php/tests/Functions/Special/ExtendedBesselTest.php,392,other,False,test_code,T_VARIABLE,2,Yₙ₋₁,59e28299e2828be28281,4,True,False,False,,True,"Latin,Other",False,True,,False,False,U+208B SUBSCRIPT MINUS; U+2081 SUBSCRIPT ONE
markrogoyski__math-php,markrogoyski__math-php/tests/Functions/Special/ExtendedBesselTest.php,561,other,False,test_code,T_VARIABLE,2,J₋ₙ,4ae2828be28299,3,True,False,False,,True,"Latin,Other",False,True,,False,False,U+208B SUBSCRIPT MINUS
markrogoyski__math-php,markrogoyski__math-php/tests/Functions/Special/ExtendedBesselTest.php,608,other,False,test_code,T_VARIABLE,5,Iₙ,49e28299,2,True,True,True,,True,Latin,False,False,,False,False,
markrogoyski__math-php,markrogoyski__math-php/tests/Functions/Special/ExtendedBesselTest.php,609,other,False,test_code,T_VARIABLE,2,I₋ₙ,49e2828be28299,3,True,False,False,,True,"Latin,Other",False,True,,False,False,U+208B SUBSCRIPT MINUS
markrogoyski__math-php,markrogoyski__math-php/tests/Functions/Special/ExtendedBesselTest.php,908,other,False,test_code,T_VARIABLE,3,∑_Jₖ²,e288915f4ae28296c2b2,5,True,False,False,,True,"Common,Latin,Other",False,True,,False,False,U+2211 N-ARY SUMMATION; U+00B2 SUPERSCRIPT TWO
markrogoyski__math-php,markrogoyski__math-php/tests/Functions/Special/PolynomialTest.php,431,other,False,test_code,T_VARIABLE,2,Pₙ₋₁,50e28299e2828be28281,4,True,False,False,,True,"Latin,Other",False,True,,False,False,U+208B SUBSCRIPT MINUS; U+2081 SUBSCRIPT ONE
markrogoyski__math-php,markrogoyski__math-php/tests/Functions/Special/PolynomialTest.php,432,other,False,test_code,T_VARIABLE,2,Pₙ,50e28299,2,True,True,True,,True,Latin,False,False,,False,False,
markrogoyski__math-php,markrogoyski__math-php/tests/Functions/Special/PolynomialTest.php,433,other,False,test_code,T_VARIABLE,2,Pₙ₊₁,50e28299e2828ae28281,4,True,False,False,,True,"Latin,Other",False,True,,False,False,U+208A SUBSCRIPT PLUS SIGN; U+2081 SUBSCRIPT ONE
markrogoyski__math-php,markrogoyski__math-php/tests/Functions/Special/PolynomialTest.php,480,other,False,test_code,T_VARIABLE,2,Tₙ₋₁,54e28299e2828be28281,4,True,False,False,,True,"Latin,Other",False,True,,False,False,U+208B SUBSCRIPT MINUS; U+2081 SUBSCRIPT ONE
markrogoyski__math-php,markrogoyski__math-php/tests/Functions/Special/PolynomialTest.php,481,other,False,test_code,T_VARIABLE,2,Tₙ,54e28299,2,True,True,True,,True,Latin,False,False,,False,False,
markrogoyski__math-php,markrogoyski__math-php/tests/Functions/Special/PolynomialTest.php,482,other,False,test_code,T_VARIABLE,2,Tₙ₊₁,54e28299e2828ae28281,4,True,False,False,,True,"Latin,Other",False,True,,False,False,U+208A SUBSCRIPT PLUS SIGN; U+2081 SUBSCRIPT ONE
markrogoyski__math-php,markrogoyski__math-php/tests/Functions/Special/PolynomialTest.php,526,other,False,test_code,T_VARIABLE,2,Uₙ₋₁,55e28299e2828be28281,4,True,False,False,,True,"Latin,Other",False,True,,False,False,U+208B SUBSCRIPT MINUS; U+2081 SUBSCRIPT ONE
markrogoyski__math-php,markrogoyski__math-php/tests/Functions/Special/PolynomialTest.php,527,other,False,test_code,T_VARIABLE,2,Uₙ,55e28299,2,True,True,True,,True,Latin,False,False,,False,False,
markrogoyski__math-php,markrogoyski__math-php/tests/Functions/Special/PolynomialTest.php,528,other,False,test_code,T_VARIABLE,2,Uₙ₊₁,55e28299e2828ae28281,4,True,False,False,,True,"Latin,Other",False,True,,False,False,U+208A SUBSCRIPT PLUS SIGN; U+2081 SUBSCRIPT ONE
markrogoyski__math-php,markrogoyski__math-php/tests/Functions/Special/PolynomialTest.php,567,other,False,test_code,T_VARIABLE,2,Hₙ₋₁,48e28299e2828be28281,4,True,False,False,,True,"Latin,Other",False,True,,False,False,U+208B SUBSCRIPT MINUS; U+2081 SUBSCRIPT ONE
markrogoyski__math-php,markrogoyski__math-php/tests/Functions/Special/PolynomialTest.php,568,other,False,test_code,T_VARIABLE,2,Hₙ,48e28299,2,True,True,True,,True,Latin,False,False,,False,False,
markrogoyski__math-php,markrogoyski__math-php/tests/Functions/Special/PolynomialTest.php,569,other,False,test_code,T_VARIABLE,2,Hₙ₊₁,48e28299e2828ae28281,4,True,False,False,,True,"Latin,Other",False,True,,False,False,U+208A SUBSCRIPT PLUS SIGN; U+2081 SUBSCRIPT ONE
markrogoyski__math-php,markrogoyski__math-php/tests/Functions/Special/PolynomialTest.php,613,other,False,test_code,T_VARIABLE,2,Lₙ₋₁,4ce28299e2828be28281,4,True,False,False,,True,"Latin,Other",False,True,,False,False,U+208B SUBSCRIPT MINUS; U+2081 SUBSCRIPT ONE
markrogoyski__math-php,markrogoyski__math-php/tests/Functions/Special/PolynomialTest.php,614,other,False,test_code,T_VARIABLE,2,Lₙ,4ce28299,2,True,True,True,,True,Latin,False,False,,False,False,
markrogoyski__math-php,markrogoyski__math-php/tests/Functions/Special/PolynomialTest.php,615,other,False,test_code,T_VARIABLE,2,Lₙ₊₁,4ce28299e2828ae28281,4,True,False,False,,True,"Latin,Other",False,True,,False,False,U+208A SUBSCRIPT PLUS SIGN; U+2081 SUBSCRIPT ONE
markrogoyski__math-php,markrogoyski__math-php/tests/Functions/Special/BesselTest.php,1111,other,False,test_code,T_VARIABLE,4,Jₙ₋₁,4ae28299e2828be28281,4,True,False,False,,True,"Latin,Other",False,True,,False,False,U+208B SUBSCRIPT MINUS; U+2081 SUBSCRIPT ONE
markrogoyski__math-php,markrogoyski__math-php/tests/Functions/Special/BesselTest.php,1112,other,False,test_code,T_VARIABLE,12,Jₙ,4ae28299,2,True,True,True,,True,Latin,False,False,,False,False,
markrogoyski__math-php,markrogoyski__math-php/tests/Functions/Special/BesselTest.php,1113,other,False,test_code,T_VARIABLE,6,Jₙ₊₁,4ae28299e2828ae28281,4,True,False,False,,True,"Latin,Other",False,True,,False,False,U+208A SUBSCRIPT PLUS SIGN; U+2081 SUBSCRIPT ONE
markrogoyski__math-php,markrogoyski__math-php/tests/Functions/Special/BesselTest.php,1159,other,False,test_code,T_VARIABLE,4,Yₙ₋₁,59e28299e2828be28281,4,True,False,False,,True,"Latin,Other",False,True,,False,False,U+208B SUBSCRIPT MINUS; U+2081 SUBSCRIPT ONE
markrogoyski__math-php,markrogoyski__math-php/tests/Functions/Special/BesselTest.php,1160,other,False,test_code,T_VARIABLE,12,Yₙ,59e28299,2,True,True,True,,True,Latin,False,False,,False,False,
markrogoyski__math-php,markrogoyski__math-php/tests/Functions/Special/BesselTest.php,1161,other,False,test_code,T_VARIABLE,6,Yₙ₊₁,59e28299e2828ae28281,4,True,False,False,,True,"Latin,Other",False,True,,False,False,U+208A SUBSCRIPT PLUS SIGN; U+2081 SUBSCRIPT ONE
markrogoyski__math-php,markrogoyski__math-php/tests/Functions/Special/BesselTest.php,1205,other,False,test_code,T_VARIABLE,4,Iᵥ₋₁,49e1b5a5e2828be28281,4,True,False,False,,True,"Latin,Other",False,True,,False,False,U+208B SUBSCRIPT MINUS; U+2081 SUBSCRIPT ONE
markrogoyski__math-php,markrogoyski__math-php/tests/Functions/Special/BesselTest.php,1206,other,False,test_code,T_VARIABLE,7,Iᵥ,49e1b5a5,2,True,True,True,,True,Latin,False,False,,False,False,
markrogoyski__math-php,markrogoyski__math-php/tests/Functions/Special/BesselTest.php,1207,other,False,test_code,T_VARIABLE,4,Iᵥ₊₁,49e1b5a5e2828ae28281,4,True,False,False,,True,"Latin,Other",False,True,,False,False,U+208A SUBSCRIPT PLUS SIGN; U+2081 SUBSCRIPT ONE
markrogoyski__math-php,markrogoyski__math-php/tests/Functions/Special/BesselTest.php,1251,other,False,test_code,T_VARIABLE,4,Kᵥ₋₁,4be1b5a5e2828be28281,4,True,False,False,,True,"Latin,Other",False,True,,False,False,U+208B SUBSCRIPT MINUS; U+2081 SUBSCRIPT ONE
markrogoyski__math-php,markrogoyski__math-php/tests/Functions/Special/BesselTest.php,1252,other,False,test_code,T_VARIABLE,4,Kᵥ,4be1b5a5,2,True,True,True,,True,Latin,False,False,,False,False,
markrogoyski__math-php,markrogoyski__math-php/tests/Functions/Special/BesselTest.php,1253,other,False,test_code,T_VARIABLE,4,Kᵥ₊₁,4be1b5a5e2828ae28281,4,True,False,False,,True,"Latin,Other",False,True,,False,False,U+208A SUBSCRIPT PLUS SIGN; U+2081 SUBSCRIPT ONE
markrogoyski__math-php,markrogoyski__math-php/tests/Functions/Special/BesselTest.php,1345,other,False,test_code,T_VARIABLE,2,I₋ᵥ,49e2828be1b5a5,3,True,False,False,,True,"Latin,Other",False,True,,False,False,U+208B SUBSCRIPT MINUS
markrogoyski__math-php,markrogoyski__math-php/tests/Functions/Special/BesselTest.php,1382,other,False,test_code,T_VARIABLE,2,∑,e28891,1,True,False,False,,True,Other,False,False,,False,False,U+2211 N-ARY SUMMATION
markrogoyski__math-php,markrogoyski__math-php/tests/Functions/Special/BesselTest.php,2061,other,False,test_code,T_VARIABLE,2,jₙ₋₁,6ae28299e2828be28281,4,True,False,False,,True,"Latin,Other",False,True,,False,False,U+208B SUBSCRIPT MINUS; U+2081 SUBSCRIPT ONE
markrogoyski__math-php,markrogoyski__math-php/tests/Functions/Special/BesselTest.php,2062,other,False,test_code,T_VARIABLE,2,jₙ₊₁,6ae28299e2828ae28281,4,True,False,False,,True,"Latin,Other",False,True,,False,False,U+208A SUBSCRIPT PLUS SIGN; U+2081 SUBSCRIPT ONE
markrogoyski__math-php,markrogoyski__math-php/tests/Functions/Special/BesselTest.php,2110,other,False,test_code,T_VARIABLE,2,yₙ₋₁,79e28299e2828be28281,4,True,False,False,,True,"Latin,Other",False,True,,False,False,U+208B SUBSCRIPT MINUS; U+2081 SUBSCRIPT ONE
markrogoyski__math-php,markrogoyski__math-php/tests/Functions/Special/BesselTest.php,2111,other,False,test_code,T_VARIABLE,2,yₙ₊₁,79e28299e2828ae28281,4,True,False,False,,True,"Latin,Other",False,True,,False,False,U+208A SUBSCRIPT PLUS SIGN; U+2081 SUBSCRIPT ONE
markrogoyski__math-php,markrogoyski__math-php/tests/Functions/Special/BesselTest.php,2152,other,False,test_code,T_VARIABLE,2,Iₙ₋₁,49e28299e2828be28281,4,True,False,False,,True,"Latin,Other",False,True,,False,False,U+208B SUBSCRIPT MINUS; U+2081 SUBSCRIPT ONE
markrogoyski__math-php,markrogoyski__math-php/tests/Functions/Special/BesselTest.php,2153,other,False,test_code,T_VARIABLE,2,Iₙ₊₁,49e28299e2828ae28281,4,True,False,False,,True,"Latin,Other",False,True,,False,False,U+208A SUBSCRIPT PLUS SIGN; U+2081 SUBSCRIPT ONE
markrogoyski__math-php,markrogoyski__math-php/tests/Functions/Special/BesselTest.php,2194,other,False,test_code,T_VARIABLE,2,kₙ₋₁,6be28299e2828be28281,4,True,False,False,,True,"Latin,Other",False,True,,False,False,U+208B SUBSCRIPT MINUS; U+2081 SUBSCRIPT ONE
markrogoyski__math-php,markrogoyski__math-php/tests/Functions/Special/BesselTest.php,2195,other,False,test_code,T_VARIABLE,2,kₙ₊₁,6be28299e2828ae28281,4,True,False,False,,True,"Latin,Other",False,True,,False,False,U+208A SUBSCRIPT PLUS SIGN; U+2081 SUBSCRIPT ONE
markrogoyski__math-php,markrogoyski__math-php/tests/Functions/Special/MiscSpecialTest.php,53,other,False,test_code,T_VARIABLE,2,x₀,78e28280,2,True,False,False,,True,"Latin,Other",False,True,,False,False,U+2080 SUBSCRIPT ZERO
markrogoyski__math-php,markrogoyski__math-php/tests/Functions/Special/MiscSpecialTest.php,191,other,False,test_code,T_VARIABLE,2,𝐳,f09d90b3,1,True,True,True,,True,Other,False,False,,False,False,
markrogoyski__math-php,markrogoyski__math-php/tests/Functions/Special/MiscSpecialTest.php,194,other,False,test_code,T_VARIABLE,3,σ⟮𝐳⟯ⱼ,cf83e29faef09d90b3e29fafe2b1bc,5,True,False,False,,True,"Greek,Latin,Other",True,True,,False,False,U+27EE MATHEMATICAL LEFT FLATTENED PARENTHESIS; U+27EF MATHEMATICAL RIGHT FLATTENED PARENTHESIS
markrogoyski__math-php,markrogoyski__math-php/tests/Functions/Special/MiscSpecialTest.php,361,other,False,test_code,T_VARIABLE,2,∑,e28891,1,True,False,False,,True,Other,False,False,,False,False,U+2211 N-ARY SUMMATION
markrogoyski__math-php,markrogoyski__math-php/tests/Algebra/AlgebraTest.php,525,other,False,test_code,T_VARIABLE,13,z₁,7ae28281,2,True,False,False,,True,"Latin,Other",False,True,,False,False,U+2081 SUBSCRIPT ONE
markrogoyski__math-php,markrogoyski__math-php/tests/Algebra/AlgebraTest.php,525,other,False,test_code,T_VARIABLE,15,z₂,7ae28282,2,True,False,False,,True,"Latin,Other",False,True,,False,False,U+2082 SUBSCRIPT TWO
markrogoyski__math-php,markrogoyski__math-php/tests/Algebra/AlgebraTest.php,525,other,False,test_code,T_VARIABLE,17,z₃,7ae28283,2,True,False,False,,True,"Latin,Other",False,True,,False,False,U+2083 SUBSCRIPT THREE
markrogoyski__math-php,markrogoyski__math-php/tests/Algebra/AlgebraTest.php,621,other,False,test_code,T_VARIABLE,2,a₂,61e28282,2,True,False,False,,True,"Latin,Other",False,True,,False,False,U+2082 SUBSCRIPT TWO
markrogoyski__math-php,markrogoyski__math-php/tests/Algebra/AlgebraTest.php,621,other,False,test_code,T_VARIABLE,2,a₁,61e28281,2,True,False,False,,True,"Latin,Other",False,True,,False,False,U+2081 SUBSCRIPT ONE
markrogoyski__math-php,markrogoyski__math-php/tests/Algebra/AlgebraTest.php,621,other,False,test_code,T_VARIABLE,2,a₀,61e28280,2,True,False,False,,True,"Latin,Other",False,True,,False,False,U+2080 SUBSCRIPT ZERO
markrogoyski__math-php,markrogoyski__math-php/tests/Algebra/AlgebraTest.php,624,other,False,test_code,T_VARIABLE,2,a₃,61e28283,2,True,False,False,,True,"Latin,Other",False,True,,False,False,U+2083 SUBSCRIPT THREE
markrogoyski__math-php,markrogoyski__math-php/tests/Algebra/AlgebraTest.php,702,other,False,test_code,T_VARIABLE,11,z₄,7ae28284,2,True,False,False,,True,"Latin,Other",False,True,,False,False,U+2084 SUBSCRIPT FOUR
markrogoyski__math-php,markrogoyski__math-php/tests/NumericalAnalysis/Interpolation/NewtonPolynomialForwardTest.php,116,other,False,test_code,T_VARIABLE,2,x₀,78e28280,2,True,False,False,,True,"Latin,Other",False,True,,False,False,U+2080 SUBSCRIPT ZERO
markrogoyski__math-php,markrogoyski__math-php/tests/NumericalAnalysis/Interpolation/NewtonPolynomialForwardTest.php,117,other,False,test_code,T_VARIABLE,2,x₁,78e28281,2,True,False,False,,True,"Latin,Other",False,True,,False,False,U+2081 SUBSCRIPT ONE
markrogoyski__math-php,markrogoyski__math-php/tests/NumericalAnalysis/Interpolation/NewtonPolynomialForwardTest.php,118,other,False,test_code,T_VARIABLE,2,x₂,78e28282,2,True,False,False,,True,"Latin,Other",False,True,,False,False,U+2082 SUBSCRIPT TWO
markrogoyski__math-php,markrogoyski__math-php/tests/NumericalAnalysis/Interpolation/NewtonPolynomialForwardTest.php,119,other,False,test_code,T_VARIABLE,2,x₃,78e28283,2,True,False,False,,True,"Latin,Other",False,True,,False,False,U+2083 SUBSCRIPT THREE
markrogoyski__math-php,markrogoyski__math-php/tests/NumericalAnalysis/Interpolation/LagrangePolynomialTest.php,118,other,False,test_code,T_VARIABLE,2,x₀,78e28280,2,True,False,False,,True,"Latin,Other",False,True,,False,False,U+2080 SUBSCRIPT ZERO
markrogoyski__math-php,markrogoyski__math-php/tests/NumericalAnalysis/Interpolation/LagrangePolynomialTest.php,119,other,False,test_code,T_VARIABLE,2,x₁,78e28281,2,True,False,False,,True,"Latin,Other",False,True,,False,False,U+2081 SUBSCRIPT ONE
markrogoyski__math-php,markrogoyski__math-php/tests/NumericalAnalysis/Interpolation/LagrangePolynomialTest.php,120,other,False,test_code,T_VARIABLE,2,x₂,78e28282,2,True,False,False,,True,"Latin,Other",False,True,,False,False,U+2082 SUBSCRIPT TWO
markrogoyski__math-php,markrogoyski__math-php/tests/NumericalAnalysis/Interpolation/LagrangePolynomialTest.php,121,other,False,test_code,T_VARIABLE,2,x₃,78e28283,2,True,False,False,,True,"Latin,Other",False,True,,False,False,U+2083 SUBSCRIPT THREE
markrogoyski__math-php,markrogoyski__math-php/tests/NumericalAnalysis/Interpolation/ClampedCubicSplineTest.php,66,other,False,test_code,T_VARIABLE,5,f’,66e28099,2,True,False,False,,True,"Latin,Other",False,True,,False,False,U+2019 RIGHT SINGLE QUOTATION MARK
markrogoyski__math-php,markrogoyski__math-php/tests/NumericalAnalysis/Interpolation/ClampedCubicSplineTest.php,108,other,False,test_code,T_VARIABLE,2,f⁽⁴⁾,66e281bde281b4e281be,4,True,False,False,,True,"Latin,Other",False,True,,False,False,U+207D SUPERSCRIPT LEFT PARENTHESIS; U+2074 SUPERSCRIPT FOUR; U+207E SUPERSCRIPT RIGHT PARENTHESIS
markrogoyski__math-php,markrogoyski__math-php/tests/NumericalAnalysis/Interpolation/NevillesMethodTest.php,113,other,False,test_code,T_VARIABLE,2,x₀,78e28280,2,True,False,False,,True,"Latin,Other",False,True,,False,False,U+2080 SUBSCRIPT ZERO
markrogoyski__math-php,markrogoyski__math-php/tests/NumericalAnalysis/Interpolation/NevillesMethodTest.php,114,other,False,test_code,T_VARIABLE,2,x₁,78e28281,2,True,False,False,,True,"Latin,Other",False,True,,False,False,U+2081 SUBSCRIPT ONE
markrogoyski__math-php,markrogoyski__math-php/tests/NumericalAnalysis/Interpolation/NevillesMethodTest.php,115,other,False,test_code,T_VARIABLE,2,x₂,78e28282,2,True,False,False,,True,"Latin,Other",False,True,,False,False,U+2082 SUBSCRIPT TWO
markrogoyski__math-php,markrogoyski__math-php/tests/NumericalAnalysis/Interpolation/NevillesMethodTest.php,116,other,False,test_code,T_VARIABLE,2,x₃,78e28283,2,True,False,False,,True,"Latin,Other",False,True,,False,False,U+2083 SUBSCRIPT THREE
markrogoyski__math-php,markrogoyski__math-php/tests/NumericalAnalysis/NumericalDifferentiation/SecondDerivativeMidpointFormulaTest.php,37,other,False,test_code,T_VARIABLE,7,f’’,66e28099e28099,3,True,False,False,,True,"Latin,Other",False,True,,False,False,U+2019 RIGHT SINGLE QUOTATION MARK; U+2019 RIGHT SINGLE QUOTATION MARK
markrogoyski__math-php,markrogoyski__math-php/tests/NumericalAnalysis/NumericalDifferentiation/ThreePointFormulaTest.php,43,other,False,test_code,T_VARIABLE,6,f’,66e28099,2,True,False,False,,True,"Latin,Other",False,True,,False,False,U+2019 RIGHT SINGLE QUOTATION MARK
markrogoyski__math-php,markrogoyski__math-php/tests/NumericalAnalysis/NumericalDifferentiation/FivePointFormulaTest.php,45,other,False,test_code,T_VARIABLE,6,f’,66e28099,2,True,False,False,,True,"Latin,Other",False,True,,False,False,U+2019 RIGHT SINGLE QUOTATION MARK
markrogoyski__math-php,markrogoyski__math-php/tests/NumericalAnalysis/RootFinding/SecantMethodTest.php,20,other,False,test_code,T_VARIABLE,14,p₀,70e28280,2,True,False,False,,True,"Latin,Other",False,True,,False,False,U+2080 SUBSCRIPT ZERO
markrogoyski__math-php,markrogoyski__math-php/tests/NumericalAnalysis/RootFinding/SecantMethodTest.php,20,other,False,test_code,T_VARIABLE,14,p₁,70e28281,2,True,False,False,,True,"Latin,Other",False,True,,False,False,U+2081 SUBSCRIPT ONE
markrogoyski__math-php,markrogoyski__math-php/tests/Number/QuaternionAxiomsTest.php,37,other,False,test_code,T_VARIABLE,7,z＋0,7aefbc8b30,3,True,False,False,,True,"Common,Latin,Other",False,True,,False,False,U+FF0B FULLWIDTH PLUS SIGN
markrogoyski__math-php,markrogoyski__math-php/tests/Number/QuaternionAxiomsTest.php,86,other,False,test_code,T_VARIABLE,5,a＋b,61efbc8b62,3,True,False,False,,True,"Latin,Other",False,True,,False,False,U+FF0B FULLWIDTH PLUS SIGN
markrogoyski__math-php,markrogoyski__math-php/tests/Number/QuaternionTest.php,192,other,False,test_code,T_VARIABLE,2,r₁,72e28281,2,True,False,False,,True,"Latin,Other",False,True,,False,False,U+2081 SUBSCRIPT ONE
markrogoyski__math-php,markrogoyski__math-php/tests/Number/QuaternionTest.php,192,other,False,test_code,T_VARIABLE,2,i₁,69e28281,2,True,False,False,,True,"Latin,Other",False,True,,False,False,U+2081 SUBSCRIPT ONE
markrogoyski__math-php,markrogoyski__math-php/tests/Number/QuaternionTest.php,192,other,False,test_code,T_VARIABLE,2,j₁,6ae28281,2,True,False,False,,True,"Latin,Other",False,True,,False,False,U+2081 SUBSCRIPT ONE
markrogoyski__math-php,markrogoyski__math-php/tests/Number/QuaternionTest.php,192,other,False,test_code,T_VARIABLE,2,k₁,6be28281,2,True,False,False,,True,"Latin,Other",False,True,,False,False,U+2081 SUBSCRIPT ONE
markrogoyski__math-php,markrogoyski__math-php/tests/Number/QuaternionTest.php,192,other,False,test_code,T_VARIABLE,2,r₂,72e28282,2,True,False,False,,True,"Latin,Other",False,True,,False,False,U+2082 SUBSCRIPT TWO
markrogoyski__math-php,markrogoyski__math-php/tests/Number/QuaternionTest.php,192,other,False,test_code,T_VARIABLE,2,i₂,69e28282,2,True,False,False,,True,"Latin,Other",False,True,,False,False,U+2082 SUBSCRIPT TWO
markrogoyski__math-php,markrogoyski__math-php/tests/Number/QuaternionTest.php,192,other,False,test_code,T_VARIABLE,2,j₂,6ae28282,2,True,False,False,,True,"Latin,Other",False,True,,False,False,U+2082 SUBSCRIPT TWO
markrogoyski__math-php,markrogoyski__math-php/tests/Number/QuaternionTest.php,192,other,False,test_code,T_VARIABLE,2,k₂,6be28282,2,True,False,False,,True,"Latin,Other",False,True,,False,False,U+2082 SUBSCRIPT TWO
markrogoyski__math-php,markrogoyski__math-php/tests/Number/ComplexAxiomsTest.php,41,other,False,test_code,T_VARIABLE,10,r₁,72e28281,2,True,False,False,,True,"Latin,Other",False,True,,False,False,U+2081 SUBSCRIPT ONE
markrogoyski__math-php,markrogoyski__math-php/tests/Number/ComplexAxiomsTest.php,41,other,False,test_code,T_VARIABLE,10,i₁,69e28281,2,True,False,False,,True,"Latin,Other",False,True,,False,False,U+2081 SUBSCRIPT ONE
markrogoyski__math-php,markrogoyski__math-php/tests/Number/ComplexAxiomsTest.php,41,other,False,test_code,T_VARIABLE,10,r₂,72e28282,2,True,False,False,,True,"Latin,Other",False,True,,False,False,U+2082 SUBSCRIPT TWO
markrogoyski__math-php,markrogoyski__math-php/tests/Number/ComplexAxiomsTest.php,41,other,False,test_code,T_VARIABLE,10,i₂,69e28282,2,True,False,False,,True,"Latin,Other",False,True,,False,False,U+2082 SUBSCRIPT TWO
markrogoyski__math-php,markrogoyski__math-php/tests/Number/ComplexAxiomsTest.php,48,other,False,test_code,T_VARIABLE,5,z＋w,7aefbc8b77,3,True,False,False,,True,"Latin,Other",False,True,,False,False,U+FF0B FULLWIDTH PLUS SIGN
markrogoyski__math-php,markrogoyski__math-php/tests/Number/ComplexAxiomsTest.php,49,other,False,test_code,T_VARIABLE,5,w＋z,77efbc8b7a,3,True,False,False,,True,"Latin,Other",False,True,,False,False,U+FF0B FULLWIDTH PLUS SIGN
markrogoyski__math-php,markrogoyski__math-php/tests/Number/ComplexAxiomsTest.php,95,other,False,test_code,T_VARIABLE,6,r₃,72e28283,2,True,False,False,,True,"Latin,Other",False,True,,False,False,U+2083 SUBSCRIPT THREE
markrogoyski__math-php,markrogoyski__math-php/tests/Number/ComplexAxiomsTest.php,95,other,False,test_code,T_VARIABLE,6,i₃,69e28283,2,True,False,False,,True,"Latin,Other",False,True,,False,False,U+2083 SUBSCRIPT THREE
markrogoyski__math-php,markrogoyski__math-php/tests/Number/ComplexAxiomsTest.php,103,other,False,test_code,T_VARIABLE,10,z⟮u ＋ v⟯,7ae29fae75c2a0efbc8bc2a076e29faf,8,True,False,False,U+00A0 NO-BREAK SPACE; U+00A0 NO-BREAK SPACE,True,"Common,Latin,Other",False,True,,False,False,U+27EE MATHEMATICAL LEFT FLATTENED PARENTHESIS; U+00A0 NO-BREAK SPACE; U+FF0B FULLWIDTH PLUS SIGN; U+00A0 NO-BREAK SPACE; U+27EF MATHEMATICAL RIGHT FLATTENED PARENTHESIS
markrogoyski__math-php,markrogoyski__math-php/tests/Number/ComplexAxiomsTest.php,104,other,False,test_code,T_VARIABLE,5,⟮z ＋ u⟯v,e29fae7ac2a0efbc8bc2a075e29faf76,8,True,False,False,U+00A0 NO-BREAK SPACE; U+00A0 NO-BREAK SPACE,True,"Common,Latin,Other",False,True,,False,False,U+27EE MATHEMATICAL LEFT FLATTENED PARENTHESIS; U+00A0 NO-BREAK SPACE; U+FF0B FULLWIDTH PLUS SIGN; U+00A0 NO-BREAK SPACE; U+27EF MATHEMATICAL RIGHT FLATTENED PARENTHESIS
markrogoyski__math-php,markrogoyski__math-php/tests/Number/ComplexAxiomsTest.php,132,other,False,test_code,T_VARIABLE,5,z⟮uv⟯,7ae29fae7576e29faf,5,True,False,False,,True,"Latin,Other",False,True,,False,False,U+27EE MATHEMATICAL LEFT FLATTENED PARENTHESIS; U+27EF MATHEMATICAL RIGHT FLATTENED PARENTHESIS
markrogoyski__math-php,markrogoyski__math-php/tests/Number/ComplexAxiomsTest.php,133,other,False,test_code,T_VARIABLE,5,⟮zu⟯v,e29fae7a75e29faf76,5,True,False,False,,True,"Latin,Other",False,True,,False,False,U+27EE MATHEMATICAL LEFT FLATTENED PARENTHESIS; U+27EF MATHEMATICAL RIGHT FLATTENED PARENTHESIS
markrogoyski__math-php,markrogoyski__math-php/tests/Number/ComplexAxiomsTest.php,162,other,False,test_code,T_VARIABLE,5,zu ＋ zv,7a75c2a0efbc8bc2a07a76,7,True,False,False,U+00A0 NO-BREAK SPACE; U+00A0 NO-BREAK SPACE,True,"Common,Latin,Other",False,True,,False,False,U+00A0 NO-BREAK SPACE; U+FF0B FULLWIDTH PLUS SIGN; U+00A0 NO-BREAK SPACE
markrogoyski__math-php,markrogoyski__math-php/tests/Number/ComplexAxiomsTest.php,184,other,False,test_code,T_VARIABLE,5,z＋0,7aefbc8b30,3,True,False,False,,True,"Common,Latin,Other",False,True,,False,False,U+FF0B FULLWIDTH PLUS SIGN
markrogoyski__math-php,markrogoyski__math-php/tests/Number/ComplexAxiomsTest.php,229,other,False,test_code,T_VARIABLE,3,a＋b,61efbc8b62,3,True,False,False,,True,"Latin,Other",False,True,,False,False,U+FF0B FULLWIDTH PLUS SIGN
markrogoyski__math-php,markrogoyski__math-php/tests/Number/ComplexTest.php,262,other,False,test_code,T_VARIABLE,3,z₁,7ae28281,2,True,False,False,,True,"Latin,Other",False,True,,False,False,U+2081 SUBSCRIPT ONE
markrogoyski__math-php,markrogoyski__math-php/tests/Number/ComplexTest.php,262,other,False,test_code,T_VARIABLE,3,z₂,7ae28282,2,True,False,False,,True,"Latin,Other",False,True,,False,False,U+2082 SUBSCRIPT TWO
markrogoyski__math-php,markrogoyski__math-php/tests/Number/ComplexTest.php,302,other,False,test_code,T_VARIABLE,4,r₁,72e28281,2,True,False,False,,True,"Latin,Other",False,True,,False,False,U+2081 SUBSCRIPT ONE
markrogoyski__math-php,markrogoyski__math-php/tests/Number/ComplexTest.php,302,other,False,test_code,T_VARIABLE,4,i₁,69e28281,2,True,False,False,,True,"Latin,Other",False,True,,False,False,U+2081 SUBSCRIPT ONE
markrogoyski__math-php,markrogoyski__math-php/tests/Number/ComplexTest.php,302,other,False,test_code,T_VARIABLE,4,r₂,72e28282,2,True,False,False,,True,"Latin,Other",False,True,,False,False,U+2082 SUBSCRIPT TWO
markrogoyski__math-php,markrogoyski__math-php/tests/Number/ComplexTest.php,302,other,False,test_code,T_VARIABLE,4,i₂,69e28282,2,True,False,False,,True,"Latin,Other",False,True,,False,False,U+2082 SUBSCRIPT TWO
markrogoyski__math-php,markrogoyski__math-php/tests/Number/ComplexTest.php,338,other,False,test_code,T_VARIABLE,2,expectedθ,6578706563746564ceb8,9,True,True,True,,True,"Greek,Latin",True,True,,False,False,
markrogoyski__math-php,markrogoyski__math-php/tests/Number/ComplexTest.php,344,other,False,test_code,T_VARIABLE,2,polarθ,706f6c6172ceb8,6,True,True,True,,True,"Greek,Latin",True,True,,False,False,
markrogoyski__math-php,markrogoyski__math-php/tests/LinearAlgebra/Vector/VectorNormsTest.php,19,other,False,test_code,T_VARIABLE,2,l₁norm,6ce282816e6f726d,6,True,False,False,,True,"Latin,Other",False,True,,False,False,U+2081 SUBSCRIPT ONE
markrogoyski__math-php,markrogoyski__math-php/tests/LinearAlgebra/Vector/VectorNormsTest.php,43,other,False,test_code,T_VARIABLE,2,l²norm,6cc2b26e6f726d,6,True,False,False,,True,"Latin,Other",False,True,,False,False,U+00B2 SUPERSCRIPT TWO
markrogoyski__math-php,markrogoyski__math-php/tests/LinearAlgebra/Vector/VectorAxiomsTest.php,66,other,False,test_code,T_VARIABLE,6,l₁norm,6ce282816e6f726d,6,True,False,False,,True,"Latin,Other",False,True,,False,False,U+2081 SUBSCRIPT ONE
markrogoyski__math-php,markrogoyski__math-php/tests/LinearAlgebra/Vector/VectorAxiomsTest.php,67,other,False,test_code,T_VARIABLE,7,l²norm,6cc2b26e6f726d,6,True,False,False,,True,"Latin,Other",False,True,,False,False,U+00B2 SUPERSCRIPT TWO
markrogoyski__math-php,markrogoyski__math-php/tests/LinearAlgebra/Vector/VectorAxiomsTest.php,68,other,False,test_code,T_VARIABLE,3,√nl²norm,e2889a6e6cc2b26e6f726d,8,True,False,False,,True,"Latin,Other",False,True,,False,False,U+221A SQUARE ROOT; U+00B2 SUPERSCRIPT TWO
markrogoyski__math-php,markrogoyski__math-php/tests/LinearAlgebra/Vector/VectorAxiomsTest.php,91,other,False,test_code,T_VARIABLE,6,√n_max_norm,e2889a6e5f6d61785f6e6f726d,11,True,False,False,,True,"Common,Latin,Other",False,True,,False,False,U+221A SQUARE ROOT
markrogoyski__math-php,markrogoyski__math-php/tests/LinearAlgebra/Vector/VectorAxiomsTest.php,148,other,False,test_code,T_VARIABLE,2,A⋅B,41e28b8542,3,True,False,False,,True,"Latin,Other",False,True,,False,False,U+22C5 DOT OPERATOR
markrogoyski__math-php,markrogoyski__math-php/tests/LinearAlgebra/Vector/VectorAxiomsTest.php,149,other,False,test_code,T_VARIABLE,2,B⋅A,42e28b8541,3,True,False,False,,True,"Latin,Other",False,True,,False,False,U+22C5 DOT OPERATOR
markrogoyski__math-php,markrogoyski__math-php/tests/LinearAlgebra/Vector/VectorAxiomsTest.php,193,other,False,test_code,T_VARIABLE,3,A⋅zero,41e28b857a65726f,6,True,False,False,,True,"Latin,Other",False,True,,False,False,U+22C5 DOT OPERATOR
markrogoyski__math-php,markrogoyski__math-php/tests/LinearAlgebra/Vector/VectorAxiomsTest.php,194,other,False,test_code,T_VARIABLE,3,zero⋅A,7a65726fe28b8541,6,True,False,False,,True,"Latin,Other",False,True,,False,False,U+22C5 DOT OPERATOR
markrogoyski__math-php,markrogoyski__math-php/tests/LinearAlgebra/Vector/VectorAxiomsTest.php,277,other,False,test_code,T_VARIABLE,3,Ax⟮B＋C⟯,4178e29fae42efbc8b43e29faf,7,True,False,False,,True,"Latin,Other",False,True,,False,False,U+27EE MATHEMATICAL LEFT FLATTENED PARENTHESIS; U+FF0B FULLWIDTH PLUS SIGN; U+27EF MATHEMATICAL RIGHT FLATTENED PARENTHESIS
markrogoyski__math-php,markrogoyski__math-php/tests/LinearAlgebra/Vector/VectorAxiomsTest.php,278,other,False,test_code,T_VARIABLE,3,⟮AxB⟯＋⟮AxC⟯,e29fae417842e29fafefbc8be29fae417843e29faf,11,True,False,False,,True,"Latin,Other",False,True,,False,False,U+27EE MATHEMATICAL LEFT FLATTENED PARENTHESIS; U+27EF MATHEMATICAL RIGHT FLATTENED PARENTHESIS; U+FF0B FULLWIDTH PLUS SIGN; U+27EE MATHEMATICAL LEFT FLATTENED PARENTHESIS; U+27EF MATHEMATICAL RIGHT FLATTENED PARENTHESIS
markrogoyski__math-php,markrogoyski__math-php/tests/LinearAlgebra/Vector/VectorAxiomsTest.php,438,other,False,test_code,T_VARIABLE,2,A⋅⟮BxC⟯,41e28b85e29fae427843e29faf,7,True,False,False,,True,"Latin,Other",False,True,,False,False,U+22C5 DOT OPERATOR; U+27EE MATHEMATICAL LEFT FLATTENED PARENTHESIS; U+27EF MATHEMATICAL RIGHT FLATTENED PARENTHESIS
markrogoyski__math-php,markrogoyski__math-php/tests/LinearAlgebra/Vector/VectorAxiomsTest.php,439,other,False,test_code,T_VARIABLE,2,⟮AxB⟯⋅C,e29fae417842e29fafe28b8543,7,True,False,False,,True,"Latin,Other",False,True,,False,False,U+27EE MATHEMATICAL LEFT FLATTENED PARENTHESIS; U+27EF MATHEMATICAL RIGHT FLATTENED PARENTHESIS; U+22C5 DOT OPERATOR
markrogoyski__math-php,markrogoyski__math-php/tests/LinearAlgebra/Vector/VectorAxiomsTest.php,458,other,False,test_code,T_VARIABLE,3,Ax⟮BxC⟯,4178e29fae427843e29faf,7,True,False,False,,True,"Latin,Other",False,True,,False,False,U+27EE MATHEMATICAL LEFT FLATTENED PARENTHESIS; U+27EF MATHEMATICAL RIGHT FLATTENED PARENTHESIS
markrogoyski__math-php,markrogoyski__math-php/tests/LinearAlgebra/Vector/VectorAxiomsTest.php,459,other,False,test_code,T_VARIABLE,2,⟮A⋅C⟯B,e29fae41e28b8543e29faf42,6,True,False,False,,True,"Latin,Other",False,True,,False,False,U+27EE MATHEMATICAL LEFT FLATTENED PARENTHESIS; U+22C5 DOT OPERATOR; U+27EF MATHEMATICAL RIGHT FLATTENED PARENTHESIS
markrogoyski__math-php,markrogoyski__math-php/tests/LinearAlgebra/Vector/VectorAxiomsTest.php,460,other,False,test_code,T_VARIABLE,2,⟮A⋅B⟯C,e29fae41e28b8542e29faf43,6,True,False,False,,True,"Latin,Other",False,True,,False,False,U+27EE MATHEMATICAL LEFT FLATTENED PARENTHESIS; U+22C5 DOT OPERATOR; U+27EF MATHEMATICAL RIGHT FLATTENED PARENTHESIS
markrogoyski__math-php,markrogoyski__math-php/tests/LinearAlgebra/Vector/VectorAxiomsTest.php,461,other,False,test_code,T_VARIABLE,3,⟮A⋅C⟯B−⟮A⋅B⟯C,e29fae41e28b8543e29faf42e28892e29fae41e28b8542e29faf43,13,True,False,False,,True,"Latin,Other",False,True,,False,False,U+27EE MATHEMATICAL LEFT FLATTENED PARENTHESIS; U+22C5 DOT OPERATOR; U+27EF MATHEMATICAL RIGHT FLATTENED PARENTHESIS; U+2212 MINUS SIGN; U+27EE MATHEMATICAL LEFT FLATTENED PARENTHESIS; U+22C5 DOT OPERATOR; U+27EF MATHEMATICAL RIGHT FLATTENED PARENTHESIS
markrogoyski__math-php,markrogoyski__math-php/tests/LinearAlgebra/Vector/VectorAxiomsTest.php,478,other,False,test_code,T_VARIABLE,4,A⨂B,41e2a88242,3,True,False,False,,True,"Latin,Other",False,True,,False,False,U+2A02 N-ARY CIRCLED TIMES OPERATOR
markrogoyski__math-php,markrogoyski__math-php/tests/LinearAlgebra/Vector/VectorAxiomsTest.php,482,other,False,test_code,T_VARIABLE,2,Bᵀ,42e1b580,2,True,True,True,,True,"Latin,Other",False,True,,False,False,
markrogoyski__math-php,markrogoyski__math-php/tests/LinearAlgebra/Vector/VectorAxiomsTest.php,485,other,False,test_code,T_VARIABLE,2,ABᵀ,4142e1b580,3,True,True,True,,True,"Latin,Other",False,True,,False,False,
markrogoyski__math-php,markrogoyski__math-php/tests/LinearAlgebra/Vector/VectorAxiomsTest.php,541,other,False,test_code,T_VARIABLE,3,⟮c＋d⟯A,e29fae63efbc8b64e29faf41,6,True,False,False,,True,"Latin,Other",False,True,,False,False,U+27EE MATHEMATICAL LEFT FLATTENED PARENTHESIS; U+FF0B FULLWIDTH PLUS SIGN; U+27EF MATHEMATICAL RIGHT FLATTENED PARENTHESIS
markrogoyski__math-php,markrogoyski__math-php/tests/LinearAlgebra/Vector/VectorAxiomsTest.php,542,other,False,test_code,T_VARIABLE,3,⟮cA＋dA⟯,e29fae6341efbc8b6441e29faf,7,True,False,False,,True,"Latin,Other",False,True,,False,False,U+27EE MATHEMATICAL LEFT FLATTENED PARENTHESIS; U+FF0B FULLWIDTH PLUS SIGN; U+27EF MATHEMATICAL RIGHT FLATTENED PARENTHESIS
markrogoyski__math-php,markrogoyski__math-php/tests/LinearAlgebra/Vector/VectorAxiomsTest.php,562,other,False,test_code,T_VARIABLE,3,c⟮A＋B⟯,63e29fae41efbc8b42e29faf,6,True,False,False,,True,"Latin,Other",False,True,,False,False,U+27EE MATHEMATICAL LEFT FLATTENED PARENTHESIS; U+FF0B FULLWIDTH PLUS SIGN; U+27EF MATHEMATICAL RIGHT FLATTENED PARENTHESIS
markrogoyski__math-php,markrogoyski__math-php/tests/LinearAlgebra/Vector/VectorAxiomsTest.php,563,other,False,test_code,T_VARIABLE,3,⟮cA＋cB⟯,e29fae6341efbc8b6342e29faf,7,True,False,False,,True,"Latin,Other",False,True,,False,False,U+27EE MATHEMATICAL LEFT FLATTENED PARENTHESIS; U+FF0B FULLWIDTH PLUS SIGN; U+27EF MATHEMATICAL RIGHT FLATTENED PARENTHESIS
markrogoyski__math-php,markrogoyski__math-php/tests/LinearAlgebra/Vector/VectorAxiomsTest.php,581,other,False,test_code,T_VARIABLE,3,１A,efbc9141,2,True,False,False,,True,"Common,Latin",False,False,,False,False,U+FF11 FULLWIDTH DIGIT ONE
markrogoyski__math-php,markrogoyski__math-php/tests/LinearAlgebra/Vector/VectorAxiomsTest.php,599,other,False,test_code,T_VARIABLE,3,０A,efbc9041,2,True,False,False,,True,"Common,Latin",False,False,,False,False,U+FF10 FULLWIDTH DIGIT ZERO
markrogoyski__math-php,markrogoyski__math-php/tests/LinearAlgebra/Vector/VectorAxiomsTest.php,618,other,False,test_code,T_VARIABLE,3,ーA,e383bc41,2,True,True,True,,True,"Latin,Other",False,True,,False,False,
markrogoyski__math-php,markrogoyski__math-php/tests/LinearAlgebra/Vector/VectorAxiomsTest.php,651,other,False,test_code,T_VARIABLE,5,A⊥,41e28aa5,2,True,False,False,,True,"Latin,Other",False,True,,False,False,U+22A5 UP TACK
markrogoyski__math-php,markrogoyski__math-php/tests/LinearAlgebra/Vector/VectorAxiomsTest.php,652,other,False,test_code,T_VARIABLE,4,A⋅A⊥,41e28b8541e28aa5,4,True,False,False,,True,"Latin,Other",False,True,,False,False,U+22C5 DOT OPERATOR; U+22A5 UP TACK
markrogoyski__math-php,markrogoyski__math-php/tests/LinearAlgebra/Vector/VectorAxiomsTest.php,669,other,False,test_code,T_VARIABLE,4,A⊥⋅A,41e28aa5e28b8541,4,True,False,False,,True,"Latin,Other",False,True,,False,False,U+22A5 UP TACK; U+22C5 DOT OPERATOR
markrogoyski__math-php,markrogoyski__math-php/tests/LinearAlgebra/Vector/VectorAxiomsTest.php,732,other,False,test_code,T_VARIABLE,6,projᵇA,70726f6ae1b58741,6,True,True,True,,True,"Latin,Other",False,True,,False,False,
markrogoyski__math-php,markrogoyski__math-php/tests/LinearAlgebra/Vector/VectorAxiomsTest.php,733,other,False,test_code,T_VARIABLE,7,perpᵇA,70657270e1b58741,6,True,True,True,,True,"Latin,Other",False,True,,False,False,
markrogoyski__math-php,markrogoyski__math-php/tests/LinearAlgebra/Vector/VectorAxiomsTest.php,735,other,False,test_code,T_VARIABLE,3,projᵇA＋perpᵇA,70726f6ae1b58741efbc8b70657270e1b58741,13,True,False,False,,True,"Latin,Other",False,True,,False,False,U+FF0B FULLWIDTH PLUS SIGN
markrogoyski__math-php,markrogoyski__math-php/tests/LinearAlgebra/Vector/VectorAxiomsTest.php,754,other,False,test_code,T_VARIABLE,2,│A│²,e2948241e29482c2b2,4,True,False,False,,True,"Latin,Other",False,True,,False,False,U+2502 BOX DRAWINGS LIGHT VERTICAL; U+2502 BOX DRAWINGS LIGHT VERTICAL; U+00B2 SUPERSCRIPT TWO
markrogoyski__math-php,markrogoyski__math-php/tests/LinearAlgebra/Vector/VectorAxiomsTest.php,755,other,False,test_code,T_VARIABLE,2,│projᵇA│²,e2948270726f6ae1b58741e29482c2b2,9,True,False,False,,True,"Latin,Other",False,True,,False,False,U+2502 BOX DRAWINGS LIGHT VERTICAL; U+2502 BOX DRAWINGS LIGHT VERTICAL; U+00B2 SUPERSCRIPT TWO
markrogoyski__math-php,markrogoyski__math-php/tests/LinearAlgebra/Vector/VectorAxiomsTest.php,756,other,False,test_code,T_VARIABLE,2,│perpᵇA│²,e2948270657270e1b58741e29482c2b2,9,True,False,False,,True,"Latin,Other",False,True,,False,False,U+2502 BOX DRAWINGS LIGHT VERTICAL; U+2502 BOX DRAWINGS LIGHT VERTICAL; U+00B2 SUPERSCRIPT TWO
markrogoyski__math-php,markrogoyski__math-php/tests/LinearAlgebra/Vector/VectorAxiomsTest.php,777,other,False,test_code,T_VARIABLE,2,projᵇA⋅perpᵇA,70726f6ae1b58741e28b8570657270e1b58741,13,True,False,False,,True,"Latin,Other",False,True,,False,False,U+22C5 DOT OPERATOR
markrogoyski__math-php,markrogoyski__math-php/tests/LinearAlgebra/Vector/VectorAxiomsTest.php,796,other,False,test_code,T_VARIABLE,2,projᵇA⊥,70726f6ae1b58741e28aa5,7,True,False,False,,True,"Latin,Other",False,True,,False,False,U+22A5 UP TACK
markrogoyski__math-php,markrogoyski__math-php/tests/LinearAlgebra/Vector/VectorAxiomsTest.php,799,other,False,test_code,T_VARIABLE,2,projᵇA⊥⋅perpᵇA,70726f6ae1b58741e28aa5e28b8570657270e1b58741,14,True,False,False,,True,"Latin,Other",False,True,,False,False,U+22A5 UP TACK; U+22C5 DOT OPERATOR
markrogoyski__math-php,markrogoyski__math-php/tests/LinearAlgebra/Vector/VectorAxiomsTest.php,800,other,False,test_code,T_VARIABLE,2,│projᵇA│,e2948270726f6ae1b58741e29482,8,True,False,False,,True,"Latin,Other",False,True,,False,False,U+2502 BOX DRAWINGS LIGHT VERTICAL; U+2502 BOX DRAWINGS LIGHT VERTICAL
markrogoyski__math-php,markrogoyski__math-php/tests/LinearAlgebra/Vector/VectorAxiomsTest.php,801,other,False,test_code,T_VARIABLE,2,│perpᵇA│,e2948270657270e1b58741e29482,8,True,False,False,,True,"Latin,Other",False,True,,False,False,U+2502 BOX DRAWINGS LIGHT VERTICAL; U+2502 BOX DRAWINGS LIGHT VERTICAL
markrogoyski__math-php,markrogoyski__math-php/tests/LinearAlgebra/Vector/VectorOperationsTest.php,360,other,False,test_code,T_VARIABLE,3,A／k,41efbc8f6b,3,True,False,False,,True,"Latin,Other",False,True,,False,False,U+FF0F FULLWIDTH SOLIDUS
markrogoyski__math-php,markrogoyski__math-php/tests/LinearAlgebra/Vector/VectorOperationsTest.php,420,other,False,test_code,T_VARIABLE,3,A＋B,41efbc8b42,3,True,False,False,,True,"Latin,Other",False,True,,False,False,U+FF0B FULLWIDTH PLUS SIGN
markrogoyski__math-php,markrogoyski__math-php/tests/LinearAlgebra/Vector/VectorOperationsTest.php,477,other,False,test_code,T_VARIABLE,3,A−B,41e2889242,3,True,False,False,,True,"Latin,Other",False,True,,False,False,U+2212 MINUS SIGN
markrogoyski__math-php,markrogoyski__math-php/tests/LinearAlgebra/Vector/VectorOperationsTest.php,538,other,False,test_code,T_VARIABLE,3,A×B,41c39742,3,True,False,False,,True,"Latin,Other",False,True,,False,False,U+00D7 MULTIPLICATION SIGN
markrogoyski__math-php,markrogoyski__math-php/tests/LinearAlgebra/Vector/VectorOperationsTest.php,599,other,False,test_code,T_VARIABLE,3,A／B,41efbc8f42,3,True,False,False,,True,"Latin,Other",False,True,,False,False,U+FF0F FULLWIDTH SOLIDUS
markrogoyski__math-php,markrogoyski__math-php/tests/LinearAlgebra/Vector/VectorOperationsTest.php,648,other,False,test_code,T_VARIABLE,2,l²norm,6cc2b26e6f726d,6,True,False,False,,True,"Latin,Other",False,True,,False,False,U+00B2 SUPERSCRIPT TWO
markrogoyski__math-php,markrogoyski__math-php/tests/LinearAlgebra/Vector/VectorOperationsTest.php,686,other,False,test_code,T_VARIABLE,3,Â,c382,1,True,True,True,,True,Latin,False,False,,True,False,
markrogoyski__math-php,markrogoyski__math-php/tests/LinearAlgebra/Vector/VectorOperationsTest.php,718,other,False,test_code,T_VARIABLE,3,A⊥,41e28aa5,2,True,False,False,,True,"Latin,Other",False,True,,False,False,U+22A5 UP TACK
markrogoyski__math-php,markrogoyski__math-php/tests/LinearAlgebra/Vector/VectorOperationsTest.php,766,other,False,test_code,T_VARIABLE,2,A⊥⋅B,41e28aa5e28b8542,4,True,False,False,,True,"Latin,Other",False,True,,False,False,U+22A5 UP TACK; U+22C5 DOT OPERATOR
markrogoyski__math-php,markrogoyski__math-php/tests/LinearAlgebra/Vector/VectorOperationsTest.php,817,other,False,test_code,T_VARIABLE,3,projₐb,70726f6ae2829062,6,True,True,True,,True,Latin,False,False,,False,False,
markrogoyski__math-php,markrogoyski__math-php/tests/LinearAlgebra/Vector/VectorOperationsTest.php,882,other,False,test_code,T_VARIABLE,3,perpₐb,70657270e2829062,6,True,True,True,,True,Latin,False,False,,False,False,
markrogoyski__math-php,markrogoyski__math-php/tests/LinearAlgebra/Vector/VectorOperationsTest.php,1000,other,False,test_code,T_VARIABLE,2,A⨂B,41e2a88242,3,True,False,False,,True,"Latin,Other",False,True,,False,False,U+2A02 N-ARY CIRCLED TIMES OPERATOR
markrogoyski__math-php,markrogoyski__math-php/tests/LinearAlgebra/Decomposition/QRTest.php,105,other,False,test_code,T_VARIABLE,2,QᵀQ,51e1b58051,3,True,True,True,,True,"Latin,Other",False,True,,False,False,
markrogoyski__math-php,markrogoyski__math-php/tests/LinearAlgebra/Decomposition/QRTest.php,129,other,False,test_code,T_VARIABLE,2,QᵀA,51e1b58041,3,True,True,True,,True,"Latin,Other",False,True,,False,False,
markrogoyski__math-php,markrogoyski__math-php/tests/LinearAlgebra/Decomposition/QRTest.php,152,other,False,test_code,T_VARIABLE,2,Qᵀ,51e1b580,2,True,True,True,,True,"Latin,Other",False,True,,False,False,
markrogoyski__math-php,markrogoyski__math-php/tests/LinearAlgebra/Decomposition/QRTest.php,153,other,False,test_code,T_VARIABLE,2,Q⁻¹,51e281bbc2b9,3,True,False,False,,True,"Latin,Other",False,True,,False,False,U+207B SUPERSCRIPT MINUS; U+00B9 SUPERSCRIPT ONE
markrogoyski__math-php,markrogoyski__math-php/tests/LinearAlgebra/Decomposition/HessenbergTest.php,28,other,False,test_code,T_VARIABLE,18,QHQᵀ,514851e1b580,4,True,True,True,,True,"Latin,Other",False,True,,False,False,
markrogoyski__math-php,markrogoyski__math-php/tests/LinearAlgebra/Decomposition/HessenbergTest.php,71,other,False,test_code,T_VARIABLE,2,QᵀQ,51e1b58051,3,True,True,True,,True,"Latin,Other",False,True,,False,False,
markrogoyski__math-php,markrogoyski__math-php/tests/LinearAlgebra/Decomposition/CholeskyTest.php,22,other,False,test_code,T_VARIABLE,2,expected_Lᵀ,65787065637465645f4ce1b580,11,True,True,True,,True,"Common,Latin,Other",False,True,,False,False,
markrogoyski__math-php,markrogoyski__math-php/tests/LinearAlgebra/Decomposition/CholeskyTest.php,27,other,False,test_code,T_VARIABLE,3,Lᵀ,4ce1b580,2,True,True,True,,True,"Latin,Other",False,True,,False,False,
markrogoyski__math-php,markrogoyski__math-php/tests/LinearAlgebra/Decomposition/CholeskyTest.php,34,other,False,test_code,T_VARIABLE,2,LLᵀ,4c4ce1b580,3,True,True,True,,True,"Latin,Other",False,True,,False,False,
markrogoyski__math-php,markrogoyski__math-php/tests/LinearAlgebra/Matrix/Object/ObjectMatrixTest.php,494,other,False,test_code,T_VARIABLE,2,mᵢ,6de1b5a2,2,True,True,True,,True,Latin,False,False,,False,False,
markrogoyski__math-php,markrogoyski__math-php/tests/LinearAlgebra/Matrix/Object/ObjectMatrixTest.php,494,other,False,test_code,T_VARIABLE,2,nⱼ,6ee2b1bc,2,True,True,True,,True,Latin,False,False,,False,False,
markrogoyski__math-php,markrogoyski__math-php/tests/LinearAlgebra/Matrix/Object/ObjectMatrixTest.php,494,other,False,test_code,T_VARIABLE,3,Cᵢⱼ,43e1b5a2e2b1bc,3,True,True,True,,True,Latin,False,False,,False,False,
markrogoyski__math-php,markrogoyski__math-php/tests/LinearAlgebra/Matrix/Object/ObjectMatrixTest.php,540,other,False,test_code,T_VARIABLE,2,Aᵀ,41e1b580,2,True,True,True,,True,"Latin,Other",False,True,,False,False,
markrogoyski__math-php,markrogoyski__math-php/tests/LinearAlgebra/Matrix/Object/ObjectMatrixTest.php,559,other,False,test_code,T_VARIABLE,4,λ,cebb,1,True,True,True,,True,Greek,False,False,,False,False,
markrogoyski__math-php,markrogoyski__math-php/tests/LinearAlgebra/Matrix/Object/ObjectMatrixTest.php,562,other,False,test_code,T_VARIABLE,4,λA,cebb41,2,True,True,True,,True,"Greek,Latin",True,True,,False,False,
markrogoyski__math-php,markrogoyski__math-php/tests/LinearAlgebra/Matrix/Numeric/MatrixOperationsTest.php,137,other,False,test_code,T_VARIABLE,5,A⁻¹,41e281bbc2b9,3,True,False,False,,True,"Latin,Other",False,True,,False,False,U+207B SUPERSCRIPT MINUS; U+00B9 SUPERSCRIPT ONE
markrogoyski__math-php,markrogoyski__math-php/tests/LinearAlgebra/Matrix/Numeric/MatrixOperationsTest.php,374,other,False,test_code,T_VARIABLE,2,mᵢ,6de1b5a2,2,True,True,True,,True,Latin,False,False,,False,False,
markrogoyski__math-php,markrogoyski__math-php/tests/LinearAlgebra/Matrix/Numeric/MatrixOperationsTest.php,374,other,False,test_code,T_VARIABLE,2,nⱼ,6ee2b1bc,2,True,True,True,,True,Latin,False,False,,False,False,
markrogoyski__math-php,markrogoyski__math-php/tests/LinearAlgebra/Matrix/Numeric/MatrixOperationsTest.php,374,other,False,test_code,T_VARIABLE,2,Cᵢⱼ,43e1b5a2e2b1bc,3,True,True,True,,True,Latin,False,False,,False,False,
markrogoyski__math-php,markrogoyski__math-php/tests/LinearAlgebra/Matrix/Numeric/MatrixOperationsTest.php,1070,other,False,test_code,T_VARIABLE,4,adj⟮A⟯,61646ae29fae41e29faf,6,True,False,False,,True,"Latin,Other",False,True,,False,False,U+27EE MATHEMATICAL LEFT FLATTENED PARENTHESIS; U+27EF MATHEMATICAL RIGHT FLATTENED PARENTHESIS
markrogoyski__math-php,markrogoyski__math-php/tests/LinearAlgebra/Matrix/Numeric/MatrixColumnOperationsTest.php,20,other,False,test_code,T_VARIABLE,14,nᵢ,6ee1b5a2,2,True,True,True,,True,Latin,False,False,,False,False,
markrogoyski__math-php,markrogoyski__math-php/tests/LinearAlgebra/Matrix/Numeric/MatrixColumnOperationsTest.php,227,other,False,test_code,T_VARIABLE,4,nⱼ,6ee2b1bc,2,True,True,True,,True,Latin,False,False,,False,False,
markrogoyski__math-php,markrogoyski__math-php/tests/LinearAlgebra/Matrix/Numeric/MatrixAxiomsTest.php,214,other,False,test_code,T_VARIABLE,8,A＋B,41efbc8b42,3,True,False,False,,True,"Latin,Other",False,True,,False,False,U+FF0B FULLWIDTH PLUS SIGN
markrogoyski__math-php,markrogoyski__math-php/tests/LinearAlgebra/Matrix/Numeric/MatrixAxiomsTest.php,215,other,False,test_code,T_VARIABLE,2,r⟮A＋B⟯,72e29fae41efbc8b42e29faf,6,True,False,False,,True,"Latin,Other",False,True,,False,False,U+27EE MATHEMATICAL LEFT FLATTENED PARENTHESIS; U+FF0B FULLWIDTH PLUS SIGN; U+27EF MATHEMATICAL RIGHT FLATTENED PARENTHESIS
markrogoyski__math-php,markrogoyski__math-php/tests/LinearAlgebra/Matrix/Numeric/MatrixAxiomsTest.php,220,other,False,test_code,T_VARIABLE,2,rA＋rB,7241efbc8b7242,5,True,False,False,,True,"Latin,Other",False,True,,False,False,U+FF0B FULLWIDTH PLUS SIGN
markrogoyski__math-php,markrogoyski__math-php/tests/LinearAlgebra/Matrix/Numeric/MatrixAxiomsTest.php,299,other,False,test_code,T_VARIABLE,7,−A,e2889241,2,True,False,False,,True,"Latin,Other",False,True,,False,False,U+2212 MINUS SIGN
markrogoyski__math-php,markrogoyski__math-php/tests/LinearAlgebra/Matrix/Numeric/MatrixAxiomsTest.php,375,other,False,test_code,T_VARIABLE,2,⟮AB⟯,e29fae4142e29faf,4,True,False,False,,True,"Latin,Other",False,True,,False,False,U+27EE MATHEMATICAL LEFT FLATTENED PARENTHESIS; U+27EF MATHEMATICAL RIGHT FLATTENED PARENTHESIS
markrogoyski__math-php,markrogoyski__math-php/tests/LinearAlgebra/Matrix/Numeric/MatrixAxiomsTest.php,376,other,False,test_code,T_VARIABLE,2,⟮AB⟯C,e29fae4142e29faf43,5,True,False,False,,True,"Latin,Other",False,True,,False,False,U+27EE MATHEMATICAL LEFT FLATTENED PARENTHESIS; U+27EF MATHEMATICAL RIGHT FLATTENED PARENTHESIS
markrogoyski__math-php,markrogoyski__math-php/tests/LinearAlgebra/Matrix/Numeric/MatrixAxiomsTest.php,379,other,False,test_code,T_VARIABLE,2,⟮BC⟯,e29fae4243e29faf,4,True,False,False,,True,"Latin,Other",False,True,,False,False,U+27EE MATHEMATICAL LEFT FLATTENED PARENTHESIS; U+27EF MATHEMATICAL RIGHT FLATTENED PARENTHESIS
markrogoyski__math-php,markrogoyski__math-php/tests/LinearAlgebra/Matrix/Numeric/MatrixAxiomsTest.php,380,other,False,test_code,T_VARIABLE,2,A⟮BC⟯,41e29fae4243e29faf,5,True,False,False,,True,"Latin,Other",False,True,,False,False,U+27EE MATHEMATICAL LEFT FLATTENED PARENTHESIS; U+27EF MATHEMATICAL RIGHT FLATTENED PARENTHESIS
markrogoyski__math-php,markrogoyski__math-php/tests/LinearAlgebra/Matrix/Numeric/MatrixAxiomsTest.php,447,other,False,test_code,T_VARIABLE,2,⟮B＋C⟯,e29fae42efbc8b43e29faf,5,True,False,False,,True,"Latin,Other",False,True,,False,False,U+27EE MATHEMATICAL LEFT FLATTENED PARENTHESIS; U+FF0B FULLWIDTH PLUS SIGN; U+27EF MATHEMATICAL RIGHT FLATTENED PARENTHESIS
markrogoyski__math-php,markrogoyski__math-php/tests/LinearAlgebra/Matrix/Numeric/MatrixAxiomsTest.php,448,other,False,test_code,T_VARIABLE,2,A⟮B＋C⟯,41e29fae42efbc8b43e29faf,6,True,False,False,,True,"Latin,Other",False,True,,False,False,U+27EE MATHEMATICAL LEFT FLATTENED PARENTHESIS; U+FF0B FULLWIDTH PLUS SIGN; U+27EF MATHEMATICAL RIGHT FLATTENED PARENTHESIS
markrogoyski__math-php,markrogoyski__math-php/tests/LinearAlgebra/Matrix/Numeric/MatrixAxiomsTest.php,453,other,False,test_code,T_VARIABLE,2,AB＋AC,4142efbc8b4143,5,True,False,False,,True,"Latin,Other",False,True,,False,False,U+FF0B FULLWIDTH PLUS SIGN
markrogoyski__math-php,markrogoyski__math-php/tests/LinearAlgebra/Matrix/Numeric/MatrixAxiomsTest.php,477,other,False,test_code,T_VARIABLE,2,⟮A＋B⟯,e29fae41efbc8b42e29faf,5,True,False,False,,True,"Latin,Other",False,True,,False,False,U+27EE MATHEMATICAL LEFT FLATTENED PARENTHESIS; U+FF0B FULLWIDTH PLUS SIGN; U+27EF MATHEMATICAL RIGHT FLATTENED PARENTHESIS
markrogoyski__math-php,markrogoyski__math-php/tests/LinearAlgebra/Matrix/Numeric/MatrixAxiomsTest.php,478,other,False,test_code,T_VARIABLE,2,⟮A＋B⟯C,e29fae41efbc8b42e29faf43,6,True,False,False,,True,"Latin,Other",False,True,,False,False,U+27EE MATHEMATICAL LEFT FLATTENED PARENTHESIS; U+FF0B FULLWIDTH PLUS SIGN; U+27EF MATHEMATICAL RIGHT FLATTENED PARENTHESIS
markrogoyski__math-php,markrogoyski__math-php/tests/LinearAlgebra/Matrix/Numeric/MatrixAxiomsTest.php,483,other,False,test_code,T_VARIABLE,2,AC＋BC,4143efbc8b4243,5,True,False,False,,True,"Latin,Other",False,True,,False,False,U+FF0B FULLWIDTH PLUS SIGN
markrogoyski__math-php,markrogoyski__math-php/tests/LinearAlgebra/Matrix/Numeric/MatrixAxiomsTest.php,564,other,False,test_code,T_VARIABLE,3,r⟮AB⟯,72e29fae4142e29faf,5,True,False,False,,True,"Latin,Other",False,True,,False,False,U+27EE MATHEMATICAL LEFT FLATTENED PARENTHESIS; U+27EF MATHEMATICAL RIGHT FLATTENED PARENTHESIS
markrogoyski__math-php,markrogoyski__math-php/tests/LinearAlgebra/Matrix/Numeric/MatrixAxiomsTest.php,568,other,False,test_code,T_VARIABLE,3,⟮rA⟯B,e29fae7241e29faf42,5,True,False,False,,True,"Latin,Other",False,True,,False,False,U+27EE MATHEMATICAL LEFT FLATTENED PARENTHESIS; U+27EF MATHEMATICAL RIGHT FLATTENED PARENTHESIS
markrogoyski__math-php,markrogoyski__math-php/tests/LinearAlgebra/Matrix/Numeric/MatrixAxiomsTest.php,572,other,False,test_code,T_VARIABLE,3,A⟮rB⟯,41e29fae7242e29faf,5,True,False,False,,True,"Latin,Other",False,True,,False,False,U+27EE MATHEMATICAL LEFT FLATTENED PARENTHESIS; U+27EF MATHEMATICAL RIGHT FLATTENED PARENTHESIS
markrogoyski__math-php,markrogoyski__math-php/tests/LinearAlgebra/Matrix/Numeric/MatrixAxiomsTest.php,594,other,False,test_code,T_VARIABLE,3,λ,cebb,1,True,True,True,,True,Greek,False,False,,False,False,
markrogoyski__math-php,markrogoyski__math-php/tests/LinearAlgebra/Matrix/Numeric/MatrixAxiomsTest.php,595,other,False,test_code,T_VARIABLE,3,ψ,cf88,1,True,True,True,,True,Greek,False,False,,False,False,
markrogoyski__math-php,markrogoyski__math-php/tests/LinearAlgebra/Matrix/Numeric/MatrixAxiomsTest.php,598,other,False,test_code,T_VARIABLE,2,⟮λ＋ψ⟯A,e29faecebbefbc8bcf88e29faf41,6,True,False,False,,True,"Greek,Latin,Other",True,True,,False,False,U+27EE MATHEMATICAL LEFT FLATTENED PARENTHESIS; U+FF0B FULLWIDTH PLUS SIGN; U+27EF MATHEMATICAL RIGHT FLATTENED PARENTHESIS
markrogoyski__math-php,markrogoyski__math-php/tests/LinearAlgebra/Matrix/Numeric/MatrixAxiomsTest.php,601,other,False,test_code,T_VARIABLE,2,λA,cebb41,2,True,True,True,,True,"Greek,Latin",True,True,,False,False,
markrogoyski__math-php,markrogoyski__math-php/tests/LinearAlgebra/Matrix/Numeric/MatrixAxiomsTest.php,602,other,False,test_code,T_VARIABLE,2,ψA,cf8841,2,True,True,True,,True,"Greek,Latin",True,True,,False,False,
markrogoyski__math-php,markrogoyski__math-php/tests/LinearAlgebra/Matrix/Numeric/MatrixAxiomsTest.php,603,other,False,test_code,T_VARIABLE,2,⟮λA＋ψA⟯,e29faecebb41efbc8bcf8841e29faf,7,True,False,False,,True,"Greek,Latin,Other",True,True,,False,False,U+27EE MATHEMATICAL LEFT FLATTENED PARENTHESIS; U+FF0B FULLWIDTH PLUS SIGN; U+27EF MATHEMATICAL RIGHT FLATTENED PARENTHESIS
markrogoyski__math-php,markrogoyski__math-php/tests/LinearAlgebra/Matrix/Numeric/MatrixAxiomsTest.php,720,other,False,test_code,T_VARIABLE,33,A⁻¹,41e281bbc2b9,3,True,False,False,,True,"Latin,Other",False,True,,False,False,U+207B SUPERSCRIPT MINUS; U+00B9 SUPERSCRIPT ONE
markrogoyski__math-php,markrogoyski__math-php/tests/LinearAlgebra/Matrix/Numeric/MatrixAxiomsTest.php,721,other,False,test_code,T_VARIABLE,3,AA⁻¹,4141e281bbc2b9,4,True,False,False,,True,"Latin,Other",False,True,,False,False,U+207B SUPERSCRIPT MINUS; U+00B9 SUPERSCRIPT ONE
markrogoyski__math-php,markrogoyski__math-php/tests/LinearAlgebra/Matrix/Numeric/MatrixAxiomsTest.php,722,other,False,test_code,T_VARIABLE,3,A⁻¹A,41e281bbc2b941,4,True,False,False,,True,"Latin,Other",False,True,,False,False,U+207B SUPERSCRIPT MINUS; U+00B9 SUPERSCRIPT ONE
markrogoyski__math-php,markrogoyski__math-php/tests/LinearAlgebra/Matrix/Numeric/MatrixAxiomsTest.php,745,other,False,test_code,T_VARIABLE,2,⟮A⁻¹⟯⁻¹,e29fae41e281bbc2b9e29fafe281bbc2b9,7,True,False,False,,True,"Latin,Other",False,True,,False,False,U+27EE MATHEMATICAL LEFT FLATTENED PARENTHESIS; U+207B SUPERSCRIPT MINUS; U+00B9 SUPERSCRIPT ONE; U+27EF MATHEMATICAL RIGHT FLATTENED PARENTHESIS; U+207B SUPERSCRIPT MINUS; U+00B9 SUPERSCRIPT ONE
markrogoyski__math-php,markrogoyski__math-php/tests/LinearAlgebra/Matrix/Numeric/MatrixAxiomsTest.php,870,other,False,test_code,T_VARIABLE,4,⟮AB⟯⁻¹,e29fae4142e29fafe281bbc2b9,6,True,False,False,,True,"Latin,Other",False,True,,False,False,U+27EE MATHEMATICAL LEFT FLATTENED PARENTHESIS; U+27EF MATHEMATICAL RIGHT FLATTENED PARENTHESIS; U+207B SUPERSCRIPT MINUS; U+00B9 SUPERSCRIPT ONE
markrogoyski__math-php,markrogoyski__math-php/tests/LinearAlgebra/Matrix/Numeric/MatrixAxiomsTest.php,873,other,False,test_code,T_VARIABLE,8,B⁻¹,42e281bbc2b9,3,True,False,False,,True,"Latin,Other",False,True,,False,False,U+207B SUPERSCRIPT MINUS; U+00B9 SUPERSCRIPT ONE
markrogoyski__math-php,markrogoyski__math-php/tests/LinearAlgebra/Matrix/Numeric/MatrixAxiomsTest.php,875,other,False,test_code,T_VARIABLE,2,B⁻¹A⁻¹,42e281bbc2b941e281bbc2b9,6,True,False,False,,True,"Latin,Other",False,True,,False,False,U+207B SUPERSCRIPT MINUS; U+00B9 SUPERSCRIPT ONE; U+207B SUPERSCRIPT MINUS; U+00B9 SUPERSCRIPT ONE
markrogoyski__math-php,markrogoyski__math-php/tests/LinearAlgebra/Matrix/Numeric/MatrixAxiomsTest.php,897,other,False,test_code,T_VARIABLE,2,⟮A＋B⟯⁻¹,e29fae41efbc8b42e29fafe281bbc2b9,7,True,False,False,,True,"Latin,Other",False,True,,False,False,U+27EE MATHEMATICAL LEFT FLATTENED PARENTHESIS; U+FF0B FULLWIDTH PLUS SIGN; U+27EF MATHEMATICAL RIGHT FLATTENED PARENTHESIS; U+207B SUPERSCRIPT MINUS; U+00B9 SUPERSCRIPT ONE
markrogoyski__math-php,markrogoyski__math-php/tests/LinearAlgebra/Matrix/Numeric/MatrixAxiomsTest.php,902,other,False,test_code,T_VARIABLE,2,⟮A⁻¹＋B⁻¹⟯,e29fae41e281bbc2b9efbc8b42e281bbc2b9e29faf,9,True,False,False,,True,"Latin,Other",False,True,,False,False,U+27EE MATHEMATICAL LEFT FLATTENED PARENTHESIS; U+207B SUPERSCRIPT MINUS; U+00B9 SUPERSCRIPT ONE; U+FF0B FULLWIDTH PLUS SIGN; U+207B SUPERSCRIPT MINUS; U+00B9 SUPERSCRIPT ONE; U+27EF MATHEMATICAL RIGHT FLATTENED PARENTHESIS
markrogoyski__math-php,markrogoyski__math-php/tests/LinearAlgebra/Matrix/Numeric/MatrixAxiomsTest.php,921,other,False,test_code,T_VARIABLE,35,Aᵀ,41e1b580,2,True,True,True,,True,"Latin,Other",False,True,,False,False,
markrogoyski__math-php,markrogoyski__math-php/tests/LinearAlgebra/Matrix/Numeric/MatrixAxiomsTest.php,945,other,False,test_code,T_VARIABLE,9,AAᵀ,4141e1b580,3,True,True,True,,True,"Latin,Other",False,True,,False,False,
markrogoyski__math-php,markrogoyski__math-php/tests/LinearAlgebra/Matrix/Numeric/MatrixAxiomsTest.php,969,other,False,test_code,T_VARIABLE,9,AᵀA,41e1b58041,3,True,True,True,,True,"Latin,Other",False,True,,False,False,
markrogoyski__math-php,markrogoyski__math-php/tests/LinearAlgebra/Matrix/Numeric/MatrixAxiomsTest.php,1050,other,False,test_code,T_VARIABLE,2,⟮A⁻ᵀ⟯ᵀ,e29fae41e281bbe1b580e29fafe1b580,6,True,False,False,,True,"Latin,Other",False,True,,False,False,U+27EE MATHEMATICAL LEFT FLATTENED PARENTHESIS; U+207B SUPERSCRIPT MINUS; U+27EF MATHEMATICAL RIGHT FLATTENED PARENTHESIS
markrogoyski__math-php,markrogoyski__math-php/tests/LinearAlgebra/Matrix/Numeric/MatrixAxiomsTest.php,1070,other,False,test_code,T_VARIABLE,2,⟮A⁻¹⟯ᵀ,e29fae41e281bbc2b9e29fafe1b580,6,True,False,False,,True,"Latin,Other",False,True,,False,False,U+27EE MATHEMATICAL LEFT FLATTENED PARENTHESIS; U+207B SUPERSCRIPT MINUS; U+00B9 SUPERSCRIPT ONE; U+27EF MATHEMATICAL RIGHT FLATTENED PARENTHESIS
markrogoyski__math-php,markrogoyski__math-php/tests/LinearAlgebra/Matrix/Numeric/MatrixAxiomsTest.php,1071,other,False,test_code,T_VARIABLE,2,⟮Aᵀ⟯⁻¹,e29fae41e1b580e29fafe281bbc2b9,6,True,False,False,,True,"Latin,Other",False,True,,False,False,U+27EE MATHEMATICAL LEFT FLATTENED PARENTHESIS; U+27EF MATHEMATICAL RIGHT FLATTENED PARENTHESIS; U+207B SUPERSCRIPT MINUS; U+00B9 SUPERSCRIPT ONE
markrogoyski__math-php,markrogoyski__math-php/tests/LinearAlgebra/Matrix/Numeric/MatrixAxiomsTest.php,1092,other,False,test_code,T_VARIABLE,2,⟮rA⟯ᵀ,e29fae7241e29fafe1b580,5,True,False,False,,True,"Latin,Other",False,True,,False,False,U+27EE MATHEMATICAL LEFT FLATTENED PARENTHESIS; U+27EF MATHEMATICAL RIGHT FLATTENED PARENTHESIS
markrogoyski__math-php,markrogoyski__math-php/tests/LinearAlgebra/Matrix/Numeric/MatrixAxiomsTest.php,1093,other,False,test_code,T_VARIABLE,2,rAᵀ,7241e1b580,3,True,True,True,,True,"Latin,Other",False,True,,False,False,
markrogoyski__math-php,markrogoyski__math-php/tests/LinearAlgebra/Matrix/Numeric/MatrixAxiomsTest.php,1115,other,False,test_code,T_VARIABLE,2,⟮AB⟯ᵀ,e29fae4142e29fafe1b580,5,True,False,False,,True,"Latin,Other",False,True,,False,False,U+27EE MATHEMATICAL LEFT FLATTENED PARENTHESIS; U+27EF MATHEMATICAL RIGHT FLATTENED PARENTHESIS
markrogoyski__math-php,markrogoyski__math-php/tests/LinearAlgebra/Matrix/Numeric/MatrixAxiomsTest.php,1118,other,False,test_code,T_VARIABLE,6,Bᵀ,42e1b580,2,True,True,True,,True,"Latin,Other",False,True,,False,False,
markrogoyski__math-php,markrogoyski__math-php/tests/LinearAlgebra/Matrix/Numeric/MatrixAxiomsTest.php,1120,other,False,test_code,T_VARIABLE,2,BᵀAᵀ,42e1b58041e1b580,4,True,True,True,,True,"Latin,Other",False,True,,False,False,
markrogoyski__math-php,markrogoyski__math-php/tests/LinearAlgebra/Matrix/Numeric/MatrixAxiomsTest.php,1142,other,False,test_code,T_VARIABLE,2,⟮A＋B⟯ᵀ,e29fae41efbc8b42e29fafe1b580,6,True,False,False,,True,"Latin,Other",False,True,,False,False,U+27EE MATHEMATICAL LEFT FLATTENED PARENTHESIS; U+FF0B FULLWIDTH PLUS SIGN; U+27EF MATHEMATICAL RIGHT FLATTENED PARENTHESIS
markrogoyski__math-php,markrogoyski__math-php/tests/LinearAlgebra/Matrix/Numeric/MatrixAxiomsTest.php,1147,other,False,test_code,T_VARIABLE,2,Aᵀ＋Bᵀ,41e1b580efbc8b42e1b580,5,True,False,False,,True,"Latin,Other",False,True,,False,False,U+FF0B FULLWIDTH PLUS SIGN
markrogoyski__math-php,markrogoyski__math-php/tests/LinearAlgebra/Matrix/Numeric/MatrixAxiomsTest.php,1168,other,False,test_code,T_VARIABLE,2,tr⟮A⟯,7472e29fae41e29faf,5,True,False,False,,True,"Latin,Other",False,True,,False,False,U+27EE MATHEMATICAL LEFT FLATTENED PARENTHESIS; U+27EF MATHEMATICAL RIGHT FLATTENED PARENTHESIS
markrogoyski__math-php,markrogoyski__math-php/tests/LinearAlgebra/Matrix/Numeric/MatrixAxiomsTest.php,1169,other,False,test_code,T_VARIABLE,2,tr⟮Aᵀ⟯,7472e29fae41e1b580e29faf,6,True,False,False,,True,"Latin,Other",False,True,,False,False,U+27EE MATHEMATICAL LEFT FLATTENED PARENTHESIS; U+27EF MATHEMATICAL RIGHT FLATTENED PARENTHESIS
markrogoyski__math-php,markrogoyski__math-php/tests/LinearAlgebra/Matrix/Numeric/MatrixAxiomsTest.php,1191,other,False,test_code,T_VARIABLE,2,tr⟮AB⟯,7472e29fae4142e29faf,6,True,False,False,,True,"Latin,Other",False,True,,False,False,U+27EE MATHEMATICAL LEFT FLATTENED PARENTHESIS; U+27EF MATHEMATICAL RIGHT FLATTENED PARENTHESIS
markrogoyski__math-php,markrogoyski__math-php/tests/LinearAlgebra/Matrix/Numeric/MatrixAxiomsTest.php,1192,other,False,test_code,T_VARIABLE,2,tr⟮BA⟯,7472e29fae4241e29faf,6,True,False,False,,True,"Latin,Other",False,True,,False,False,U+27EE MATHEMATICAL LEFT FLATTENED PARENTHESIS; U+27EF MATHEMATICAL RIGHT FLATTENED PARENTHESIS
markrogoyski__math-php,markrogoyski__math-php/tests/LinearAlgebra/Matrix/Numeric/MatrixAxiomsTest.php,1212,other,False,test_code,T_VARIABLE,22,det⟮A⟯,646574e29fae41e29faf,6,True,False,False,,True,"Latin,Other",False,True,,False,False,U+27EE MATHEMATICAL LEFT FLATTENED PARENTHESIS; U+27EF MATHEMATICAL RIGHT FLATTENED PARENTHESIS
markrogoyski__math-php,markrogoyski__math-php/tests/LinearAlgebra/Matrix/Numeric/MatrixAxiomsTest.php,1213,other,False,test_code,T_VARIABLE,2,det⟮Aᵀ⟯,646574e29fae41e1b580e29faf,7,True,False,False,,True,"Latin,Other",False,True,,False,False,U+27EE MATHEMATICAL LEFT FLATTENED PARENTHESIS; U+27EF MATHEMATICAL RIGHT FLATTENED PARENTHESIS
markrogoyski__math-php,markrogoyski__math-php/tests/LinearAlgebra/Matrix/Numeric/MatrixAxiomsTest.php,1235,other,False,test_code,T_VARIABLE,4,det⟮AB⟯,646574e29fae4142e29faf,7,True,False,False,,True,"Latin,Other",False,True,,False,False,U+27EE MATHEMATICAL LEFT FLATTENED PARENTHESIS; U+27EF MATHEMATICAL RIGHT FLATTENED PARENTHESIS
markrogoyski__math-php,markrogoyski__math-php/tests/LinearAlgebra/Matrix/Numeric/MatrixAxiomsTest.php,1239,other,False,test_code,T_VARIABLE,4,det⟮B⟯,646574e29fae42e29faf,6,True,False,False,,True,"Latin,Other",False,True,,False,False,U+27EE MATHEMATICAL LEFT FLATTENED PARENTHESIS; U+27EF MATHEMATICAL RIGHT FLATTENED PARENTHESIS
markrogoyski__math-php,markrogoyski__math-php/tests/LinearAlgebra/Matrix/Numeric/MatrixAxiomsTest.php,1240,other,False,test_code,T_VARIABLE,2,det⟮A⟯det⟮B⟯,646574e29fae41e29faf646574e29fae42e29faf,12,True,False,False,,True,"Latin,Other",False,True,,False,False,U+27EE MATHEMATICAL LEFT FLATTENED PARENTHESIS; U+27EF MATHEMATICAL RIGHT FLATTENED PARENTHESIS; U+27EE MATHEMATICAL LEFT FLATTENED PARENTHESIS; U+27EF MATHEMATICAL RIGHT FLATTENED PARENTHESIS
markrogoyski__math-php,markrogoyski__math-php/tests/LinearAlgebra/Matrix/Numeric/MatrixAxiomsTest.php,1358,other,False,test_code,T_VARIABLE,2,P⁻¹LU,50e281bbc2b94c55,5,True,False,False,,True,"Latin,Other",False,True,,False,False,U+207B SUPERSCRIPT MINUS; U+00B9 SUPERSCRIPT ONE
markrogoyski__math-php,markrogoyski__math-php/tests/LinearAlgebra/Matrix/Numeric/MatrixAxiomsTest.php,1379,other,False,test_code,T_VARIABLE,5,Pᵀ,50e1b580,2,True,True,True,,True,"Latin,Other",False,True,,False,False,
markrogoyski__math-php,markrogoyski__math-php/tests/LinearAlgebra/Matrix/Numeric/MatrixAxiomsTest.php,1381,other,False,test_code,T_VARIABLE,3,PPᵀ,5050e1b580,3,True,True,True,,True,"Latin,Other",False,True,,False,False,
markrogoyski__math-php,markrogoyski__math-php/tests/LinearAlgebra/Matrix/Numeric/MatrixAxiomsTest.php,1382,other,False,test_code,T_VARIABLE,3,PᵀP,50e1b58050,3,True,True,True,,True,"Latin,Other",False,True,,False,False,
markrogoyski__math-php,markrogoyski__math-php/tests/LinearAlgebra/Matrix/Numeric/MatrixAxiomsTest.php,1411,other,False,test_code,T_VARIABLE,3,⟮PA⟯⁻¹,e29fae5041e29fafe281bbc2b9,6,True,False,False,,True,"Latin,Other",False,True,,False,False,U+27EE MATHEMATICAL LEFT FLATTENED PARENTHESIS; U+27EF MATHEMATICAL RIGHT FLATTENED PARENTHESIS; U+207B SUPERSCRIPT MINUS; U+00B9 SUPERSCRIPT ONE
markrogoyski__math-php,markrogoyski__math-php/tests/LinearAlgebra/Matrix/Numeric/MatrixAxiomsTest.php,1412,other,False,test_code,T_VARIABLE,3,⟮LU⟯⁻¹,e29fae4c55e29fafe281bbc2b9,6,True,False,False,,True,"Latin,Other",False,True,,False,False,U+27EE MATHEMATICAL LEFT FLATTENED PARENTHESIS; U+27EF MATHEMATICAL RIGHT FLATTENED PARENTHESIS; U+207B SUPERSCRIPT MINUS; U+00B9 SUPERSCRIPT ONE
markrogoyski__math-php,markrogoyski__math-php/tests/LinearAlgebra/Matrix/Numeric/MatrixAxiomsTest.php,1414,other,False,test_code,T_VARIABLE,4,U⁻¹,55e281bbc2b9,3,True,False,False,,True,"Latin,Other",False,True,,False,False,U+207B SUPERSCRIPT MINUS; U+00B9 SUPERSCRIPT ONE
markrogoyski__math-php,markrogoyski__math-php/tests/LinearAlgebra/Matrix/Numeric/MatrixAxiomsTest.php,1415,other,False,test_code,T_VARIABLE,4,L⁻¹,4ce281bbc2b9,3,True,False,False,,True,"Latin,Other",False,True,,False,False,U+207B SUPERSCRIPT MINUS; U+00B9 SUPERSCRIPT ONE
markrogoyski__math-php,markrogoyski__math-php/tests/LinearAlgebra/Matrix/Numeric/MatrixAxiomsTest.php,1416,other,False,test_code,T_VARIABLE,3,U⁻¹L⁻¹,55e281bbc2b94ce281bbc2b9,6,True,False,False,,True,"Latin,Other",False,True,,False,False,U+207B SUPERSCRIPT MINUS; U+00B9 SUPERSCRIPT ONE; U+207B SUPERSCRIPT MINUS; U+00B9 SUPERSCRIPT ONE
markrogoyski__math-php,markrogoyski__math-php/tests/LinearAlgebra/Matrix/Numeric/MatrixAxiomsTest.php,1489,other,False,test_code,T_VARIABLE,2,QᵀQ,51e1b58051,3,True,True,True,,True,"Latin,Other",False,True,,False,False,
markrogoyski__math-php,markrogoyski__math-php/tests/LinearAlgebra/Matrix/Numeric/MatrixAxiomsTest.php,1514,other,False,test_code,T_VARIABLE,2,QᵀA,51e1b58041,3,True,True,True,,True,"Latin,Other",False,True,,False,False,
markrogoyski__math-php,markrogoyski__math-php/tests/LinearAlgebra/Matrix/Numeric/MatrixAxiomsTest.php,1537,other,False,test_code,T_VARIABLE,2,Qᵀ,51e1b580,2,True,True,True,,True,"Latin,Other",False,True,,False,False,
markrogoyski__math-php,markrogoyski__math-php/tests/LinearAlgebra/Matrix/Numeric/MatrixAxiomsTest.php,1538,other,False,test_code,T_VARIABLE,2,Q⁻¹,51e281bbc2b9,3,True,False,False,,True,"Latin,Other",False,True,,False,False,U+207B SUPERSCRIPT MINUS; U+00B9 SUPERSCRIPT ONE
markrogoyski__math-php,markrogoyski__math-php/tests/LinearAlgebra/Matrix/Numeric/MatrixAxiomsTest.php,1573,function_decl,False,test_code,T_STRING,1,testCholeskyDecompositionAEqualsLLᵀ,7465737443686f6c65736b794465636f6d706f736974696f6e41457175616c734c4ce1b580,35,True,True,True,,True,"Latin,Other",False,True,,False,True,
markrogoyski__math-php,markrogoyski__math-php/tests/LinearAlgebra/Matrix/Numeric/MatrixAxiomsTest.php,1581,other,False,test_code,T_VARIABLE,6,Lᵀ,4ce1b580,2,True,True,True,,True,"Latin,Other",False,True,,False,False,
markrogoyski__math-php,markrogoyski__math-php/tests/LinearAlgebra/Matrix/Numeric/MatrixAxiomsTest.php,1603,other,False,test_code,T_VARIABLE,2,P⁻¹,50e281bbc2b9,3,True,False,False,,True,"Latin,Other",False,True,,False,False,U+207B SUPERSCRIPT MINUS; U+00B9 SUPERSCRIPT ONE
markrogoyski__math-php,markrogoyski__math-php/tests/LinearAlgebra/Matrix/Numeric/MatrixAxiomsTest.php,1656,other,False,test_code,T_VARIABLE,2,A⁻¹b,41e281bbc2b962,4,True,False,False,,True,"Latin,Other",False,True,,False,False,U+207B SUPERSCRIPT MINUS; U+00B9 SUPERSCRIPT ONE
markrogoyski__math-php,markrogoyski__math-php/tests/LinearAlgebra/Matrix/Numeric/MatrixAxiomsTest.php,1796,other,False,test_code,T_VARIABLE,3,A⁻¹Aᵀ,41e281bbc2b941e1b580,5,True,False,False,,True,"Latin,Other",False,True,,False,False,U+207B SUPERSCRIPT MINUS; U+00B9 SUPERSCRIPT ONE
markrogoyski__math-php,markrogoyski__math-php/tests/LinearAlgebra/Matrix/Numeric/MatrixAxiomsTest.php,1840,other,False,test_code,T_VARIABLE,2,A−B,41e2889242,3,True,False,False,,True,"Latin,Other",False,True,,False,False,U+2212 MINUS SIGN
markrogoyski__math-php,markrogoyski__math-php/tests/LinearAlgebra/Matrix/Numeric/MatrixAxiomsTest.php,2024,other,False,test_code,T_VARIABLE,2,I＋A,49efbc8b41,3,True,False,False,,True,"Latin,Other",False,True,,False,False,U+FF0B FULLWIDTH PLUS SIGN
markrogoyski__math-php,markrogoyski__math-php/tests/LinearAlgebra/Matrix/Numeric/MatrixAxiomsTest.php,2047,other,False,test_code,T_VARIABLE,2,A⊗⟮B＋C⟯,41e28a97e29fae42efbc8b43e29faf,7,True,False,False,,True,"Latin,Other",False,True,,False,False,U+2297 CIRCLED TIMES; U+27EE MATHEMATICAL LEFT FLATTENED PARENTHESIS; U+FF0B FULLWIDTH PLUS SIGN; U+27EF MATHEMATICAL RIGHT FLATTENED PARENTHESIS
markrogoyski__math-php,markrogoyski__math-php/tests/LinearAlgebra/Matrix/Numeric/MatrixAxiomsTest.php,2048,other,False,test_code,T_VARIABLE,2,A⊗B＋A⊗C,41e28a9742efbc8b41e28a9743,7,True,False,False,,True,"Latin,Other",False,True,,False,False,U+2297 CIRCLED TIMES; U+FF0B FULLWIDTH PLUS SIGN; U+2297 CIRCLED TIMES
markrogoyski__math-php,markrogoyski__math-php/tests/LinearAlgebra/Matrix/Numeric/MatrixAxiomsTest.php,2071,other,False,test_code,T_VARIABLE,2,⟮A＋B⟯⊗C,e29fae41efbc8b42e29fafe28a9743,7,True,False,False,,True,"Latin,Other",False,True,,False,False,U+27EE MATHEMATICAL LEFT FLATTENED PARENTHESIS; U+FF0B FULLWIDTH PLUS SIGN; U+27EF MATHEMATICAL RIGHT FLATTENED PARENTHESIS; U+2297 CIRCLED TIMES
markrogoyski__math-php,markrogoyski__math-php/tests/LinearAlgebra/Matrix/Numeric/MatrixAxiomsTest.php,2072,other,False,test_code,T_VARIABLE,2,A⊗C＋B⊗C,41e28a9743efbc8b42e28a9743,7,True,False,False,,True,"Latin,Other",False,True,,False,False,U+2297 CIRCLED TIMES; U+FF0B FULLWIDTH PLUS SIGN; U+2297 CIRCLED TIMES
markrogoyski__math-php,markrogoyski__math-php/tests/LinearAlgebra/Matrix/Numeric/MatrixAxiomsTest.php,2095,other,False,test_code,T_VARIABLE,2,⟮A⊗B⟯⊗C,e29fae41e28a9742e29fafe28a9743,7,True,False,False,,True,"Latin,Other",False,True,,False,False,U+27EE MATHEMATICAL LEFT FLATTENED PARENTHESIS; U+2297 CIRCLED TIMES; U+27EF MATHEMATICAL RIGHT FLATTENED PARENTHESIS; U+2297 CIRCLED TIMES
markrogoyski__math-php,markrogoyski__math-php/tests/LinearAlgebra/Matrix/Numeric/MatrixAxiomsTest.php,2096,other,False,test_code,T_VARIABLE,2,A⊗⟮B⊗C⟯,41e28a97e29fae42e28a9743e29faf,7,True,False,False,,True,"Latin,Other",False,True,,False,False,U+2297 CIRCLED TIMES; U+27EE MATHEMATICAL LEFT FLATTENED PARENTHESIS; U+2297 CIRCLED TIMES; U+27EF MATHEMATICAL RIGHT FLATTENED PARENTHESIS
markrogoyski__math-php,markrogoyski__math-php/tests/LinearAlgebra/Matrix/Numeric/MatrixAxiomsTest.php,2121,other,False,test_code,T_VARIABLE,2,⟮A⊗B⟯,e29fae41e28a9742e29faf,5,True,False,False,,True,"Latin,Other",False,True,,False,False,U+27EE MATHEMATICAL LEFT FLATTENED PARENTHESIS; U+2297 CIRCLED TIMES; U+27EF MATHEMATICAL RIGHT FLATTENED PARENTHESIS
markrogoyski__math-php,markrogoyski__math-php/tests/LinearAlgebra/Matrix/Numeric/MatrixAxiomsTest.php,2122,other,False,test_code,T_VARIABLE,2,⟮C⊗D⟯,e29fae43e28a9744e29faf,5,True,False,False,,True,"Latin,Other",False,True,,False,False,U+27EE MATHEMATICAL LEFT FLATTENED PARENTHESIS; U+2297 CIRCLED TIMES; U+27EF MATHEMATICAL RIGHT FLATTENED PARENTHESIS
markrogoyski__math-php,markrogoyski__math-php/tests/LinearAlgebra/Matrix/Numeric/MatrixAxiomsTest.php,2123,other,False,test_code,T_VARIABLE,2,⟮A⊗B⟯⟮C⊗D⟯,e29fae41e28a9742e29fafe29fae43e28a9744e29faf,10,True,False,False,,True,"Latin,Other",False,True,,False,False,U+27EE MATHEMATICAL LEFT FLATTENED PARENTHESIS; U+2297 CIRCLED TIMES; U+27EF MATHEMATICAL RIGHT FLATTENED PARENTHESIS; U+27EE MATHEMATICAL LEFT FLATTENED PARENTHESIS; U+2297 CIRCLED TIMES; U+27EF MATHEMATICAL RIGHT FLATTENED PARENTHESIS
markrogoyski__math-php,markrogoyski__math-php/tests/LinearAlgebra/Matrix/Numeric/MatrixAxiomsTest.php,2128,other,False,test_code,T_VARIABLE,2,AC⊗BD,4143e28a974244,5,True,False,False,,True,"Latin,Other",False,True,,False,False,U+2297 CIRCLED TIMES
markrogoyski__math-php,markrogoyski__math-php/tests/LinearAlgebra/Matrix/Numeric/MatrixAxiomsTest.php,2150,other,False,test_code,T_VARIABLE,3,⟮kA⟯⊗B,e29fae6b41e29fafe28a9742,6,True,False,False,,True,"Latin,Other",False,True,,False,False,U+27EE MATHEMATICAL LEFT FLATTENED PARENTHESIS; U+27EF MATHEMATICAL RIGHT FLATTENED PARENTHESIS; U+2297 CIRCLED TIMES
markrogoyski__math-php,markrogoyski__math-php/tests/LinearAlgebra/Matrix/Numeric/MatrixAxiomsTest.php,2151,other,False,test_code,T_VARIABLE,3,A⊗⟮kB⟯,41e28a97e29fae6b42e29faf,6,True,False,False,,True,"Latin,Other",False,True,,False,False,U+2297 CIRCLED TIMES; U+27EE MATHEMATICAL LEFT FLATTENED PARENTHESIS; U+27EF MATHEMATICAL RIGHT FLATTENED PARENTHESIS
markrogoyski__math-php,markrogoyski__math-php/tests/LinearAlgebra/Matrix/Numeric/MatrixAxiomsTest.php,2152,other,False,test_code,T_VARIABLE,3,k⟮A⊗B⟯,6be29fae41e28a9742e29faf,6,True,False,False,,True,"Latin,Other",False,True,,False,False,U+27EE MATHEMATICAL LEFT FLATTENED PARENTHESIS; U+2297 CIRCLED TIMES; U+27EF MATHEMATICAL RIGHT FLATTENED PARENTHESIS
markrogoyski__math-php,markrogoyski__math-php/tests/LinearAlgebra/Matrix/Numeric/MatrixAxiomsTest.php,2177,other,False,test_code,T_VARIABLE,2,A⁻¹⊗B⁻¹,41e281bbc2b9e28a9742e281bbc2b9,7,True,False,False,,True,"Latin,Other",False,True,,False,False,U+207B SUPERSCRIPT MINUS; U+00B9 SUPERSCRIPT ONE; U+2297 CIRCLED TIMES; U+207B SUPERSCRIPT MINUS; U+00B9 SUPERSCRIPT ONE
markrogoyski__math-php,markrogoyski__math-php/tests/LinearAlgebra/Matrix/Numeric/MatrixAxiomsTest.php,2178,other,False,test_code,T_VARIABLE,2,⟮A⊗B⟯⁻¹,e29fae41e28a9742e29fafe281bbc2b9,7,True,False,False,,True,"Latin,Other",False,True,,False,False,U+27EE MATHEMATICAL LEFT FLATTENED PARENTHESIS; U+2297 CIRCLED TIMES; U+27EF MATHEMATICAL RIGHT FLATTENED PARENTHESIS; U+207B SUPERSCRIPT MINUS; U+00B9 SUPERSCRIPT ONE
markrogoyski__math-php,markrogoyski__math-php/tests/LinearAlgebra/Matrix/Numeric/MatrixAxiomsTest.php,2201,other,False,test_code,T_VARIABLE,2,Aᵀ⊗Bᵀ,41e1b580e28a9742e1b580,5,True,False,False,,True,"Latin,Other",False,True,,False,False,U+2297 CIRCLED TIMES
markrogoyski__math-php,markrogoyski__math-php/tests/LinearAlgebra/Matrix/Numeric/MatrixAxiomsTest.php,2202,other,False,test_code,T_VARIABLE,2,⟮A⊗B⟯ᵀ,e29fae41e28a9742e29fafe1b580,6,True,False,False,,True,"Latin,Other",False,True,,False,False,U+27EE MATHEMATICAL LEFT FLATTENED PARENTHESIS; U+2297 CIRCLED TIMES; U+27EF MATHEMATICAL RIGHT FLATTENED PARENTHESIS
markrogoyski__math-php,markrogoyski__math-php/tests/LinearAlgebra/Matrix/Numeric/MatrixAxiomsTest.php,2223,other,False,test_code,T_VARIABLE,2,det⟮A⟯ᵐ,646574e29fae41e29fafe1b590,7,True,False,False,,True,"Latin,Other",False,True,,False,False,U+27EE MATHEMATICAL LEFT FLATTENED PARENTHESIS; U+27EF MATHEMATICAL RIGHT FLATTENED PARENTHESIS
markrogoyski__math-php,markrogoyski__math-php/tests/LinearAlgebra/Matrix/Numeric/MatrixAxiomsTest.php,2224,other,False,test_code,T_VARIABLE,2,det⟮B⟯ⁿ,646574e29fae42e29fafe281bf,7,True,False,False,,True,"Latin,Other",False,True,,False,False,U+27EE MATHEMATICAL LEFT FLATTENED PARENTHESIS; U+27EF MATHEMATICAL RIGHT FLATTENED PARENTHESIS
markrogoyski__math-php,markrogoyski__math-php/tests/LinearAlgebra/Matrix/Numeric/MatrixAxiomsTest.php,2225,other,False,test_code,T_VARIABLE,2,det⟮A⊗B⟯,646574e29fae41e28a9742e29faf,8,True,False,False,,True,"Latin,Other",False,True,,False,False,U+27EE MATHEMATICAL LEFT FLATTENED PARENTHESIS; U+2297 CIRCLED TIMES; U+27EF MATHEMATICAL RIGHT FLATTENED PARENTHESIS
markrogoyski__math-php,markrogoyski__math-php/tests/LinearAlgebra/Matrix/Numeric/MatrixAxiomsTest.php,2349,other,False,test_code,T_VARIABLE,2,A⊕B,41e28a9542,3,True,False,False,,True,"Latin,Other",False,True,,False,False,U+2295 CIRCLED PLUS
markrogoyski__math-php,markrogoyski__math-php/tests/LinearAlgebra/Matrix/Numeric/MatrixAxiomsTest.php,2354,other,False,test_code,T_VARIABLE,2,A⊗Im,41e28a97496d,4,True,False,False,,True,"Latin,Other",False,True,,False,False,U+2297 CIRCLED TIMES
markrogoyski__math-php,markrogoyski__math-php/tests/LinearAlgebra/Matrix/Numeric/MatrixAxiomsTest.php,2355,other,False,test_code,T_VARIABLE,2,In⊗B,496ee28a9742,4,True,False,False,,True,"Latin,Other",False,True,,False,False,U+2297 CIRCLED TIMES
markrogoyski__math-php,markrogoyski__math-php/tests/LinearAlgebra/Matrix/Numeric/MatrixAxiomsTest.php,2356,other,False,test_code,T_VARIABLE,2,A⊗Im＋In⊗B,41e28a97496defbc8b496ee28a9742,9,True,False,False,,True,"Latin,Other",False,True,,False,False,U+2297 CIRCLED TIMES; U+FF0B FULLWIDTH PLUS SIGN; U+2297 CIRCLED TIMES
markrogoyski__math-php,markrogoyski__math-php/tests/LinearAlgebra/Matrix/Numeric/MatrixAxiomsTest.php,2376,other,False,test_code,T_VARIABLE,2,Sᵀ,53e1b580,2,True,True,True,,True,"Latin,Other",False,True,,False,False,
markrogoyski__math-php,markrogoyski__math-php/tests/LinearAlgebra/Matrix/Numeric/MatrixAxiomsTest.php,2754,other,False,test_code,T_VARIABLE,2,Uᵀ,55e1b580,2,True,True,True,,True,"Latin,Other",False,True,,False,False,
markrogoyski__math-php,markrogoyski__math-php/tests/LinearAlgebra/Matrix/Numeric/MatrixAxiomsTest.php,2814,other,False,test_code,T_VARIABLE,2,L＋L,4cefbc8b4c,3,True,False,False,,True,"Latin,Other",False,True,,False,False,U+FF0B FULLWIDTH PLUS SIGN
markrogoyski__math-php,markrogoyski__math-php/tests/LinearAlgebra/Matrix/Numeric/MatrixAxiomsTest.php,2834,other,False,test_code,T_VARIABLE,2,U＋U,55efbc8b55,3,True,False,False,,True,"Latin,Other",False,True,,False,False,U+FF0B FULLWIDTH PLUS SIGN
markrogoyski__math-php,markrogoyski__math-php/tests/LinearAlgebra/Matrix/Numeric/MatrixAxiomsTest.php,2998,other,False,test_code,T_VARIABLE,2,Dᵀ,44e1b580,2,True,True,True,,True,"Latin,Other",False,True,,False,False,
markrogoyski__math-php,markrogoyski__math-php/tests/LinearAlgebra/Matrix/Numeric/MatrixAxiomsTest.php,3038,other,False,test_code,T_VARIABLE,2,D＋D,44efbc8b44,3,True,False,False,,True,"Latin,Other",False,True,,False,False,U+FF0B FULLWIDTH PLUS SIGN
markrogoyski__math-php,markrogoyski__math-php/tests/LinearAlgebra/Matrix/Numeric/MatrixAxiomsTest.php,3060,other,False,test_code,T_VARIABLE,2,D⁻¹,44e281bbc2b9,3,True,False,False,,True,"Latin,Other",False,True,,False,False,U+207B SUPERSCRIPT MINUS; U+00B9 SUPERSCRIPT ONE
markrogoyski__math-php,markrogoyski__math-php/tests/LinearAlgebra/Matrix/Numeric/MatrixAxiomsTest.php,3144,other,False,test_code,T_VARIABLE,2,Jᵀ,4ae1b580,2,True,True,True,,True,"Latin,Other",False,True,,False,False,
markrogoyski__math-php,markrogoyski__math-php/tests/LinearAlgebra/Matrix/Numeric/MatrixAxiomsTest.php,3161,other,False,test_code,T_VARIABLE,2,J⁻¹,4ae281bbc2b9,3,True,False,False,,True,"Latin,Other",False,True,,False,False,U+207B SUPERSCRIPT MINUS; U+00B9 SUPERSCRIPT ONE
markrogoyski__math-php,markrogoyski__math-php/tests/LinearAlgebra/Matrix/Numeric/MatrixAxiomsTest.php,3178,other,False,test_code,T_VARIABLE,3,tr⟮J⟯,7472e29fae4ae29faf,5,True,False,False,,True,"Latin,Other",False,True,,False,False,U+27EE MATHEMATICAL LEFT FLATTENED PARENTHESIS; U+27EF MATHEMATICAL RIGHT FLATTENED PARENTHESIS
markrogoyski__math-php,markrogoyski__math-php/tests/LinearAlgebra/Matrix/Numeric/MatrixAxiomsTest.php,3248,other,False,test_code,T_VARIABLE,2,LLᵀ,4c4ce1b580,3,True,True,True,,True,"Latin,Other",False,True,,False,False,
markrogoyski__math-php,markrogoyski__math-php/tests/LinearAlgebra/Matrix/Numeric/MatrixAxiomsTest.php,3303,other,False,test_code,T_VARIABLE,19,adj⟮A⟯,61646ae29fae41e29faf,6,True,False,False,,True,"Latin,Other",False,True,,False,False,U+27EE MATHEMATICAL LEFT FLATTENED PARENTHESIS; U+27EF MATHEMATICAL RIGHT FLATTENED PARENTHESIS
markrogoyski__math-php,markrogoyski__math-php/tests/LinearAlgebra/Matrix/Numeric/MatrixAxiomsTest.php,3304,other,False,test_code,T_VARIABLE,2,Cᵀ,43e1b580,2,True,True,True,,True,"Latin,Other",False,True,,False,False,
markrogoyski__math-php,markrogoyski__math-php/tests/LinearAlgebra/Matrix/Numeric/MatrixAxiomsTest.php,3324,other,False,test_code,T_VARIABLE,5,Aadj⟮A⟯,4161646ae29fae41e29faf,7,True,False,False,,True,"Latin,Other",False,True,,False,False,U+27EE MATHEMATICAL LEFT FLATTENED PARENTHESIS; U+27EF MATHEMATICAL RIGHT FLATTENED PARENTHESIS
markrogoyski__math-php,markrogoyski__math-php/tests/LinearAlgebra/Matrix/Numeric/MatrixAxiomsTest.php,3329,other,False,test_code,T_VARIABLE,5,det⟮A⟯I,646574e29fae41e29faf49,7,True,False,False,,True,"Latin,Other",False,True,,False,False,U+27EE MATHEMATICAL LEFT FLATTENED PARENTHESIS; U+27EF MATHEMATICAL RIGHT FLATTENED PARENTHESIS
markrogoyski__math-php,markrogoyski__math-php/tests/LinearAlgebra/Matrix/Numeric/MatrixAxiomsTest.php,3351,other,False,test_code,T_VARIABLE,4,det⟮A⟯A⁻¹,646574e29fae41e29faf41e281bbc2b9,9,True,False,False,,True,"Latin,Other",False,True,,False,False,U+27EE MATHEMATICAL LEFT FLATTENED PARENTHESIS; U+27EF MATHEMATICAL RIGHT FLATTENED PARENTHESIS; U+207B SUPERSCRIPT MINUS; U+00B9 SUPERSCRIPT ONE
markrogoyski__math-php,markrogoyski__math-php/tests/LinearAlgebra/Matrix/Numeric/MatrixAxiomsTest.php,3373,other,False,test_code,T_VARIABLE,2,⟮1／det⟮A⟯⟯adj⟮A⟯,e29fae31efbc8f646574e29fae41e29fafe29faf61646ae29fae41e29faf,16,True,False,False,,True,"Common,Latin,Other",False,True,,False,False,U+27EE MATHEMATICAL LEFT FLATTENED PARENTHESIS; U+FF0F FULLWIDTH SOLIDUS; U+27EE MATHEMATICAL LEFT FLATTENED PARENTHESIS; U+27EF MATHEMATICAL RIGHT FLATTENED PARENTHESIS; U+27EF MATHEMATICAL RIGHT FLATTENED PARENTHESIS; U+27EE MATHEMATICAL LEFT FLATTENED PARENTHESIS; U+27EF MATHEMATICAL RIGHT FLATTENED PARENTHESIS
markrogoyski__math-php,markrogoyski__math-php/tests/LinearAlgebra/Matrix/Numeric/MatrixAxiomsTest.php,3392,other,False,test_code,T_VARIABLE,2,adj⟮I⟯,61646ae29fae49e29faf,6,True,False,False,,True,"Latin,Other",False,True,,False,False,U+27EE MATHEMATICAL LEFT FLATTENED PARENTHESIS; U+27EF MATHEMATICAL RIGHT FLATTENED PARENTHESIS
markrogoyski__math-php,markrogoyski__math-php/tests/LinearAlgebra/Matrix/Numeric/MatrixAxiomsTest.php,3415,other,False,test_code,T_VARIABLE,4,adj⟮B⟯,61646ae29fae42e29faf,6,True,False,False,,True,"Latin,Other",False,True,,False,False,U+27EE MATHEMATICAL LEFT FLATTENED PARENTHESIS; U+27EF MATHEMATICAL RIGHT FLATTENED PARENTHESIS
markrogoyski__math-php,markrogoyski__math-php/tests/LinearAlgebra/Matrix/Numeric/MatrixAxiomsTest.php,3416,other,False,test_code,T_VARIABLE,2,adj⟮AB⟯,61646ae29fae4142e29faf,7,True,False,False,,True,"Latin,Other",False,True,,False,False,U+27EE MATHEMATICAL LEFT FLATTENED PARENTHESIS; U+27EF MATHEMATICAL RIGHT FLATTENED PARENTHESIS
markrogoyski__math-php,markrogoyski__math-php/tests/LinearAlgebra/Matrix/Numeric/MatrixAxiomsTest.php,3417,other,False,test_code,T_VARIABLE,5,adj⟮B⟯adj⟮A⟯,61646ae29fae42e29faf61646ae29fae41e29faf,12,True,False,False,,True,"Latin,Other",False,True,,False,False,U+27EE MATHEMATICAL LEFT FLATTENED PARENTHESIS; U+27EF MATHEMATICAL RIGHT FLATTENED PARENTHESIS; U+27EE MATHEMATICAL LEFT FLATTENED PARENTHESIS; U+27EF MATHEMATICAL RIGHT FLATTENED PARENTHESIS
markrogoyski__math-php,markrogoyski__math-php/tests/LinearAlgebra/Matrix/Numeric/MatrixAxiomsTest.php,3439,other,False,test_code,T_VARIABLE,2,adj⟮cA⟯,61646ae29fae6341e29faf,7,True,False,False,,True,"Latin,Other",False,True,,False,False,U+27EE MATHEMATICAL LEFT FLATTENED PARENTHESIS; U+27EF MATHEMATICAL RIGHT FLATTENED PARENTHESIS
markrogoyski__math-php,markrogoyski__math-php/tests/LinearAlgebra/Matrix/Numeric/MatrixAxiomsTest.php,3440,other,False,test_code,T_VARIABLE,2,cⁿ⁻¹,63e281bfe281bbc2b9,4,True,False,False,,True,"Latin,Other",False,True,,False,False,U+207B SUPERSCRIPT MINUS; U+00B9 SUPERSCRIPT ONE
markrogoyski__math-php,markrogoyski__math-php/tests/LinearAlgebra/Matrix/Numeric/MatrixAxiomsTest.php,3441,other,False,test_code,T_VARIABLE,2,cⁿ⁻¹adj⟮A⟯,63e281bfe281bbc2b961646ae29fae41e29faf,10,True,False,False,,True,"Latin,Other",False,True,,False,False,U+207B SUPERSCRIPT MINUS; U+00B9 SUPERSCRIPT ONE; U+27EE MATHEMATICAL LEFT FLATTENED PARENTHESIS; U+27EF MATHEMATICAL RIGHT FLATTENED PARENTHESIS
markrogoyski__math-php,markrogoyski__math-php/tests/LinearAlgebra/Matrix/Numeric/MatrixAxiomsTest.php,3473,other,False,test_code,T_VARIABLE,2,det⟮B⟯B⁻¹,646574e29fae42e29faf42e281bbc2b9,9,True,False,False,,True,"Latin,Other",False,True,,False,False,U+27EE MATHEMATICAL LEFT FLATTENED PARENTHESIS; U+27EF MATHEMATICAL RIGHT FLATTENED PARENTHESIS; U+207B SUPERSCRIPT MINUS; U+00B9 SUPERSCRIPT ONE
markrogoyski__math-php,markrogoyski__math-php/tests/LinearAlgebra/Matrix/Numeric/MatrixAxiomsTest.php,3477,other,False,test_code,T_VARIABLE,3,det⟮B⟯B⁻¹det⟮A⟯A⁻¹,646574e29fae42e29faf42e281bbc2b9646574e29fae41e29faf41e281bbc2b9,18,True,False,False,,True,"Latin,Other",False,True,,False,False,U+27EE MATHEMATICAL LEFT FLATTENED PARENTHESIS; U+27EF MATHEMATICAL RIGHT FLATTENED PARENTHESIS; U+207B SUPERSCRIPT MINUS; U+00B9 SUPERSCRIPT ONE; U+27EE MATHEMATICAL LEFT FLATTENED PARENTHESIS; U+27EF MATHEMATICAL RIGHT FLATTENED PARENTHESIS; U+207B SUPERSCRIPT MINUS; U+00B9 SUPERSCRIPT ONE
markrogoyski__math-php,markrogoyski__math-php/tests/LinearAlgebra/Matrix/Numeric/MatrixAxiomsTest.php,3478,other,False,test_code,T_VARIABLE,3,det⟮AB⟯⟮AB⟯⁻¹,646574e29fae4142e29fafe29fae4142e29fafe281bbc2b9,13,True,False,False,,True,"Latin,Other",False,True,,False,False,U+27EE MATHEMATICAL LEFT FLATTENED PARENTHESIS; U+27EF MATHEMATICAL RIGHT FLATTENED PARENTHESIS; U+27EE MATHEMATICAL LEFT FLATTENED PARENTHESIS; U+27EF MATHEMATICAL RIGHT FLATTENED PARENTHESIS; U+207B SUPERSCRIPT MINUS; U+00B9 SUPERSCRIPT ONE
markrogoyski__math-php,markrogoyski__math-php/tests/LinearAlgebra/Matrix/Numeric/MatrixAxiomsTest.php,3501,other,False,test_code,T_VARIABLE,2,adj⟮Aᵀ⟯,61646ae29fae41e1b580e29faf,7,True,False,False,,True,"Latin,Other",False,True,,False,False,U+27EE MATHEMATICAL LEFT FLATTENED PARENTHESIS; U+27EF MATHEMATICAL RIGHT FLATTENED PARENTHESIS
markrogoyski__math-php,markrogoyski__math-php/tests/LinearAlgebra/Matrix/Numeric/MatrixAxiomsTest.php,3502,other,False,test_code,T_VARIABLE,2,adj⟮A⟯ᵀ,61646ae29fae41e29fafe1b580,7,True,False,False,,True,"Latin,Other",False,True,,False,False,U+27EE MATHEMATICAL LEFT FLATTENED PARENTHESIS; U+27EF MATHEMATICAL RIGHT FLATTENED PARENTHESIS
markrogoyski__math-php,markrogoyski__math-php/tests/LinearAlgebra/Matrix/Numeric/MatrixAxiomsTest.php,3523,other,False,test_code,T_VARIABLE,3,adj⟮A⟯A,61646ae29fae41e29faf41,7,True,False,False,,True,"Latin,Other",False,True,,False,False,U+27EE MATHEMATICAL LEFT FLATTENED PARENTHESIS; U+27EF MATHEMATICAL RIGHT FLATTENED PARENTHESIS
markrogoyski__math-php,markrogoyski__math-php/tests/LinearAlgebra/Matrix/Numeric/MatrixAxiomsTest.php,3603,other,False,test_code,T_VARIABLE,4,rank⟮A⟯,72616e6be29fae41e29faf,7,True,False,False,,True,"Latin,Other",False,True,,False,False,U+27EE MATHEMATICAL LEFT FLATTENED PARENTHESIS; U+27EF MATHEMATICAL RIGHT FLATTENED PARENTHESIS
markrogoyski__math-php,markrogoyski__math-php/tests/LinearAlgebra/Matrix/Numeric/MatrixAxiomsTest.php,3604,other,False,test_code,T_VARIABLE,4,rank⟮Aᵀ⟯,72616e6be29fae41e1b580e29faf,8,True,False,False,,True,"Latin,Other",False,True,,False,False,U+27EE MATHEMATICAL LEFT FLATTENED PARENTHESIS; U+27EF MATHEMATICAL RIGHT FLATTENED PARENTHESIS
markrogoyski__math-php,markrogoyski__math-php/tests/LinearAlgebra/Matrix/Numeric/MatrixAxiomsTest.php,3605,other,False,test_code,T_VARIABLE,4,rank⟮AᵀA⟯,72616e6be29fae41e1b58041e29faf,9,True,False,False,,True,"Latin,Other",False,True,,False,False,U+27EE MATHEMATICAL LEFT FLATTENED PARENTHESIS; U+27EF MATHEMATICAL RIGHT FLATTENED PARENTHESIS
markrogoyski__math-php,markrogoyski__math-php/tests/LinearAlgebra/Matrix/Numeric/MatrixAxiomsTest.php,3606,other,False,test_code,T_VARIABLE,4,rank⟮AAᵀ⟯,72616e6be29fae4141e1b580e29faf,9,True,False,False,,True,"Latin,Other",False,True,,False,False,U+27EE MATHEMATICAL LEFT FLATTENED PARENTHESIS; U+27EF MATHEMATICAL RIGHT FLATTENED PARENTHESIS
markrogoyski__math-php,markrogoyski__math-php/tests/LinearAlgebra/Matrix/Numeric/MatrixAxiomsTest.php,3933,other,False,test_code,T_VARIABLE,2,‖A‖oneNorm,e2809641e280966f6e654e6f726d,10,True,False,False,,True,"Latin,Other",False,True,,False,False,U+2016 DOUBLE VERTICAL LINE; U+2016 DOUBLE VERTICAL LINE
markrogoyski__math-php,markrogoyski__math-php/tests/LinearAlgebra/Matrix/Numeric/MatrixAxiomsTest.php,3934,other,False,test_code,T_VARIABLE,2,‖A‖frobeniusNorm,e2809641e2809666726f62656e6975734e6f726d,16,True,False,False,,True,"Latin,Other",False,True,,False,False,U+2016 DOUBLE VERTICAL LINE; U+2016 DOUBLE VERTICAL LINE
markrogoyski__math-php,markrogoyski__math-php/tests/LinearAlgebra/Matrix/Numeric/MatrixAxiomsTest.php,3935,other,False,test_code,T_VARIABLE,2,‖A‖infinityNorm,e2809641e28096696e66696e6974794e6f726d,15,True,False,False,,True,"Latin,Other",False,True,,False,False,U+2016 DOUBLE VERTICAL LINE; U+2016 DOUBLE VERTICAL LINE
markrogoyski__math-php,markrogoyski__math-php/tests/LinearAlgebra/Matrix/Numeric/MatrixAxiomsTest.php,3936,other,False,test_code,T_VARIABLE,2,‖A‖maxNorm,e2809641e280966d61784e6f726d,10,True,False,False,,True,"Latin,Other",False,True,,False,False,U+2016 DOUBLE VERTICAL LINE; U+2016 DOUBLE VERTICAL LINE
markrogoyski__math-php,markrogoyski__math-php/tests/LinearAlgebra/Matrix/Numeric/MatrixAxiomsTest.php,3939,other,False,test_code,T_VARIABLE,2,‖kA‖oneNorm,e280966b41e280966f6e654e6f726d,11,True,False,False,,True,"Latin,Other",False,True,,False,False,U+2016 DOUBLE VERTICAL LINE; U+2016 DOUBLE VERTICAL LINE
markrogoyski__math-php,markrogoyski__math-php/tests/LinearAlgebra/Matrix/Numeric/MatrixAxiomsTest.php,3940,other,False,test_code,T_VARIABLE,2,‖kA‖frobeniusNorm,e280966b41e2809666726f62656e6975734e6f726d,17,True,False,False,,True,"Latin,Other",False,True,,False,False,U+2016 DOUBLE VERTICAL LINE; U+2016 DOUBLE VERTICAL LINE
markrogoyski__math-php,markrogoyski__math-php/tests/LinearAlgebra/Matrix/Numeric/MatrixAxiomsTest.php,3941,other,False,test_code,T_VARIABLE,2,‖kA‖infinityNorm,e280966b41e28096696e66696e6974794e6f726d,16,True,False,False,,True,"Latin,Other",False,True,,False,False,U+2016 DOUBLE VERTICAL LINE; U+2016 DOUBLE VERTICAL LINE
markrogoyski__math-php,markrogoyski__math-php/tests/LinearAlgebra/Matrix/Numeric/MatrixAxiomsTest.php,3942,other,False,test_code,T_VARIABLE,2,‖kA‖maxNorm,e280966b41e280966d61784e6f726d,11,True,False,False,,True,"Latin,Other",False,True,,False,False,U+2016 DOUBLE VERTICAL LINE; U+2016 DOUBLE VERTICAL LINE
markrogoyski__math-php,markrogoyski__math-php/tests/LinearAlgebra/Matrix/Numeric/MatrixRowOperationsTest.php,20,other,False,test_code,T_VARIABLE,14,mᵢ,6de1b5a2,2,True,True,True,,True,Latin,False,False,,False,False,
markrogoyski__math-php,markrogoyski__math-php/tests/LinearAlgebra/Matrix/Numeric/MatrixRowOperationsTest.php,227,other,False,test_code,T_VARIABLE,4,mⱼ,6de2b1bc,2,True,True,True,,True,Latin,False,False,,False,False,
markrogoyski__math-php,markrogoyski__math-php/tests/LinearAlgebra/Matrix/Numeric/MatrixArithmeticOperationsTest.php,168,other,False,test_code,T_VARIABLE,5,A⊕B,41e28a9542,3,True,False,False,,True,"Latin,Other",False,True,,False,False,U+2295 CIRCLED PLUS
markrogoyski__math-php,markrogoyski__math-php/tests/LinearAlgebra/Matrix/Numeric/MatrixArithmeticOperationsTest.php,1064,other,False,test_code,T_VARIABLE,2,−A,e2889241,2,True,False,False,,True,"Latin,Other",False,True,,False,False,U+2212 MINUS SIGN
markrogoyski__math-php,markrogoyski__math-php/tests/LinearAlgebra/Matrix/Numeric/MatrixArithmeticOperationsTest.php,1219,other,False,test_code,T_VARIABLE,2,A∘B,41e2889842,3,True,False,False,,True,"Latin,Other",False,True,,False,False,U+2218 RING OPERATOR
markrogoyski__math-php,markrogoyski__math-php/tests/LinearAlgebra/Matrix/Numeric/MatrixArithmeticOperationsTest.php,1300,other,False,test_code,T_VARIABLE,2,A⊗B,41e28a9742,3,True,False,False,,True,"Latin,Other",False,True,,False,False,U+2297 CIRCLED TIMES
markrogoyski__math-php,markrogoyski__math-php/tests/LinearAlgebra/Matrix/MatrixFactoryErrorPropagationTest.php,13,const_decl,False,test_code,T_STRING,1,ε,ceb5,1,True,True,True,,True,Greek,False,False,,False,False,
markrogoyski__math-php,markrogoyski__math-php/tests/LinearAlgebra/Matrix/MatrixFactoryErrorPropagationTest.php,21,static_member,False,test_code,T_STRING,34,ε,ceb5,1,True,True,True,,True,Greek,False,False,,False,False,
markrogoyski__math-php,markrogoyski__math-php/tests/LinearAlgebra/Matrix/Complex/ComplexMatrixTest.php,84,other,False,test_code,T_VARIABLE,2,Aᴴ,41e1b4b4,2,True,True,True,,True,"Latin,Other",False,True,,False,False,
markrogoyski__math-php,markrogoyski__math-php/tests/LinearAlgebra/Matrix/Complex/ComplexMatrixAxiomsTest.php,39,other,False,test_code,T_VARIABLE,2,Aᴴ ＋ Bᴴ,41e1b4b4c2a0efbc8bc2a042e1b4b4,7,True,False,False,U+00A0 NO-BREAK SPACE; U+00A0 NO-BREAK SPACE,True,"Common,Latin,Other",False,True,,False,False,U+00A0 NO-BREAK SPACE; U+FF0B FULLWIDTH PLUS SIGN; U+00A0 NO-BREAK SPACE
markrogoyski__math-php,markrogoyski__math-php/tests/LinearAlgebra/Matrix/Complex/ComplexMatrixAxiomsTest.php,40,other,False,test_code,T_VARIABLE,2,⟮A ＋ B⟯ᴴ,e29fae41c2a0efbc8bc2a042e29fafe1b4b4,8,True,False,False,U+00A0 NO-BREAK SPACE; U+00A0 NO-BREAK SPACE,True,"Common,Latin,Other",False,True,,False,False,U+27EE MATHEMATICAL LEFT FLATTENED PARENTHESIS; U+00A0 NO-BREAK SPACE; U+FF0B FULLWIDTH PLUS SIGN; U+00A0 NO-BREAK SPACE; U+27EF MATHEMATICAL RIGHT FLATTENED PARENTHESIS
markrogoyski__math-php,markrogoyski__math-php/tests/LinearAlgebra/Matrix/Complex/ComplexMatrixAxiomsTest.php,60,other,False,test_code,T_VARIABLE,2,⟮zA⟯ᴴ,e29fae7a41e29fafe1b4b4,5,True,False,False,,True,"Latin,Other",False,True,,False,False,U+27EE MATHEMATICAL LEFT FLATTENED PARENTHESIS; U+27EF MATHEMATICAL RIGHT FLATTENED PARENTHESIS
markrogoyski__math-php,markrogoyski__math-php/tests/LinearAlgebra/Matrix/Complex/ComplexMatrixAxiomsTest.php,61,other,False,test_code,T_VARIABLE,2,z‾Aᴴ,7ae280be41e1b4b4,4,True,False,False,,True,"Latin,Other",False,True,,False,False,U+203E OVERLINE
markrogoyski__math-php,markrogoyski__math-php/tests/LinearAlgebra/Matrix/Complex/ComplexMatrixAxiomsTest.php,83,other,False,test_code,T_VARIABLE,2,⟮AB⟯ᴴ,e29fae4142e29fafe1b4b4,5,True,False,False,,True,"Latin,Other",False,True,,False,False,U+27EE MATHEMATICAL LEFT FLATTENED PARENTHESIS; U+27EF MATHEMATICAL RIGHT FLATTENED PARENTHESIS
markrogoyski__math-php,markrogoyski__math-php/tests/LinearAlgebra/Matrix/Complex/ComplexMatrixAxiomsTest.php,84,other,False,test_code,T_VARIABLE,2,BᴴAᴴ,42e1b4b441e1b4b4,4,True,True,True,,True,"Latin,Other",False,True,,False,False,
markrogoyski__math-php,markrogoyski__math-php/tests/LinearAlgebra/Matrix/Complex/ComplexMatrixAxiomsTest.php,103,other,False,test_code,T_VARIABLE,2,⟮Aᴴ⟯ᴴ,e29fae41e1b4b4e29fafe1b4b4,5,True,False,False,,True,"Latin,Other",False,True,,False,False,U+27EE MATHEMATICAL LEFT FLATTENED PARENTHESIS; U+27EF MATHEMATICAL RIGHT FLATTENED PARENTHESIS
markrogoyski__math-php,markrogoyski__math-php/tests/LinearAlgebra/Matrix/Complex/ComplexMatrixAxiomsTest.php,122,other,False,test_code,T_VARIABLE,2,det⟮Aᴴ⟯,646574e29fae41e1b4b4e29faf,7,True,False,False,,True,"Latin,Other",False,True,,False,False,U+27EE MATHEMATICAL LEFT FLATTENED PARENTHESIS; U+27EF MATHEMATICAL RIGHT FLATTENED PARENTHESIS
markrogoyski__math-php,markrogoyski__math-php/tests/LinearAlgebra/Matrix/Complex/ComplexMatrixAxiomsTest.php,123,other,False,test_code,T_VARIABLE,2,‾det⟮A⟯‾,e280be646574e29fae41e29fafe280be,8,True,False,False,,True,"Latin,Other",False,True,,False,False,U+203E OVERLINE; U+27EE MATHEMATICAL LEFT FLATTENED PARENTHESIS; U+27EF MATHEMATICAL RIGHT FLATTENED PARENTHESIS; U+203E OVERLINE
markrogoyski__math-php,markrogoyski__math-php/tests/LinearAlgebra/Matrix/Complex/ComplexMatrixAxiomsTest.php,142,other,False,test_code,T_VARIABLE,2,tr⟮Aᴴ⟯,7472e29fae41e1b4b4e29faf,6,True,False,False,,True,"Latin,Other",False,True,,False,False,U+27EE MATHEMATICAL LEFT FLATTENED PARENTHESIS; U+27EF MATHEMATICAL RIGHT FLATTENED PARENTHESIS
markrogoyski__math-php,markrogoyski__math-php/tests/LinearAlgebra/Matrix/Complex/ComplexMatrixAxiomsTest.php,143,other,False,test_code,T_VARIABLE,2,‾tr⟮A⟯‾,e280be7472e29fae41e29fafe280be,7,True,False,False,,True,"Latin,Other",False,True,,False,False,U+203E OVERLINE; U+27EE MATHEMATICAL LEFT FLATTENED PARENTHESIS; U+27EF MATHEMATICAL RIGHT FLATTENED PARENTHESIS; U+203E OVERLINE
markrogoyski__math-php,markrogoyski__math-php/tests/LinearAlgebra/Matrix/Base/MatrixOperationsTest.php,26,other,False,test_code,T_VARIABLE,4,Aᵀ,41e1b580,2,True,True,True,,True,"Latin,Other",False,True,,False,False,
markrogoyski__math-php,markrogoyski__math-php/tests/LinearAlgebra/Matrix/Base/MatrixOperationsTest.php,45,other,False,test_code,T_VARIABLE,2,Aᵀᵀ,41e1b580e1b580,3,True,True,True,,True,"Latin,Other",False,True,,False,False,
markrogoyski__math-php,markrogoyski__math-php/tests/LinearAlgebra/Matrix/Base/MatrixOperationsTest.php,99,other,False,test_code,T_VARIABLE,4,mᵢ,6de1b5a2,2,True,True,True,,True,Latin,False,False,,False,False,
markrogoyski__math-php,markrogoyski__math-php/tests/LinearAlgebra/Matrix/Base/MatrixOperationsTest.php,99,other,False,test_code,T_VARIABLE,4,nⱼ,6ee2b1bc,2,True,True,True,,True,Latin,False,False,,False,False,
markrogoyski__math-php,markrogoyski__math-php/tests/LinearAlgebra/Matrix/Base/MatrixOperationsTest.php,99,other,False,test_code,T_VARIABLE,6,Mᵢⱼ,4de1b5a2e2b1bc,3,True,True,True,,True,Latin,False,False,,False,False,
markrogoyski__math-php,markrogoyski__math-php/tests/LinearAlgebra/Matrix/Base/MatrixColumnOperationsTest.php,19,other,False,test_code,T_VARIABLE,4,nᵢ,6ee1b5a2,2,True,True,True,,True,Latin,False,False,,False,False,
markrogoyski__math-php,markrogoyski__math-php/tests/LinearAlgebra/Matrix/Base/MatrixColumnOperationsTest.php,19,other,False,test_code,T_VARIABLE,2,nⱼ,6ee2b1bc,2,True,True,True,,True,Latin,False,False,,False,False,
markrogoyski__math-php,markrogoyski__math-php/tests/LinearAlgebra/Matrix/Base/MatrixRowOperationsTest.php,19,other,False,test_code,T_VARIABLE,4,mᵢ,6de1b5a2,2,True,True,True,,True,Latin,False,False,,False,False,
markrogoyski__math-php,markrogoyski__math-php/tests/LinearAlgebra/Matrix/Base/MatrixRowOperationsTest.php,19,other,False,test_code,T_VARIABLE,2,mⱼ,6de2b1bc,2,True,True,True,,True,Latin,False,False,,False,False,
markrogoyski__math-php,markrogoyski__math-php/tests/LinearAlgebra/Matrix/Base/MatrixAugmentationTest.php,39,other,False,test_code,T_VARIABLE,12,⟮A∣B⟯,e29fae41e288a342e29faf,5,True,False,False,,True,"Latin,Other",False,True,,False,False,U+27EE MATHEMATICAL LEFT FLATTENED PARENTHESIS; U+2223 DIVIDES; U+27EF MATHEMATICAL RIGHT FLATTENED PARENTHESIS
markrogoyski__math-php,markrogoyski__math-php/tests/LinearAlgebra/Matrix/Base/MatrixAugmentationTest.php,167,other,False,test_code,T_VARIABLE,4,⟮C∣I⟯,e29fae43e288a349e29faf,5,True,False,False,,True,"Latin,Other",False,True,,False,False,U+27EE MATHEMATICAL LEFT FLATTENED PARENTHESIS; U+2223 DIVIDES; U+27EF MATHEMATICAL RIGHT FLATTENED PARENTHESIS
markrogoyski__math-php,markrogoyski__math-php/tests/LinearAlgebra/Matrix/Base/MatrixAugmentationTest.php,491,other,False,test_code,T_VARIABLE,4,⟮B∣A⟯,e29fae42e288a341e29faf,5,True,False,False,,True,"Latin,Other",False,True,,False,False,U+27EE MATHEMATICAL LEFT FLATTENED PARENTHESIS; U+2223 DIVIDES; U+27EF MATHEMATICAL RIGHT FLATTENED PARENTHESIS
markrogoyski__math-php,markrogoyski__math-php/tests/LinearAlgebra/Regression/MatrixIssue386Test.php,261,other,False,test_code,T_VARIABLE,2,ε,ceb5,1,True,True,True,,True,Greek,False,False,,False,False,
markrogoyski__math-php,markrogoyski__math-php/tests/LinearAlgebra/Eigen/EigenAxiomsTest.php,53,other,False,test_code,T_VARIABLE,6,λ,cebb,1,True,True,True,,True,Greek,False,False,,False,False,
markrogoyski__math-php,markrogoyski__math-php/tests/LinearAlgebra/Eigen/EigenAxiomsTest.php,57,other,False,test_code,T_VARIABLE,2,λv,cebb76,2,True,True,True,,True,"Greek,Latin",True,True,,False,False,
markrogoyski__math-php,markrogoyski__math-php/tests/LinearAlgebra/Eigen/EigenAxiomsTest.php,83,other,False,test_code,T_VARIABLE,2,λI,cebb49,2,True,True,True,,True,"Greek,Latin",True,True,,False,False,
markrogoyski__math-php,markrogoyski__math-php/tests/LinearAlgebra/Eigen/EigenAxiomsTest.php,84,other,False,test_code,T_VARIABLE,2,A_minus_λI,415f6d696e75735fcebb49,10,True,True,True,,True,"Common,Greek,Latin",True,True,,False,False,
markrogoyski__math-php,markrogoyski__math-php/tests/LinearAlgebra/Eigen/EigenAxiomsTest.php,164,other,False,test_code,T_VARIABLE,3,Aⁿv,41e281bf76,3,True,True,True,,True,"Latin,Other",False,True,,False,False,
markrogoyski__math-php,markrogoyski__math-php/tests/LinearAlgebra/Eigen/EigenAxiomsTest.php,165,other,False,test_code,T_VARIABLE,2,λⁿv,cebbe281bf76,3,True,True,True,,True,"Greek,Latin,Other",True,True,,False,False,
markrogoyski__math-php,markrogoyski__math-php/tests/InformationTheory/EntropyTest.php,254,other,False,test_code,T_VARIABLE,8,α,ceb1,1,True,True,True,,True,Greek,False,False,a,False,False,
markrogoyski__math-php,markrogoyski__math-php/tests/Statistics/DescriptiveTest.php,249,other,False,test_code,T_VARIABLE,2,ν,cebd,1,True,True,True,,True,Greek,False,False,v,False,False,
markrogoyski__math-php,markrogoyski__math-php/tests/Statistics/OutlierTest.php,132,other,False,test_code,T_VARIABLE,10,𝛼,f09d9bbc,1,True,True,True,,True,Other,False,False,,False,False,
markrogoyski__math-php,markrogoyski__math-php/tests/Statistics/EffectSizeTest.php,20,other,False,test_code,T_VARIABLE,2,η²,ceb7c2b2,2,True,False,False,,True,"Greek,Other",False,True,,False,False,U+00B2 SUPERSCRIPT TWO
markrogoyski__math-php,markrogoyski__math-php/tests/Statistics/EffectSizeTest.php,58,other,False,test_code,T_VARIABLE,2,η²p,ceb7c2b270,3,True,False,False,,True,"Greek,Latin,Other",True,True,,False,False,U+00B2 SUPERSCRIPT TWO
markrogoyski__math-php,markrogoyski__math-php/tests/Statistics/EffectSizeTest.php,93,other,False,test_code,T_VARIABLE,2,ω²,cf89c2b2,2,True,False,False,,True,"Greek,Other",False,True,,False,False,U+00B2 SUPERSCRIPT TWO
markrogoyski__math-php,markrogoyski__math-php/tests/Statistics/EffectSizeTest.php,121,other,False,test_code,T_VARIABLE,2,ƒ²,c692c2b2,2,True,False,False,,True,"Latin,Other",False,True,,False,False,U+00B2 SUPERSCRIPT TWO
markrogoyski__math-php,markrogoyski__math-php/tests/Statistics/EffectSizeTest.php,150,other,False,test_code,T_VARIABLE,4,r₁,72e28281,2,True,False,False,,True,"Latin,Other",False,True,,False,False,U+2081 SUBSCRIPT ONE
markrogoyski__math-php,markrogoyski__math-php/tests/Statistics/EffectSizeTest.php,150,other,False,test_code,T_VARIABLE,4,r₂,72e28282,2,True,False,False,,True,"Latin,Other",False,True,,False,False,U+2082 SUBSCRIPT TWO
markrogoyski__math-php,markrogoyski__math-php/tests/Statistics/EffectSizeTest.php,225,other,False,test_code,T_VARIABLE,8,μ₁,cebce28281,2,True,False,False,,True,"Greek,Other",False,True,,False,False,U+2081 SUBSCRIPT ONE
markrogoyski__math-php,markrogoyski__math-php/tests/Statistics/EffectSizeTest.php,225,other,False,test_code,T_VARIABLE,8,μ₂,cebce28282,2,True,False,False,,True,"Greek,Other",False,True,,False,False,U+2082 SUBSCRIPT TWO
markrogoyski__math-php,markrogoyski__math-php/tests/Statistics/EffectSizeTest.php,225,other,False,test_code,T_VARIABLE,6,s₁,73e28281,2,True,False,False,,True,"Latin,Other",False,True,,False,False,U+2081 SUBSCRIPT ONE
markrogoyski__math-php,markrogoyski__math-php/tests/Statistics/EffectSizeTest.php,225,other,False,test_code,T_VARIABLE,8,s₂,73e28282,2,True,False,False,,True,"Latin,Other",False,True,,False,False,U+2082 SUBSCRIPT TWO
markrogoyski__math-php,markrogoyski__math-php/tests/Statistics/EffectSizeTest.php,269,other,False,test_code,T_VARIABLE,4,n₁,6ee28281,2,True,False,False,,True,"Latin,Other",False,True,,False,False,U+2081 SUBSCRIPT ONE
markrogoyski__math-php,markrogoyski__math-php/tests/Statistics/EffectSizeTest.php,269,other,False,test_code,T_VARIABLE,4,n₂,6ee28282,2,True,False,False,,True,"Latin,Other",False,True,,False,False,U+2082 SUBSCRIPT TWO
markrogoyski__math-php,markrogoyski__math-php/tests/Statistics/EffectSizeTest.php,332,other,False,test_code,T_VARIABLE,2,Δ,ce94,1,True,True,True,,True,Greek,False,False,,True,False,
markrogoyski__math-php,markrogoyski__math-php/tests/Statistics/Multivariate/PCA/CenterTrueScaleTrueTest.php,263,function_decl,False,test_code,T_STRING,1,testGetT²Distances,7465737447657454c2b244697374616e636573,18,True,False,False,,True,"Latin,Other",False,True,,False,True,U+00B2 SUPERSCRIPT TWO
markrogoyski__math-php,markrogoyski__math-php/tests/Statistics/Multivariate/PCA/CenterTrueScaleTrueTest.php,302,other,False,test_code,T_VARIABLE,4,T²Distances,54c2b244697374616e636573,11,True,False,False,,True,"Latin,Other",False,True,,False,False,U+00B2 SUPERSCRIPT TWO
markrogoyski__math-php,markrogoyski__math-php/tests/Statistics/Multivariate/PCA/CenterTrueScaleFalseTest.php,263,function_decl,False,test_code,T_STRING,1,testGetT²Distances,7465737447657454c2b244697374616e636573,18,True,False,False,,True,"Latin,Other",False,True,,False,True,U+00B2 SUPERSCRIPT TWO
markrogoyski__math-php,markrogoyski__math-php/tests/Statistics/Multivariate/PCA/CenterTrueScaleFalseTest.php,302,other,False,test_code,T_VARIABLE,4,T²Distances,54c2b244697374616e636573,11,True,False,False,,True,"Latin,Other",False,True,,False,False,U+00B2 SUPERSCRIPT TWO
markrogoyski__math-php,markrogoyski__math-php/tests/Statistics/Multivariate/PCA/CenterFalseScaleFalseTest.php,263,function_decl,False,test_code,T_STRING,1,testGetT²Distances,7465737447657454c2b244697374616e636573,18,True,False,False,,True,"Latin,Other",False,True,,False,True,U+00B2 SUPERSCRIPT TWO
markrogoyski__math-php,markrogoyski__math-php/tests/Statistics/Multivariate/PCA/CenterFalseScaleFalseTest.php,302,other,False,test_code,T_VARIABLE,4,T²Distances,54c2b244697374616e636573,11,True,False,False,,True,"Latin,Other",False,True,,False,False,U+00B2 SUPERSCRIPT TWO
markrogoyski__math-php,markrogoyski__math-php/tests/Statistics/Multivariate/PCA/CenterFalseScaleTrueTest.php,263,function_decl,False,test_code,T_STRING,1,testGetT²Distances,7465737447657454c2b244697374616e636573,18,True,False,False,,True,"Latin,Other",False,True,,False,True,U+00B2 SUPERSCRIPT TWO
markrogoyski__math-php,markrogoyski__math-php/tests/Statistics/Multivariate/PCA/CenterFalseScaleTrueTest.php,302,other,False,test_code,T_VARIABLE,4,T²Distances,54c2b244697374616e636573,11,True,False,False,,True,"Latin,Other",False,True,,False,False,U+00B2 SUPERSCRIPT TWO
markrogoyski__math-php,markrogoyski__math-php/tests/Statistics/CorrelationTest.php,520,other,False,test_code,T_VARIABLE,2,τ,cf84,1,True,True,True,,True,Greek,False,False,,False,False,
markrogoyski__math-php,markrogoyski__math-php/tests/Statistics/CorrelationTest.php,683,other,False,test_code,T_VARIABLE,2,ρ,cf81,1,True,True,True,,True,Greek,False,False,p,False,False,
markrogoyski__math-php,markrogoyski__math-php/tests/Statistics/SignificanceTest.php,20,other,False,test_code,T_VARIABLE,4,μ,cebc,1,True,True,True,,True,Greek,False,False,,False,False,
markrogoyski__math-php,markrogoyski__math-php/tests/Statistics/SignificanceTest.php,20,other,False,test_code,T_VARIABLE,8,σ,cf83,1,True,True,True,,True,Greek,False,False,,False,False,
markrogoyski__math-php,markrogoyski__math-php/tests/Statistics/SignificanceTest.php,115,other,False,test_code,T_VARIABLE,10,Hₐ,48e28290,2,True,True,True,,True,Latin,False,False,,False,False,
markrogoyski__math-php,markrogoyski__math-php/tests/Statistics/SignificanceTest.php,115,other,False,test_code,T_VARIABLE,16,H₀,48e28280,2,True,False,False,,True,"Latin,Other",False,True,,False,False,U+2080 SUBSCRIPT ZERO
markrogoyski__math-php,markrogoyski__math-php/tests/Statistics/SignificanceTest.php,156,other,False,test_code,T_VARIABLE,14,μ₁,cebce28281,2,True,False,False,,True,"Greek,Other",False,True,,False,False,U+2081 SUBSCRIPT ONE
markrogoyski__math-php,markrogoyski__math-php/tests/Statistics/SignificanceTest.php,156,other,False,test_code,T_VARIABLE,14,μ₂,cebce28282,2,True,False,False,,True,"Greek,Other",False,True,,False,False,U+2082 SUBSCRIPT TWO
markrogoyski__math-php,markrogoyski__math-php/tests/Statistics/SignificanceTest.php,156,other,False,test_code,T_VARIABLE,10,n₁,6ee28281,2,True,False,False,,True,"Latin,Other",False,True,,False,False,U+2081 SUBSCRIPT ONE
markrogoyski__math-php,markrogoyski__math-php/tests/Statistics/SignificanceTest.php,156,other,False,test_code,T_VARIABLE,10,n₂,6ee28282,2,True,False,False,,True,"Latin,Other",False,True,,False,False,U+2082 SUBSCRIPT TWO
markrogoyski__math-php,markrogoyski__math-php/tests/Statistics/SignificanceTest.php,156,other,False,test_code,T_VARIABLE,14,σ₁,cf83e28281,2,True,False,False,,True,"Greek,Other",False,True,,False,False,U+2081 SUBSCRIPT ONE
markrogoyski__math-php,markrogoyski__math-php/tests/Statistics/SignificanceTest.php,156,other,False,test_code,T_VARIABLE,14,σ₂,cf83e28282,2,True,False,False,,True,"Greek,Other",False,True,,False,False,U+2082 SUBSCRIPT TWO
markrogoyski__math-php,markrogoyski__math-php/tests/Statistics/SignificanceTest.php,156,other,False,test_code,T_VARIABLE,2,Δ,ce94,1,True,True,True,,True,Greek,False,False,,True,False,
markrogoyski__math-php,markrogoyski__math-php/tests/Statistics/SignificanceTest.php,410,other,False,test_code,T_VARIABLE,5,x₁,78e28281,2,True,False,False,,True,"Latin,Other",False,True,,False,False,U+2081 SUBSCRIPT ONE
markrogoyski__math-php,markrogoyski__math-php/tests/Statistics/SignificanceTest.php,410,other,False,test_code,T_VARIABLE,5,x₂,78e28282,2,True,False,False,,True,"Latin,Other",False,True,,False,False,U+2082 SUBSCRIPT TWO
markrogoyski__math-php,markrogoyski__math-php/tests/Statistics/SignificanceTest.php,640,other,False,test_code,T_VARIABLE,2,χ²,cf87c2b2,2,True,False,False,,True,"Greek,Other",False,True,,False,False,U+00B2 SUPERSCRIPT TWO
markrogoyski__math-php,markrogoyski__math-php/tests/Statistics/Regression/LOESSTest.php,19,other,False,test_code,T_VARIABLE,4,α,ceb1,1,True,True,True,,True,Greek,False,False,a,False,False,
markrogoyski__math-php,markrogoyski__math-php/tests/Statistics/Regression/LOESSTest.php,19,other,False,test_code,T_VARIABLE,4,λ,cebb,1,True,True,True,,True,Greek,False,False,,False,False,
markrogoyski__math-php,markrogoyski__math-php/tests/Statistics/ANOVATest.php,408,other,False,test_code,T_VARIABLE,10,A₁,41e28281,2,True,False,False,,True,"Latin,Other",False,True,,False,False,U+2081 SUBSCRIPT ONE
markrogoyski__math-php,markrogoyski__math-php/tests/Statistics/ANOVATest.php,408,other,False,test_code,T_VARIABLE,8,A₂,41e28282,2,True,False,False,,True,"Latin,Other",False,True,,False,False,U+2082 SUBSCRIPT TWO
markrogoyski__math-php,markrogoyski__math-php/tests/Statistics/ANOVATest.php,529,other,False,test_code,T_VARIABLE,2,A₃,41e28283,2,True,False,False,,True,"Latin,Other",False,True,,False,False,U+2083 SUBSCRIPT THREE
markrogoyski__math-php,markrogoyski__math-php/tests/Statistics/RandomVariableTest.php,896,other,False,test_code,T_VARIABLE,2,μ,cebc,1,True,True,True,,True,Greek,False,False,,False,False,
markrogoyski__math-php,markrogoyski__math-php/tests/Statistics/RandomVariableTest.php,896,other,False,test_code,T_VARIABLE,2,σ,cf83,1,True,True,True,,True,Greek,False,False,,False,False,
markrogoyski__math-php,markrogoyski__math-php/tests/Statistics/CircularTest.php,35,other,False,test_code,T_VARIABLE,184,π,cf80,1,True,True,True,,True,Greek,False,False,,False,False,
markrogoyski__math-php,markrogoyski__math-php/tests/Statistics/CircularTest.php,946,other,False,test_code,T_VARIABLE,2,ρ,cf81,1,True,True,True,,True,Greek,False,False,p,False,False,
markrogoyski__math-php,markrogoyski__math-php/tests/Probability/CombinatoricsTest.php,197,other,False,test_code,T_VARIABLE,6,！n,efbc816e,2,True,False,False,,True,"Latin,Other",False,True,,False,False,U+FF01 FULLWIDTH EXCLAMATION MARK
markrogoyski__math-php,markrogoyski__math-php/tests/Probability/CombinatoricsTest.php,418,other,False,test_code,T_VARIABLE,4,ε,ceb5,1,True,True,True,,True,Greek,False,False,,False,False,
markrogoyski__math-php,markrogoyski__math-php/tests/Probability/CombinatoricsAxiomsTest.php,35,other,False,test_code,T_VARIABLE,2,x⁽ⁿ⁾,78e281bde281bfe281be,4,True,False,False,,True,"Latin,Other",False,True,,False,False,U+207D SUPERSCRIPT LEFT PARENTHESIS; U+207E SUPERSCRIPT RIGHT PARENTHESIS
markrogoyski__math-php,markrogoyski__math-php/tests/Probability/CombinatoricsAxiomsTest.php,37,other,False,test_code,T_VARIABLE,3,∑L⟮n、k⟯x₍k₎,e288914ce29fae6ee380816be29faf78e2828d6be2828e,11,True,False,False,,True,"Latin,Other",False,True,,False,False,U+2211 N-ARY SUMMATION; U+27EE MATHEMATICAL LEFT FLATTENED PARENTHESIS; U+3001 IDEOGRAPHIC COMMA; U+27EF MATHEMATICAL RIGHT FLATTENED PARENTHESIS; U+208D SUBSCRIPT LEFT PARENTHESIS; U+208E SUBSCRIPT RIGHT PARENTHESIS
markrogoyski__math-php,markrogoyski__math-php/tests/Probability/CombinatoricsAxiomsTest.php,39,other,False,test_code,T_VARIABLE,2,x₍k₎,78e2828d6be2828e,4,True,False,False,,True,"Latin,Other",False,True,,False,False,U+208D SUBSCRIPT LEFT PARENTHESIS; U+208E SUBSCRIPT RIGHT PARENTHESIS
markrogoyski__math-php,markrogoyski__math-php/tests/Probability/CombinatoricsAxiomsTest.php,40,other,False,test_code,T_VARIABLE,4,L⟮n、k⟯,4ce29fae6ee380816be29faf,6,True,False,False,,True,"Latin,Other",False,True,,False,False,U+27EE MATHEMATICAL LEFT FLATTENED PARENTHESIS; U+3001 IDEOGRAPHIC COMMA; U+27EF MATHEMATICAL RIGHT FLATTENED PARENTHESIS
markrogoyski__math-php,markrogoyski__math-php/tests/Probability/CombinatoricsAxiomsTest.php,58,other,False,test_code,T_VARIABLE,2,x₍n₎,78e2828d6ee2828e,4,True,False,False,,True,"Latin,Other",False,True,,False,False,U+208D SUBSCRIPT LEFT PARENTHESIS; U+208E SUBSCRIPT RIGHT PARENTHESIS
markrogoyski__math-php,markrogoyski__math-php/tests/Probability/CombinatoricsAxiomsTest.php,60,other,False,test_code,T_VARIABLE,3,∑⟮−1⟯ⁿ⁻ᵏL⟮n、k⟯x₍k₎,e28891e29faee2889231e29fafe281bfe281bbe1b58f4ce29fae6ee380816be29faf78e2828d6be2828e,18,True,False,False,,True,"Common,Latin,Other",False,True,,False,False,U+2211 N-ARY SUMMATION; U+27EE MATHEMATICAL LEFT FLATTENED PARENTHESIS; U+2212 MINUS SIGN; U+27EF MATHEMATICAL RIGHT FLATTENED PARENTHESIS; U+207B SUPERSCRIPT MINUS; U+27EE MATHEMATICAL LEFT FLATTENED PARENTHESIS; U+3001 IDEOGRAPHIC COMMA; U+27EF MATHEMATICAL RIGHT FLATTENED PARENTHESIS; U+208D SUBSCRIPT LEFT PARENTHESIS; U+208E SUBSCRIPT RIGHT PARENTHESIS
markrogoyski__math-php,markrogoyski__math-php/tests/Probability/CombinatoricsAxiomsTest.php,62,other,False,test_code,T_VARIABLE,2,⟮−1⟯ⁿ⁻ᵏ,e29faee2889231e29fafe281bfe281bbe1b58f,7,True,False,False,,True,"Common,Other",False,False,,False,False,U+27EE MATHEMATICAL LEFT FLATTENED PARENTHESIS; U+2212 MINUS SIGN; U+27EF MATHEMATICAL RIGHT FLATTENED PARENTHESIS; U+207B SUPERSCRIPT MINUS
markrogoyski__math-php,markrogoyski__math-php/tests/Probability/CombinatoricsAxiomsTest.php,64,other,False,test_code,T_VARIABLE,2,x⁽ᵏ⁾,78e281bde1b58fe281be,4,True,False,False,,True,"Latin,Other",False,True,,False,False,U+207D SUPERSCRIPT LEFT PARENTHESIS; U+207E SUPERSCRIPT RIGHT PARENTHESIS
markrogoyski__math-php,markrogoyski__math-php/tests/Probability/CombinatoricsAxiomsTest.php,81,other,False,test_code,T_VARIABLE,4,L⟮n、1⟯,4ce29fae6ee3808131e29faf,6,True,False,False,,True,"Common,Latin,Other",False,True,,False,False,U+27EE MATHEMATICAL LEFT FLATTENED PARENTHESIS; U+3001 IDEOGRAPHIC COMMA; U+27EF MATHEMATICAL RIGHT FLATTENED PARENTHESIS
markrogoyski__math-php,markrogoyski__math-php/tests/Probability/CombinatoricsAxiomsTest.php,82,other,False,test_code,T_VARIABLE,2,n！,6eefbc81,2,True,False,False,,True,"Latin,Other",False,True,,False,False,U+FF01 FULLWIDTH EXCLAMATION MARK
markrogoyski__math-php,markrogoyski__math-php/tests/Probability/CombinatoricsAxiomsTest.php,98,other,False,test_code,T_VARIABLE,2,⟮n−1⟯n！／2,e29fae6ee2889231e29faf6eefbc81efbc8f32,9,True,False,False,,True,"Common,Latin,Other",False,True,,False,False,U+27EE MATHEMATICAL LEFT FLATTENED PARENTHESIS; U+2212 MINUS SIGN; U+27EF MATHEMATICAL RIGHT FLATTENED PARENTHESIS; U+FF01 FULLWIDTH EXCLAMATION MARK; U+FF0F FULLWIDTH SOLIDUS
markrogoyski__math-php,markrogoyski__math-php/tests/Probability/CombinatoricsAxiomsTest.php,113,other,False,test_code,T_VARIABLE,2,L⟮n、n⟯,4ce29fae6ee380816ee29faf,6,True,False,False,,True,"Latin,Other",False,True,,False,False,U+27EE MATHEMATICAL LEFT FLATTENED PARENTHESIS; U+3001 IDEOGRAPHIC COMMA; U+27EF MATHEMATICAL RIGHT FLATTENED PARENTHESIS
markrogoyski__math-php,markrogoyski__math-php/tests/Probability/Distribution/Multivariate/DirichletTest.php,18,other,False,test_code,T_VARIABLE,4,αs,ceb173,2,True,True,True,,True,"Greek,Latin",True,True,as,False,False,
markrogoyski__math-php,markrogoyski__math-php/tests/Probability/Distribution/Multivariate/NormalTest.php,23,other,False,test_code,T_VARIABLE,8,μ,cebc,1,True,True,True,,True,Greek,False,False,,False,False,
markrogoyski__math-php,markrogoyski__math-php/tests/Probability/Distribution/Multivariate/NormalTest.php,23,other,False,test_code,T_VARIABLE,10,∑,e28891,1,True,False,False,,True,Other,False,False,,False,False,U+2211 N-ARY SUMMATION
markrogoyski__math-php,markrogoyski__math-php/tests/Probability/Distribution/Table/TDistributionTableTest.php,18,other,False,test_code,T_VARIABLE,8,ν,cebd,1,True,True,True,,True,Greek,False,False,v,False,False,
markrogoyski__math-php,markrogoyski__math-php/tests/Probability/Distribution/Table/TDistributionTableTest.php,96,other,False,test_code,T_VARIABLE,4,α,ceb1,1,True,True,True,,True,Greek,False,False,a,False,False,
markrogoyski__math-php,markrogoyski__math-php/tests/Probability/Distribution/Table/StandardNormalTableTest.php,17,other,False,test_code,T_VARIABLE,2,Φ,cea6,1,True,True,True,,True,Greek,False,False,,True,False,
markrogoyski__math-php,markrogoyski__math-php/tests/Probability/Distribution/Table/ChiSquaredTableTest.php,17,other,False,test_code,T_VARIABLE,4,χ²,cf87c2b2,2,True,False,False,,True,"Greek,Other",False,True,,False,False,U+00B2 SUPERSCRIPT TWO
markrogoyski__math-php,markrogoyski__math-php/tests/Probability/Distribution/Continuous/NoncentralTTest.php,9,const_decl,False,test_code,T_STRING,1,ε,ceb5,1,True,True,True,,True,Greek,False,False,,False,False,
markrogoyski__math-php,markrogoyski__math-php/tests/Probability/Distribution/Continuous/NoncentralTTest.php,19,other,False,test_code,T_VARIABLE,10,ν,cebd,1,True,True,True,,True,Greek,False,False,v,False,False,
markrogoyski__math-php,markrogoyski__math-php/tests/Probability/Distribution/Continuous/NoncentralTTest.php,19,other,False,test_code,T_VARIABLE,10,μ,cebc,1,True,True,True,,True,Greek,False,False,,False,False,
markrogoyski__math-php,markrogoyski__math-php/tests/Probability/Distribution/Continuous/NoncentralTTest.php,23,static_member,False,test_code,T_STRING,4,ε,ceb5,1,True,True,True,,True,Greek,False,False,,False,False,
markrogoyski__math-php,markrogoyski__math-php/tests/Probability/Distribution/Continuous/GammaTest.php,17,other,False,test_code,T_VARIABLE,14,θ,ceb8,1,True,True,True,,True,Greek,False,False,,False,False,
markrogoyski__math-php,markrogoyski__math-php/tests/Probability/Distribution/Continuous/GammaTest.php,116,other,False,test_code,T_VARIABLE,2,μ,cebc,1,True,True,True,,True,Greek,False,False,,False,False,
markrogoyski__math-php,markrogoyski__math-php/tests/Probability/Distribution/Continuous/LogNormalTest.php,17,other,False,test_code,T_VARIABLE,18,μ,cebc,1,True,True,True,,True,Greek,False,False,,False,False,
markrogoyski__math-php,markrogoyski__math-php/tests/Probability/Distribution/Continuous/LogNormalTest.php,17,other,False,test_code,T_VARIABLE,18,σ,cf83,1,True,True,True,,True,Greek,False,False,,False,False,
markrogoyski__math-php,markrogoyski__math-php/tests/Probability/Distribution/Continuous/CauchyTest.php,17,other,False,test_code,T_VARIABLE,20,x₀,78e28280,2,True,False,False,,True,"Latin,Other",False,True,,False,False,U+2080 SUBSCRIPT ZERO
markrogoyski__math-php,markrogoyski__math-php/tests/Probability/Distribution/Continuous/CauchyTest.php,17,other,False,test_code,T_VARIABLE,18,γ,ceb3,1,True,True,True,,True,Greek,False,False,,False,False,
markrogoyski__math-php,markrogoyski__math-php/tests/Probability/Distribution/Continuous/UniformTest.php,145,other,False,test_code,T_VARIABLE,4,μ,cebc,1,True,True,True,,True,Greek,False,False,,False,False,
markrogoyski__math-php,markrogoyski__math-php/tests/Probability/Distribution/Continuous/BetaTest.php,18,other,False,test_code,T_VARIABLE,24,α,ceb1,1,True,True,True,,True,Greek,False,False,a,False,False,
markrogoyski__math-php,markrogoyski__math-php/tests/Probability/Distribution/Continuous/BetaTest.php,18,other,False,test_code,T_VARIABLE,24,β,ceb2,1,True,True,True,,True,Greek,False,False,,False,False,
markrogoyski__math-php,markrogoyski__math-php/tests/Probability/Distribution/Continuous/BetaTest.php,774,other,False,test_code,T_VARIABLE,2,μ,cebc,1,True,True,True,,True,Greek,False,False,,False,False,
markrogoyski__math-php,markrogoyski__math-php/tests/Probability/Distribution/Continuous/BetaTest.php,870,other,False,test_code,T_VARIABLE,2,ε,ceb5,1,True,True,True,,True,Greek,False,False,,False,False,
markrogoyski__math-php,markrogoyski__math-php/tests/Probability/Distribution/Continuous/BetaTest.php,871,other,False,test_code,T_VARIABLE,2,η,ceb7,1,True,True,True,,True,Greek,False,False,,False,False,
markrogoyski__math-php,markrogoyski__math-php/tests/Probability/Distribution/Continuous/ExponentialTest.php,17,other,False,test_code,T_VARIABLE,20,λ,cebb,1,True,True,True,,True,Greek,False,False,,False,False,
markrogoyski__math-php,markrogoyski__math-php/tests/Probability/Distribution/Continuous/ExponentialTest.php,142,other,False,test_code,T_VARIABLE,2,μ,cebc,1,True,True,True,,True,Greek,False,False,,False,False,
markrogoyski__math-php,markrogoyski__math-php/tests/Probability/Distribution/Continuous/ParetoTest.php,260,other,False,test_code,T_VARIABLE,2,μ,cebc,1,True,True,True,,True,Greek,False,False,,False,False,
markrogoyski__math-php,markrogoyski__math-php/tests/Probability/Distribution/Continuous/WeibullTest.php,17,other,False,test_code,T_VARIABLE,16,λ,cebb,1,True,True,True,,True,Greek,False,False,,False,False,
markrogoyski__math-php,markrogoyski__math-php/tests/Probability/Distribution/Continuous/WeibullTest.php,231,other,False,test_code,T_VARIABLE,6,μ,cebc,1,True,True,True,,True,Greek,False,False,,False,False,
markrogoyski__math-php,markrogoyski__math-php/tests/Probability/Distribution/Continuous/StudentTTest.php,16,other,False,test_code,T_VARIABLE,18,ν,cebd,1,True,True,True,,True,Greek,False,False,v,False,False,
markrogoyski__math-php,markrogoyski__math-php/tests/Probability/Distribution/Continuous/StudentTTest.php,273,other,False,test_code,T_VARIABLE,2,μ,cebc,1,True,True,True,,True,Greek,False,False,,False,False,
markrogoyski__math-php,markrogoyski__math-php/tests/Probability/Distribution/Continuous/LogisticTest.php,17,other,False,test_code,T_VARIABLE,21,μ,cebc,1,True,True,True,,True,Greek,False,False,,False,False,
markrogoyski__math-php,markrogoyski__math-php/tests/Probability/Distribution/Continuous/LaplaceTest.php,17,other,False,test_code,T_VARIABLE,19,μ,cebc,1,True,True,True,,True,Greek,False,False,,False,False,
markrogoyski__math-php,markrogoyski__math-php/tests/Probability/Distribution/Continuous/NormalTest.php,17,other,False,test_code,T_VARIABLE,27,μ,cebc,1,True,True,True,,True,Greek,False,False,,False,False,
markrogoyski__math-php,markrogoyski__math-php/tests/Probability/Distribution/Continuous/NormalTest.php,17,other,False,test_code,T_VARIABLE,24,σ,cf83,1,True,True,True,,True,Greek,False,False,,False,False,
markrogoyski__math-php,markrogoyski__math-php/tests/Probability/Distribution/Continuous/LogLogisticTest.php,17,other,False,test_code,T_VARIABLE,19,α,ceb1,1,True,True,True,,True,Greek,False,False,a,False,False,
markrogoyski__math-php,markrogoyski__math-php/tests/Probability/Distribution/Continuous/LogLogisticTest.php,17,other,False,test_code,T_VARIABLE,18,β,ceb2,1,True,True,True,,True,Greek,False,False,,False,False,
markrogoyski__math-php,markrogoyski__math-php/tests/Probability/Distribution/Continuous/LogLogisticTest.php,146,other,False,test_code,T_VARIABLE,2,μ,cebc,1,True,True,True,,True,Greek,False,False,,False,False,
markrogoyski__math-php,markrogoyski__math-php/tests/Probability/Distribution/Continuous/StandardNormalTest.php,13,const_decl,False,test_code,T_STRING,1,μ,cebc,1,True,True,True,,True,Greek,False,False,,False,False,
markrogoyski__math-php,markrogoyski__math-php/tests/Probability/Distribution/Continuous/StandardNormalTest.php,14,const_decl,False,test_code,T_STRING,1,σ,cf83,1,True,True,True,,True,Greek,False,False,,False,False,
markrogoyski__math-php,markrogoyski__math-php/tests/Probability/Distribution/Continuous/StandardNormalTest.php,45,static_member,False,test_code,T_STRING,1,μ,cebc,1,True,True,True,,True,Greek,False,False,,False,False,
markrogoyski__math-php,markrogoyski__math-php/tests/Probability/Distribution/Continuous/StandardNormalTest.php,45,static_member,False,test_code,T_STRING,1,σ,cf83,1,True,True,True,,True,Greek,False,False,,False,False,
markrogoyski__math-php,markrogoyski__math-php/tests/Probability/Distribution/Continuous/FTest.php,17,other,False,test_code,T_VARIABLE,18,d₁,64e28281,2,True,False,False,,True,"Latin,Other",False,True,,False,False,U+2081 SUBSCRIPT ONE
markrogoyski__math-php,markrogoyski__math-php/tests/Probability/Distribution/Continuous/FTest.php,17,other,False,test_code,T_VARIABLE,18,d₂,64e28282,2,True,False,False,,True,"Latin,Other",False,True,,False,False,U+2082 SUBSCRIPT TWO
markrogoyski__math-php,markrogoyski__math-php/tests/Probability/Distribution/Continuous/FTest.php,146,other,False,test_code,T_VARIABLE,6,μ,cebc,1,True,True,True,,True,Greek,False,False,,False,False,
markrogoyski__math-php,markrogoyski__math-php/tests/Probability/Distribution/Discrete/GeometricTest.php,89,other,False,test_code,T_VARIABLE,2,μ,cebc,1,True,True,True,,True,Greek,False,False,,False,False,
markrogoyski__math-php,markrogoyski__math-php/tests/Probability/Distribution/Discrete/GeometricTest.php,188,other,False,test_code,T_VARIABLE,2,σ²,cf83c2b2,2,True,False,False,,True,"Greek,Other",False,True,,False,False,U+00B2 SUPERSCRIPT TWO
markrogoyski__math-php,markrogoyski__math-php/tests/Probability/Distribution/Discrete/PoissonTest.php,16,other,False,test_code,T_VARIABLE,12,λ,cebb,1,True,True,True,,True,Greek,False,False,,False,False,
markrogoyski__math-php,markrogoyski__math-php/tests/Probability/Distribution/Discrete/PoissonTest.php,81,other,False,test_code,T_VARIABLE,2,μ,cebc,1,True,True,True,,True,Greek,False,False,,False,False,
markrogoyski__math-php,markrogoyski__math-php/tests/Probability/Distribution/Discrete/PoissonTest.php,177,other,False,test_code,T_VARIABLE,2,σ²,cf83c2b2,2,True,False,False,,True,"Greek,Other",False,True,,False,False,U+00B2 SUPERSCRIPT TWO
markrogoyski__math-php,markrogoyski__math-php/tests/Probability/Distribution/Discrete/HypergeometricTest.php,347,other,False,test_code,T_VARIABLE,2,μ,cebc,1,True,True,True,,True,Greek,False,False,,False,False,
markrogoyski__math-php,markrogoyski__math-php/tests/Probability/Distribution/Discrete/HypergeometricTest.php,414,other,False,test_code,T_VARIABLE,2,σ²,cf83c2b2,2,True,False,False,,True,"Greek,Other",False,True,,False,False,U+00B2 SUPERSCRIPT TWO
markrogoyski__math-php,markrogoyski__math-php/tests/Probability/Distribution/Discrete/ShiftedGeometricTest.php,89,other,False,test_code,T_VARIABLE,2,μ,cebc,1,True,True,True,,True,Greek,False,False,,False,False,
markrogoyski__math-php,markrogoyski__math-php/tests/Probability/Distribution/Discrete/ShiftedGeometricTest.php,188,other,False,test_code,T_VARIABLE,2,σ²,cf83c2b2,2,True,False,False,,True,"Greek,Other",False,True,,False,False,U+00B2 SUPERSCRIPT TWO
markrogoyski__math-php,markrogoyski__math-php/tests/Probability/Distribution/Discrete/PascalTest.php,98,other,False,test_code,T_VARIABLE,2,μ,cebc,1,True,True,True,,True,Greek,False,False,,False,False,
markrogoyski__math-php,markrogoyski__math-php/tests/Probability/Distribution/Discrete/PascalTest.php,162,other,False,test_code,T_VARIABLE,2,σ²,cf83c2b2,2,True,False,False,,True,"Greek,Other",False,True,,False,False,U+00B2 SUPERSCRIPT TWO
markrogoyski__math-php,markrogoyski__math-php/tests/Probability/Distribution/Discrete/BernoulliTest.php,97,other,False,test_code,T_VARIABLE,2,μ,cebc,1,True,True,True,,True,Greek,False,False,,False,False,
markrogoyski__math-php,markrogoyski__math-php/tests/Probability/Distribution/Discrete/BernoulliTest.php,211,other,False,test_code,T_VARIABLE,2,σ²,cf83c2b2,2,True,False,False,,True,"Greek,Other",False,True,,False,False,U+00B2 SUPERSCRIPT TWO
markrogoyski__math-php,markrogoyski__math-php/tests/Probability/Distribution/Discrete/NegativeBinomialTest.php,97,other,False,test_code,T_VARIABLE,2,μ,cebc,1,True,True,True,,True,Greek,False,False,,False,False,
markrogoyski__math-php,markrogoyski__math-php/tests/Probability/Distribution/Discrete/NegativeBinomialTest.php,162,other,False,test_code,T_VARIABLE,2,σ²,cf83c2b2,2,True,False,False,,True,"Greek,Other",False,True,,False,False,U+00B2 SUPERSCRIPT TWO
markrogoyski__math-php,markrogoyski__math-php/tests/Probability/Distribution/Discrete/BinomialTest.php,114,other,False,test_code,T_VARIABLE,2,μ,cebc,1,True,True,True,,True,Greek,False,False,,False,False,
markrogoyski__math-php,markrogoyski__math-php/tests/Probability/Distribution/Discrete/BinomialTest.php,148,other,False,test_code,T_VARIABLE,2,σ²,cf83c2b2,2,True,False,False,,True,"Greek,Other",False,True,,False,False,U+00B2 SUPERSCRIPT TWO
markrogoyski__math-php,markrogoyski__math-php/tests/SetTheory/SetAxiomsTest.php,59,other,False,test_code,T_VARIABLE,14,Ø,c398,1,True,True,True,,True,Latin,False,False,,True,False,
markrogoyski__math-php,markrogoyski__math-php/tests/SetTheory/SetAxiomsTest.php,134,other,False,test_code,T_VARIABLE,9,A∪B,41e288aa42,3,True,False,False,,True,"Latin,Other",False,True,,False,False,U+222A UNION
markrogoyski__math-php,markrogoyski__math-php/tests/SetTheory/SetAxiomsTest.php,135,other,False,test_code,T_VARIABLE,3,B∪A,42e288aa41,3,True,False,False,,True,"Latin,Other",False,True,,False,False,U+222A UNION
markrogoyski__math-php,markrogoyski__math-php/tests/SetTheory/SetAxiomsTest.php,212,other,False,test_code,T_VARIABLE,3,A∪⟮B∪C⟯,41e288aae29fae42e288aa43e29faf,7,True,False,False,,True,"Latin,Other",False,True,,False,False,U+222A UNION; U+27EE MATHEMATICAL LEFT FLATTENED PARENTHESIS; U+222A UNION; U+27EF MATHEMATICAL RIGHT FLATTENED PARENTHESIS
markrogoyski__math-php,markrogoyski__math-php/tests/SetTheory/SetAxiomsTest.php,213,other,False,test_code,T_VARIABLE,3,⟮A∪B⟯∪C,e29fae41e288aa42e29fafe288aa43,7,True,False,False,,True,"Latin,Other",False,True,,False,False,U+27EE MATHEMATICAL LEFT FLATTENED PARENTHESIS; U+222A UNION; U+27EF MATHEMATICAL RIGHT FLATTENED PARENTHESIS; U+222A UNION
markrogoyski__math-php,markrogoyski__math-php/tests/SetTheory/SetAxiomsTest.php,232,other,False,test_code,T_VARIABLE,6,A∪⟮B∩C⟯,41e288aae29fae42e288a943e29faf,7,True,False,False,,True,"Latin,Other",False,True,,False,False,U+222A UNION; U+27EE MATHEMATICAL LEFT FLATTENED PARENTHESIS; U+2229 INTERSECTION; U+27EF MATHEMATICAL RIGHT FLATTENED PARENTHESIS
markrogoyski__math-php,markrogoyski__math-php/tests/SetTheory/SetAxiomsTest.php,233,other,False,test_code,T_VARIABLE,3,⟮A∪B⟯∩⟮A∪C⟯,e29fae41e288aa42e29fafe288a9e29fae41e288aa43e29faf,11,True,False,False,,True,"Latin,Other",False,True,,False,False,U+27EE MATHEMATICAL LEFT FLATTENED PARENTHESIS; U+222A UNION; U+27EF MATHEMATICAL RIGHT FLATTENED PARENTHESIS; U+2229 INTERSECTION; U+27EE MATHEMATICAL LEFT FLATTENED PARENTHESIS; U+222A UNION; U+27EF MATHEMATICAL RIGHT FLATTENED PARENTHESIS
markrogoyski__math-php,markrogoyski__math-php/tests/SetTheory/SetAxiomsTest.php,286,other,False,test_code,T_VARIABLE,3,A∪A,41e288aa41,3,True,False,False,,True,"Latin,Other",False,True,,False,False,U+222A UNION
markrogoyski__math-php,markrogoyski__math-php/tests/SetTheory/SetAxiomsTest.php,304,other,False,test_code,T_VARIABLE,3,A∪Ø,41e288aac398,3,True,False,False,,True,"Latin,Other",False,True,,True,False,U+222A UNION
markrogoyski__math-php,markrogoyski__math-php/tests/SetTheory/SetAxiomsTest.php,323,other,False,test_code,T_VARIABLE,9,A∩B,41e288a942,3,True,False,False,,True,"Latin,Other",False,True,,False,False,U+2229 INTERSECTION
markrogoyski__math-php,markrogoyski__math-php/tests/SetTheory/SetAxiomsTest.php,413,other,False,test_code,T_VARIABLE,3,B∩A,42e288a941,3,True,False,False,,True,"Latin,Other",False,True,,False,False,U+2229 INTERSECTION
markrogoyski__math-php,markrogoyski__math-php/tests/SetTheory/SetAxiomsTest.php,432,other,False,test_code,T_VARIABLE,3,A∩⟮B∩C⟯,41e288a9e29fae42e288a943e29faf,7,True,False,False,,True,"Latin,Other",False,True,,False,False,U+2229 INTERSECTION; U+27EE MATHEMATICAL LEFT FLATTENED PARENTHESIS; U+2229 INTERSECTION; U+27EF MATHEMATICAL RIGHT FLATTENED PARENTHESIS
markrogoyski__math-php,markrogoyski__math-php/tests/SetTheory/SetAxiomsTest.php,433,other,False,test_code,T_VARIABLE,3,⟮A∩B⟯∩C,e29fae41e288a942e29fafe288a943,7,True,False,False,,True,"Latin,Other",False,True,,False,False,U+27EE MATHEMATICAL LEFT FLATTENED PARENTHESIS; U+2229 INTERSECTION; U+27EF MATHEMATICAL RIGHT FLATTENED PARENTHESIS; U+2229 INTERSECTION
markrogoyski__math-php,markrogoyski__math-php/tests/SetTheory/SetAxiomsTest.php,452,other,False,test_code,T_VARIABLE,6,A∩⟮B∪C⟯,41e288a9e29fae42e288aa43e29faf,7,True,False,False,,True,"Latin,Other",False,True,,False,False,U+2229 INTERSECTION; U+27EE MATHEMATICAL LEFT FLATTENED PARENTHESIS; U+222A UNION; U+27EF MATHEMATICAL RIGHT FLATTENED PARENTHESIS
markrogoyski__math-php,markrogoyski__math-php/tests/SetTheory/SetAxiomsTest.php,453,other,False,test_code,T_VARIABLE,3,⟮A∩B⟯∪⟮A∩C⟯,e29fae41e288a942e29fafe288aae29fae41e288a943e29faf,11,True,False,False,,True,"Latin,Other",False,True,,False,False,U+27EE MATHEMATICAL LEFT FLATTENED PARENTHESIS; U+2229 INTERSECTION; U+27EF MATHEMATICAL RIGHT FLATTENED PARENTHESIS; U+222A UNION; U+27EE MATHEMATICAL LEFT FLATTENED PARENTHESIS; U+2229 INTERSECTION; U+27EF MATHEMATICAL RIGHT FLATTENED PARENTHESIS
markrogoyski__math-php,markrogoyski__math-php/tests/SetTheory/SetAxiomsTest.php,506,other,False,test_code,T_VARIABLE,3,A∩A,41e288a941,3,True,False,False,,True,"Latin,Other",False,True,,False,False,U+2229 INTERSECTION
markrogoyski__math-php,markrogoyski__math-php/tests/SetTheory/SetAxiomsTest.php,524,other,False,test_code,T_VARIABLE,3,A∩Ø,41e288a9c398,3,True,False,False,,True,"Latin,Other",False,True,,True,False,U+2229 INTERSECTION
markrogoyski__math-php,markrogoyski__math-php/tests/SetTheory/SetAxiomsTest.php,542,other,False,test_code,T_VARIABLE,5,A∖B,41e2889642,3,True,False,False,,True,"Latin,Other",False,True,,False,False,U+2216 SET MINUS
markrogoyski__math-php,markrogoyski__math-php/tests/SetTheory/SetAxiomsTest.php,543,other,False,test_code,T_VARIABLE,5,B∖A,42e2889641,3,True,False,False,,True,"Latin,Other",False,True,,False,False,U+2216 SET MINUS
markrogoyski__math-php,markrogoyski__math-php/tests/SetTheory/SetAxiomsTest.php,611,other,False,test_code,T_VARIABLE,3,A∖A,41e2889641,3,True,False,False,,True,"Latin,Other",False,True,,False,False,U+2216 SET MINUS
markrogoyski__math-php,markrogoyski__math-php/tests/SetTheory/SetAxiomsTest.php,629,other,False,test_code,T_VARIABLE,3,AΔB,41ce9442,3,True,True,True,,True,"Greek,Latin",True,True,,True,False,
markrogoyski__math-php,markrogoyski__math-php/tests/SetTheory/SetAxiomsTest.php,632,other,False,test_code,T_VARIABLE,3,⟮A∖B⟯∪⟮B∖A⟯,e29fae41e2889642e29fafe288aae29fae42e2889641e29faf,11,True,False,False,,True,"Latin,Other",False,True,,False,False,U+27EE MATHEMATICAL LEFT FLATTENED PARENTHESIS; U+2216 SET MINUS; U+27EF MATHEMATICAL RIGHT FLATTENED PARENTHESIS; U+222A UNION; U+27EE MATHEMATICAL LEFT FLATTENED PARENTHESIS; U+2216 SET MINUS; U+27EF MATHEMATICAL RIGHT FLATTENED PARENTHESIS
markrogoyski__math-php,markrogoyski__math-php/tests/SetTheory/SetAxiomsTest.php,650,other,False,test_code,T_VARIABLE,2,A×Ø,41c397c398,3,True,False,False,,True,"Latin,Other",False,True,,True,False,U+00D7 MULTIPLICATION SIGN
markrogoyski__math-php,markrogoyski__math-php/tests/SetTheory/SetAxiomsTest.php,668,other,False,test_code,T_VARIABLE,3,A×⟮B∪C⟯,41c397e29fae42e288aa43e29faf,7,True,False,False,,True,"Latin,Other",False,True,,False,False,U+00D7 MULTIPLICATION SIGN; U+27EE MATHEMATICAL LEFT FLATTENED PARENTHESIS; U+222A UNION; U+27EF MATHEMATICAL RIGHT FLATTENED PARENTHESIS
markrogoyski__math-php,markrogoyski__math-php/tests/SetTheory/SetAxiomsTest.php,669,other,False,test_code,T_VARIABLE,3,⟮A×B⟯∪⟮A×C⟯,e29fae41c39742e29fafe288aae29fae41c39743e29faf,11,True,False,False,,True,"Latin,Other",False,True,,False,False,U+27EE MATHEMATICAL LEFT FLATTENED PARENTHESIS; U+00D7 MULTIPLICATION SIGN; U+27EF MATHEMATICAL RIGHT FLATTENED PARENTHESIS; U+222A UNION; U+27EE MATHEMATICAL LEFT FLATTENED PARENTHESIS; U+00D7 MULTIPLICATION SIGN; U+27EF MATHEMATICAL RIGHT FLATTENED PARENTHESIS
markrogoyski__math-php,markrogoyski__math-php/tests/SetTheory/SetAxiomsTest.php,688,other,False,test_code,T_VARIABLE,3,⟮A∪B⟯×C,e29fae41e288aa42e29fafc39743,7,True,False,False,,True,"Latin,Other",False,True,,False,False,U+27EE MATHEMATICAL LEFT FLATTENED PARENTHESIS; U+222A UNION; U+27EF MATHEMATICAL RIGHT FLATTENED PARENTHESIS; U+00D7 MULTIPLICATION SIGN
markrogoyski__math-php,markrogoyski__math-php/tests/SetTheory/SetAxiomsTest.php,689,other,False,test_code,T_VARIABLE,3,⟮A×C⟯∪⟮B×C⟯,e29fae41c39743e29fafe288aae29fae42c39743e29faf,11,True,False,False,,True,"Latin,Other",False,True,,False,False,U+27EE MATHEMATICAL LEFT FLATTENED PARENTHESIS; U+00D7 MULTIPLICATION SIGN; U+27EF MATHEMATICAL RIGHT FLATTENED PARENTHESIS; U+222A UNION; U+27EE MATHEMATICAL LEFT FLATTENED PARENTHESIS; U+00D7 MULTIPLICATION SIGN; U+27EF MATHEMATICAL RIGHT FLATTENED PARENTHESIS
markrogoyski__math-php,markrogoyski__math-php/tests/SetTheory/SetAxiomsTest.php,707,other,False,test_code,T_VARIABLE,3,A×B,41c39742,3,True,False,False,,True,"Latin,Other",False,True,,False,False,U+00D7 MULTIPLICATION SIGN
markrogoyski__math-php,markrogoyski__math-php/tests/SetTheory/SetAxiomsTest.php,724,other,False,test_code,T_VARIABLE,3,P⟮S⟯,50e29fae53e29faf,4,True,False,False,,True,"Latin,Other",False,True,,False,False,U+27EE MATHEMATICAL LEFT FLATTENED PARENTHESIS; U+27EF MATHEMATICAL RIGHT FLATTENED PARENTHESIS
markrogoyski__math-php,markrogoyski__math-php/tests/SetTheory/SetOperationsTest.php,1139,other,False,test_code,T_VARIABLE,17,A∪B,41e288aa42,3,True,False,False,,True,"Latin,Other",False,True,,False,False,U+222A UNION
markrogoyski__math-php,markrogoyski__math-php/tests/SetTheory/SetOperationsTest.php,1256,other,False,test_code,T_VARIABLE,5,A∪B∪C,41e288aa42e288aa43,5,True,False,False,,True,"Latin,Other",False,True,,False,False,U+222A UNION; U+222A UNION
markrogoyski__math-php,markrogoyski__math-php/tests/SetTheory/SetOperationsTest.php,1372,other,False,test_code,T_VARIABLE,17,A∩B,41e288a942,3,True,False,False,,True,"Latin,Other",False,True,,False,False,U+2229 INTERSECTION
markrogoyski__math-php,markrogoyski__math-php/tests/SetTheory/SetOperationsTest.php,1505,other,False,test_code,T_VARIABLE,5,A∩B∩C,41e288a942e288a943,5,True,False,False,,True,"Latin,Other",False,True,,False,False,U+2229 INTERSECTION; U+2229 INTERSECTION
markrogoyski__math-php,markrogoyski__math-php/tests/SetTheory/SetOperationsTest.php,1831,other,False,test_code,T_VARIABLE,12,A∖B,41e2889642,3,True,False,False,,True,"Latin,Other",False,True,,False,False,U+2216 SET MINUS
markrogoyski__math-php,markrogoyski__math-php/tests/SetTheory/SetOperationsTest.php,1964,other,False,test_code,T_VARIABLE,12,AΔB,41ce9442,3,True,True,True,,True,"Greek,Latin",True,True,,True,False,
markrogoyski__math-php,markrogoyski__math-php/tests/SetTheory/SetOperationsTest.php,2064,other,False,test_code,T_VARIABLE,3,A×B,41c39742,3,True,False,False,,True,"Latin,Other",False,True,,False,False,U+00D7 MULTIPLICATION SIGN
markrogoyski__math-php,markrogoyski__math-php/tests/SetTheory/SetOperationsTest.php,2071,other,False,test_code,T_VARIABLE,5,setA×B,73657441c39742,6,True,False,False,,True,"Latin,Other",False,True,,False,False,U+00D7 MULTIPLICATION SIGN
markrogoyski__math-php,markrogoyski__math-php/tests/SetTheory/SetOperationsTest.php,2072,other,False,test_code,T_VARIABLE,3,A×B_array,41c397425f6172726179,9,True,False,False,,True,"Common,Latin,Other",False,True,,False,False,U+00D7 MULTIPLICATION SIGN
markrogoyski__math-php,markrogoyski__math-php/tests/SetTheory/SetOperationsTest.php,2117,other,False,test_code,T_VARIABLE,3,A×B×C,41c39742c39743,5,True,False,False,,True,"Latin,Other",False,True,,False,False,U+00D7 MULTIPLICATION SIGN; U+00D7 MULTIPLICATION SIGN
markrogoyski__math-php,markrogoyski__math-php/tests/SetTheory/SetOperationsTest.php,2125,other,False,test_code,T_VARIABLE,6,setA×B×C,73657441c39742c39743,8,True,False,False,,True,"Latin,Other",False,True,,False,False,U+00D7 MULTIPLICATION SIGN; U+00D7 MULTIPLICATION SIGN
markrogoyski__math-php,markrogoyski__math-php/tests/SetTheory/SetOperationsTest.php,2126,other,False,test_code,T_VARIABLE,3,A×B×C_array,41c39742c397435f6172726179,11,True,False,False,,True,"Common,Latin,Other",False,True,,False,False,U+00D7 MULTIPLICATION SIGN; U+00D7 MULTIPLICATION SIGN
markrogoyski__math-php,markrogoyski__math-php/tests/SetTheory/SetOperationsTest.php,2215,other,False,test_code,T_VARIABLE,4,P⟮S⟯,50e29fae53e29faf,4,True,False,False,,True,"Latin,Other",False,True,,False,False,U+27EE MATHEMATICAL LEFT FLATTENED PARENTHESIS; U+27EF MATHEMATICAL RIGHT FLATTENED PARENTHESIS
markrogoyski__math-php,markrogoyski__math-php/src/Arithmetic.php,23,other,False,production,T_VARIABLE,4,nᵗʰ,6ee1b597cab0,3,True,True,True,,True,"Latin,Other",False,True,,False,False,
markrogoyski__math-php,markrogoyski__math-php/src/Arithmetic.php,85,other,False,production,T_VARIABLE,3,∑1／bⁿ⟮x mod bⁿ⁺¹ − x mod bⁿ⟯,e2889131efbc8f62e281bfe29fae78c2a06d6f64c2a062e281bfe281bac2b9c2a0e28892c2a078c2a06d6f64c2a062e281bfe29faf,28,True,False,False,U+00A0 NO-BREAK SPACE; U+00A0 NO-BREAK SPACE; U+00A0 NO-BREAK SPACE; U+00A0 NO-BREAK SPACE; U+00A0 NO-BREAK SPACE; U+00A0 NO-BREAK SPACE,True,"Common,Latin,Other",False,True,,False,False,U+2211 N-ARY SUMMATION; U+FF0F FULLWIDTH SOLIDUS; U+27EE MATHEMATICAL LEFT FLATTENED PARENTHESIS; U+00A0 NO-BREAK SPACE; U+00A0 NO-BREAK SPACE; U+207A SUPERSCRIPT PLUS SIGN; U+00B9 SUPERSCRIPT ONE; U+00A0 NO-BREAK SPACE; U+2212 MINUS SIGN; U+00A0 NO-BREAK SPACE; U+00A0 NO-BREAK SPACE; U+00A0 NO-BREAK SPACE; U+27EF MATHEMATICAL RIGHT FLATTENED PARENTHESIS
markrogoyski__math-php,markrogoyski__math-php/src/Arithmetic.php,127,other,False,production,T_VARIABLE,2,ε,ceb5,1,True,True,True,,True,Greek,False,False,,False,False,
markrogoyski__math-php,markrogoyski__math-php/src/NumberTheory/Integer.php,193,other,False,production,T_VARIABLE,4,λ,cebb,1,True,True,True,,True,Greek,False,False,,False,False,
markrogoyski__math-php,markrogoyski__math-php/src/NumberTheory/Integer.php,335,other,False,production,T_VARIABLE,7,√n,e2889a6e,2,True,False,False,,True,"Latin,Other",False,True,,False,False,U+221A SQUARE ROOT
markrogoyski__math-php,markrogoyski__math-php/src/NumberTheory/Integer.php,346,other,False,production,T_VARIABLE,2,mᵏ,6de1b58f,2,True,True,True,,True,"Latin,Other",False,True,,False,False,
markrogoyski__math-php,markrogoyski__math-php/src/Sequence/Basic.php,41,other,False,production,T_VARIABLE,2,a₁,61e28281,2,True,False,False,,True,"Latin,Other",False,True,,False,False,U+2081 SUBSCRIPT ONE
markrogoyski__math-php,markrogoyski__math-php/src/Sequence/NonInteger.php,58,other,False,production,T_VARIABLE,7,∑,e28891,1,True,False,False,,True,Other,False,False,,False,False,U+2211 N-ARY SUMMATION
markrogoyski__math-php,markrogoyski__math-php/src/Sequence/Advanced.php,586,other,False,production,T_VARIABLE,2,√n,e2889a6e,2,True,False,False,,True,"Latin,Other",False,True,,False,False,U+221A SQUARE ROOT
markrogoyski__math-php,markrogoyski__math-php/src/Sequence/Advanced.php,590,other,False,production,T_VARIABLE,2,i²,69c2b2,2,True,False,False,,True,"Latin,Other",False,True,,False,False,U+00B2 SUPERSCRIPT TWO
markrogoyski__math-php,markrogoyski__math-php/src/Algebra.php,63,other,False,production,T_VARIABLE,7,x₂,78e28282,2,True,False,False,,True,"Latin,Other",False,True,,False,False,U+2082 SUBSCRIPT TWO
markrogoyski__math-php,markrogoyski__math-php/src/Algebra.php,64,other,False,production,T_VARIABLE,7,x₁,78e28281,2,True,False,False,,True,"Latin,Other",False,True,,False,False,U+2081 SUBSCRIPT ONE
markrogoyski__math-php,markrogoyski__math-php/src/Algebra.php,65,other,False,production,T_VARIABLE,4,y₂,79e28282,2,True,False,False,,True,"Latin,Other",False,True,,False,False,U+2082 SUBSCRIPT TWO
markrogoyski__math-php,markrogoyski__math-php/src/Algebra.php,66,other,False,production,T_VARIABLE,4,y₁,79e28281,2,True,False,False,,True,"Latin,Other",False,True,,False,False,U+2081 SUBSCRIPT ONE
markrogoyski__math-php,markrogoyski__math-php/src/Algebra.php,260,other,False,production,T_VARIABLE,3,⟮b² − 4ac⟯,e29fae62c2b2c2a0e28892c2a0346163e29faf,10,True,False,False,U+00A0 NO-BREAK SPACE; U+00A0 NO-BREAK SPACE,True,"Common,Latin,Other",False,True,,False,False,U+27EE MATHEMATICAL LEFT FLATTENED PARENTHESIS; U+00B2 SUPERSCRIPT TWO; U+00A0 NO-BREAK SPACE; U+2212 MINUS SIGN; U+00A0 NO-BREAK SPACE; U+27EF MATHEMATICAL RIGHT FLATTENED PARENTHESIS
markrogoyski__math-php,markrogoyski__math-php/src/Algebra.php,270,other,False,production,T_VARIABLE,3,√⟮b² − 4ac⟯,e2889ae29fae62c2b2c2a0e28892c2a0346163e29faf,11,True,False,False,U+00A0 NO-BREAK SPACE; U+00A0 NO-BREAK SPACE,True,"Common,Latin,Other",False,True,,False,False,U+221A SQUARE ROOT; U+27EE MATHEMATICAL LEFT FLATTENED PARENTHESIS; U+00B2 SUPERSCRIPT TWO; U+00A0 NO-BREAK SPACE; U+2212 MINUS SIGN; U+00A0 NO-BREAK SPACE; U+27EF MATHEMATICAL RIGHT FLATTENED PARENTHESIS
markrogoyski__math-php,markrogoyski__math-php/src/Algebra.php,381,other,False,production,T_VARIABLE,21,a₃,61e28283,2,True,False,False,,True,"Latin,Other",False,True,,False,False,U+2083 SUBSCRIPT THREE
markrogoyski__math-php,markrogoyski__math-php/src/Algebra.php,381,other,False,production,T_VARIABLE,25,a₂,61e28282,2,True,False,False,,True,"Latin,Other",False,True,,False,False,U+2082 SUBSCRIPT TWO
markrogoyski__math-php,markrogoyski__math-php/src/Algebra.php,381,other,False,production,T_VARIABLE,16,a₁,61e28281,2,True,False,False,,True,"Latin,Other",False,True,,False,False,U+2081 SUBSCRIPT ONE
markrogoyski__math-php,markrogoyski__math-php/src/Algebra.php,381,other,False,production,T_VARIABLE,13,a₀,61e28280,2,True,False,False,,True,"Latin,Other",False,True,,False,False,U+2080 SUBSCRIPT ZERO
markrogoyski__math-php,markrogoyski__math-php/src/Algebra.php,401,other,False,production,T_VARIABLE,4,θ,ceb8,1,True,True,True,,True,Greek,False,False,,False,False,
markrogoyski__math-php,markrogoyski__math-php/src/Algebra.php,402,other,False,production,T_VARIABLE,4,２√−Q,efbc92e2889ae2889251,4,True,False,False,,True,"Common,Latin,Other",False,True,,False,False,U+FF12 FULLWIDTH DIGIT TWO; U+221A SQUARE ROOT; U+2212 MINUS SIGN
markrogoyski__math-php,markrogoyski__math-php/src/Algebra.php,403,other,False,production,T_VARIABLE,3,π,cf80,1,True,True,True,,True,Greek,False,False,,False,False,
markrogoyski__math-php,markrogoyski__math-php/src/Algebra.php,405,other,False,production,T_VARIABLE,13,z₁,7ae28281,2,True,False,False,,True,"Latin,Other",False,True,,False,False,U+2081 SUBSCRIPT ONE
markrogoyski__math-php,markrogoyski__math-php/src/Algebra.php,406,other,False,production,T_VARIABLE,6,z₂,7ae28282,2,True,False,False,,True,"Latin,Other",False,True,,False,False,U+2082 SUBSCRIPT TWO
markrogoyski__math-php,markrogoyski__math-php/src/Algebra.php,407,other,False,production,T_VARIABLE,8,z₃,7ae28283,2,True,False,False,,True,"Latin,Other",False,True,,False,False,U+2083 SUBSCRIPT THREE
markrogoyski__math-php,markrogoyski__math-php/src/Algebra.php,458,other,False,production,T_VARIABLE,9,a₄,61e28284,2,True,False,False,,True,"Latin,Other",False,True,,False,False,U+2084 SUBSCRIPT FOUR
markrogoyski__math-php,markrogoyski__math-php/src/Algebra.php,484,other,False,production,T_VARIABLE,7,z₊,7ae2828a,2,True,False,False,,True,"Latin,Other",False,True,,False,False,U+208A SUBSCRIPT PLUS SIGN
markrogoyski__math-php,markrogoyski__math-php/src/Algebra.php,485,other,False,production,T_VARIABLE,7,z₋,7ae2828b,2,True,False,False,,True,"Latin,Other",False,True,,False,False,U+208B SUBSCRIPT MINUS
markrogoyski__math-php,markrogoyski__math-php/src/Algebra.php,490,other,False,production,T_VARIABLE,2,Cz₊,437ae2828a,3,True,False,False,,True,"Latin,Other",False,True,,False,False,U+208A SUBSCRIPT PLUS SIGN
markrogoyski__math-php,markrogoyski__math-php/src/Algebra.php,491,other,False,production,T_VARIABLE,2,Cz₋,437ae2828b,3,True,False,False,,True,"Latin,Other",False,True,,False,False,U+208B SUBSCRIPT MINUS
markrogoyski__math-php,markrogoyski__math-php/src/Algebra.php,497,other,False,production,T_VARIABLE,2,z₄,7ae28284,2,True,False,False,,True,"Latin,Other",False,True,,False,False,U+2084 SUBSCRIPT FOUR
markrogoyski__math-php,markrogoyski__math-php/src/Expression/Polynomial.php,181,other,False,production,T_VARIABLE,2,x₀,78e28280,2,True,False,False,,True,"Latin,Other",False,True,,False,False,U+2080 SUBSCRIPT ZERO
markrogoyski__math-php,markrogoyski__math-php/src/Expression/Piecewise.php,101,other,False,production,T_VARIABLE,3,x₀,78e28280,2,True,False,False,,True,"Latin,Other",False,True,,False,False,U+2080 SUBSCRIPT ZERO
markrogoyski__math-php,markrogoyski__math-php/src/Functions/Special.php,56,function_decl,False,production,T_STRING,1,Γ,ce93,1,True,True,True,,True,Greek,False,False,,True,True,
markrogoyski__math-php,markrogoyski__math-php/src/Functions/Special.php,122,other,False,production,T_VARIABLE,8,π,cf80,1,True,True,True,,True,Greek,False,False,,False,False,
markrogoyski__math-php,markrogoyski__math-php/src/Functions/Special.php,131,other,False,production,T_VARIABLE,2,Γ⟮1−z⟯,ce93e29fae31e288927ae29faf,6,True,False,False,,True,"Common,Greek,Latin,Other",True,True,,True,False,U+27EE MATHEMATICAL LEFT FLATTENED PARENTHESIS; U+2212 MINUS SIGN; U+27EF MATHEMATICAL RIGHT FLATTENED PARENTHESIS
markrogoyski__math-php,markrogoyski__math-php/src/Functions/Special.php,139,other,False,production,T_VARIABLE,3,A⟮z⟯,41e29fae7ae29faf,4,True,False,False,,True,"Latin,Other",False,True,,False,False,U+27EE MATHEMATICAL LEFT FLATTENED PARENTHESIS; U+27EF MATHEMATICAL RIGHT FLATTENED PARENTHESIS
markrogoyski__math-php,markrogoyski__math-php/src/Functions/Special.php,145,other,False,production,T_VARIABLE,4,√2π,e2889a32cf80,3,True,False,False,,True,"Common,Greek,Other",False,True,,False,False,U+221A SQUARE ROOT
markrogoyski__math-php,markrogoyski__math-php/src/Functions/Special.php,146,other,False,production,T_VARIABLE,2,⟮z＋g＋½⟯ᶻ⁺½,e29fae7aefbc8b67efbc8bc2bde29fafe1b6bbe281bac2bd,10,True,False,False,,True,"Latin,Other",False,True,,False,False,U+27EE MATHEMATICAL LEFT FLATTENED PARENTHESIS; U+FF0B FULLWIDTH PLUS SIGN; U+FF0B FULLWIDTH PLUS SIGN; U+00BD VULGAR FRACTION ONE HALF; U+27EF MATHEMATICAL RIGHT FLATTENED PARENTHESIS; U+207A SUPERSCRIPT PLUS SIGN; U+00BD VULGAR FRACTION ONE HALF
markrogoyski__math-php,markrogoyski__math-php/src/Functions/Special.php,147,other,False,production,T_VARIABLE,2,ℯ＾−⟮z＋g＋½⟯,e284afefbcbee28892e29fae7aefbc8b67efbc8bc2bde29faf,10,True,False,False,,True,"Latin,Other",False,True,,False,False,U+FF3E FULLWIDTH CIRCUMFLEX ACCENT; U+2212 MINUS SIGN; U+27EE MATHEMATICAL LEFT FLATTENED PARENTHESIS; U+FF0B FULLWIDTH PLUS SIGN; U+FF0B FULLWIDTH PLUS SIGN; U+00BD VULGAR FRACTION ONE HALF; U+27EF MATHEMATICAL RIGHT FLATTENED PARENTHESIS
markrogoyski__math-php,markrogoyski__math-php/src/Functions/Special.php,196,other,False,production,T_VARIABLE,2,ℯ⁻ⁿ,e284afe281bbe281bf,3,True,False,False,,True,Other,False,False,,False,False,U+207B SUPERSCRIPT MINUS
markrogoyski__math-php,markrogoyski__math-php/src/Functions/Special.php,197,other,False,production,T_VARIABLE,2,√1／n,e2889a31efbc8f6e,4,True,False,False,,True,"Common,Latin,Other",False,True,,False,False,U+221A SQUARE ROOT; U+FF0F FULLWIDTH SOLIDUS
markrogoyski__math-php,markrogoyski__math-php/src/Functions/Special.php,198,other,False,production,T_VARIABLE,2,⟮n＋1／⟮12n−1／10n⟯⟯ⁿ,e29fae6eefbc8b31efbc8fe29fae31326ee2889231efbc8f31306ee29fafe29fafe281bf,18,True,False,False,,True,"Common,Latin,Other",False,True,,False,False,U+27EE MATHEMATICAL LEFT FLATTENED PARENTHESIS; U+FF0B FULLWIDTH PLUS SIGN; U+FF0F FULLWIDTH SOLIDUS; U+27EE MATHEMATICAL LEFT FLATTENED PARENTHESIS; U+2212 MINUS SIGN; U+FF0F FULLWIDTH SOLIDUS; U+27EF MATHEMATICAL RIGHT FLATTENED PARENTHESIS; U+27EF MATHEMATICAL RIGHT FLATTENED PARENTHESIS
markrogoyski__math-php,markrogoyski__math-php/src/Functions/Special.php,287,other,False,production,T_VARIABLE,11,n²,6ec2b2,2,True,False,False,,True,"Latin,Other",False,True,,False,False,U+00B2 SUPERSCRIPT TWO
markrogoyski__math-php,markrogoyski__math-php/src/Functions/Special.php,461,other,False,production,T_VARIABLE,4,sin⟮πy⟯,73696ee29faecf8079e29faf,7,True,False,False,,True,"Greek,Latin,Other",True,True,,False,False,U+27EE MATHEMATICAL LEFT FLATTENED PARENTHESIS; U+27EF MATHEMATICAL RIGHT FLATTENED PARENTHESIS
markrogoyski__math-php,markrogoyski__math-php/src/Functions/Special.php,514,static_member,False,production,T_STRING,14,Γ,ce93,1,True,True,True,,True,Greek,False,False,,True,False,
markrogoyski__math-php,markrogoyski__math-php/src/Functions/Special.php,550,function_decl,False,production,T_STRING,1,β,ceb2,1,True,True,True,,True,Greek,False,False,,False,True,
markrogoyski__math-php,markrogoyski__math-php/src/Functions/Special.php,613,other,False,production,T_VARIABLE,2,Γ⟮x⟯,ce93e29fae78e29faf,4,True,False,False,,True,"Greek,Latin,Other",True,True,,True,False,U+27EE MATHEMATICAL LEFT FLATTENED PARENTHESIS; U+27EF MATHEMATICAL RIGHT FLATTENED PARENTHESIS
markrogoyski__math-php,markrogoyski__math-php/src/Functions/Special.php,614,other,False,production,T_VARIABLE,2,Γ⟮y⟯,ce93e29fae79e29faf,4,True,False,False,,True,"Greek,Latin,Other",True,True,,True,False,U+27EE MATHEMATICAL LEFT FLATTENED PARENTHESIS; U+27EF MATHEMATICAL RIGHT FLATTENED PARENTHESIS
markrogoyski__math-php,markrogoyski__math-php/src/Functions/Special.php,615,other,False,production,T_VARIABLE,2,Γ⟮x＋y⟯,ce93e29fae78efbc8b79e29faf,6,True,False,False,,True,"Greek,Latin,Other",True,True,,True,False,U+27EE MATHEMATICAL LEFT FLATTENED PARENTHESIS; U+FF0B FULLWIDTH PLUS SIGN; U+27EF MATHEMATICAL RIGHT FLATTENED PARENTHESIS
markrogoyski__math-php,markrogoyski__math-php/src/Functions/Special.php,763,other,False,production,T_VARIABLE,2,２x,efbc9278,2,True,False,False,,True,"Common,Latin",False,False,,False,False,U+FF12 FULLWIDTH DIGIT TWO
markrogoyski__math-php,markrogoyski__math-php/src/Functions/Special.php,788,other,False,production,T_VARIABLE,5,αs,ceb173,2,True,True,True,,True,"Greek,Latin",True,True,as,False,False,
markrogoyski__math-php,markrogoyski__math-php/src/Functions/Special.php,790,other,False,production,T_VARIABLE,6,α,ceb1,1,True,True,True,,True,Greek,False,False,a,False,False,
markrogoyski__math-php,markrogoyski__math-php/src/Functions/Special.php,798,other,False,production,T_VARIABLE,5,∑α,e28891ceb1,2,True,False,False,,True,"Greek,Other",False,True,,False,False,U+2211 N-ARY SUMMATION
markrogoyski__math-php,markrogoyski__math-php/src/Functions/Special.php,803,other,False,production,T_VARIABLE,2,Γ⟮∑α⟯,ce93e29faee28891ceb1e29faf,5,True,False,False,,True,"Greek,Other",False,True,,True,False,U+27EE MATHEMATICAL LEFT FLATTENED PARENTHESIS; U+2211 N-ARY SUMMATION; U+27EF MATHEMATICAL RIGHT FLATTENED PARENTHESIS
markrogoyski__math-php,markrogoyski__math-php/src/Functions/Special.php,804,other,False,production,T_VARIABLE,3,∏,e2888f,1,True,False,False,,True,Other,False,False,,False,False,U+220F N-ARY PRODUCT
markrogoyski__math-php,markrogoyski__math-php/src/Functions/Special.php,812,other,False,production,T_VARIABLE,37,∑,e28891,1,True,False,False,,True,Other,False,False,,False,False,U+2211 N-ARY SUMMATION
markrogoyski__math-php,markrogoyski__math-php/src/Functions/Special.php,836,other,False,production,T_VARIABLE,2,x₀,78e28280,2,True,False,False,,True,"Latin,Other",False,True,,False,False,U+2080 SUBSCRIPT ZERO
markrogoyski__math-php,markrogoyski__math-php/src/Functions/Special.php,838,other,False,production,T_VARIABLE,2,ℯ⁻ᵏ⁽ˣ⁻ˣ⁰⁾,e284afe281bbe1b58fe281bdcba3e281bbcba3e281b0e281be,9,True,False,False,,True,Other,False,False,,False,False,U+207B SUPERSCRIPT MINUS; U+207D SUPERSCRIPT LEFT PARENTHESIS; U+207B SUPERSCRIPT MINUS; U+2070 SUPERSCRIPT ZERO; U+207E SUPERSCRIPT RIGHT PARENTHESIS
markrogoyski__math-php,markrogoyski__math-php/src/Functions/Special.php,902,other,False,production,T_VARIABLE,2,ℯ⁻ᵗ,e284afe281bbe1b597,3,True,False,False,,True,Other,False,False,,False,False,U+207B SUPERSCRIPT MINUS
markrogoyski__math-php,markrogoyski__math-php/src/Functions/Special.php,905,other,False,production,T_VARIABLE,3,ℯᵗ,e284afe1b597,2,True,True,True,,True,Other,False,False,,False,False,
markrogoyski__math-php,markrogoyski__math-php/src/Functions/Special.php,943,other,False,production,T_VARIABLE,3,two／√π,74776fefbc8fe2889acf80,6,True,False,False,,True,"Greek,Latin,Other",True,True,,False,False,U+FF0F FULLWIDTH SOLIDUS; U+221A SQUARE ROOT
markrogoyski__math-php,markrogoyski__math-php/src/Functions/Special.php,948,other,False,production,T_VARIABLE,16,x²,78c2b2,2,True,False,False,,True,"Latin,Other",False,True,,False,False,U+00B2 SUPERSCRIPT TWO
markrogoyski__math-php,markrogoyski__math-php/src/Functions/Special.php,949,other,False,production,T_VARIABLE,3,x³,78c2b3,2,True,False,False,,True,"Latin,Other",False,True,,False,False,U+00B3 SUPERSCRIPT THREE
markrogoyski__math-php,markrogoyski__math-php/src/Functions/Special.php,950,other,False,production,T_VARIABLE,3,x⁵,78e281b5,2,True,False,False,,True,"Latin,Other",False,True,,False,False,U+2075 SUPERSCRIPT FIVE
markrogoyski__math-php,markrogoyski__math-php/src/Functions/Special.php,951,other,False,production,T_VARIABLE,3,x⁷,78e281b7,2,True,False,False,,True,"Latin,Other",False,True,,False,False,U+2077 SUPERSCRIPT SEVEN
markrogoyski__math-php,markrogoyski__math-php/src/Functions/Special.php,952,other,False,production,T_VARIABLE,3,x⁹,78e281b9,2,True,False,False,,True,"Latin,Other",False,True,,False,False,U+2079 SUPERSCRIPT NINE
markrogoyski__math-php,markrogoyski__math-php/src/Functions/Special.php,953,other,False,production,T_VARIABLE,3,x¹¹,78c2b9c2b9,3,True,False,False,,True,"Latin,Other",False,True,,False,False,U+00B9 SUPERSCRIPT ONE; U+00B9 SUPERSCRIPT ONE
markrogoyski__math-php,markrogoyski__math-php/src/Functions/Special.php,954,other,False,production,T_VARIABLE,3,x¹³,78c2b9c2b3,3,True,False,False,,True,"Latin,Other",False,True,,False,False,U+00B9 SUPERSCRIPT ONE; U+00B3 SUPERSCRIPT THREE
markrogoyski__math-php,markrogoyski__math-php/src/Functions/Special.php,955,other,False,production,T_VARIABLE,2,x¹⁵,78c2b9e281b5,3,True,False,False,,True,"Latin,Other",False,True,,False,False,U+00B9 SUPERSCRIPT ONE; U+2075 SUPERSCRIPT FIVE
markrogoyski__math-php,markrogoyski__math-php/src/Functions/Special.php,1019,other,False,production,T_VARIABLE,3,x⁴,78e281b4,2,True,False,False,,True,"Latin,Other",False,True,,False,False,U+2074 SUPERSCRIPT FOUR
markrogoyski__math-php,markrogoyski__math-php/src/Functions/Special.php,1020,other,False,production,T_VARIABLE,2,x⁶,78e281b6,2,True,False,False,,True,"Latin,Other",False,True,,False,False,U+2076 SUPERSCRIPT SIX
markrogoyski__math-php,markrogoyski__math-php/src/Functions/Special.php,1167,other,False,production,T_VARIABLE,2,√π,e2889acf80,2,True,False,False,,True,"Greek,Other",False,True,,False,False,U+221A SQUARE ROOT
markrogoyski__math-php,markrogoyski__math-php/src/Functions/Special.php,1168,other,False,production,T_VARIABLE,2,√x,e2889a78,2,True,False,False,,True,"Latin,Other",False,True,,False,False,U+221A SQUARE ROOT
markrogoyski__math-php,markrogoyski__math-php/src/Functions/Special.php,1178,other,False,production,T_VARIABLE,2,Γs,ce9373,2,True,True,True,,True,"Greek,Latin",True,True,,True,False,
markrogoyski__math-php,markrogoyski__math-php/src/Functions/Special.php,1179,other,False,production,T_VARIABLE,2,Γsx,ce937378,3,True,True,True,,True,"Greek,Latin",True,True,,True,False,
markrogoyski__math-php,markrogoyski__math-php/src/Functions/Special.php,1307,function_decl,False,production,T_STRING,1,γ,ceb3,1,True,True,True,,True,Greek,False,False,,False,True,
markrogoyski__math-php,markrogoyski__math-php/src/Functions/Special.php,1332,other,False,production,T_VARIABLE,2,γ⟮s、x⟯,ceb3e29fae73e3808178e29faf,6,True,False,False,,True,"Greek,Latin,Other",True,True,,False,False,U+27EE MATHEMATICAL LEFT FLATTENED PARENTHESIS; U+3001 IDEOGRAPHIC COMMA; U+27EF MATHEMATICAL RIGHT FLATTENED PARENTHESIS
markrogoyski__math-php,markrogoyski__math-php/src/Functions/Special.php,1333,other,False,production,T_VARIABLE,2,Γ⟮s⟯,ce93e29fae73e29faf,4,True,False,False,,True,"Greek,Latin,Other",True,True,,True,False,U+27EE MATHEMATICAL LEFT FLATTENED PARENTHESIS; U+27EF MATHEMATICAL RIGHT FLATTENED PARENTHESIS
markrogoyski__math-php,markrogoyski__math-php/src/Functions/Special.php,1437,other,False,production,T_VARIABLE,5,ε,ceb5,1,True,True,True,,True,Greek,False,False,,False,False,
markrogoyski__math-php,markrogoyski__math-php/src/Functions/Special.php,1660,other,False,production,T_VARIABLE,3,𝐳,f09d90b3,1,True,True,True,,True,Other,False,False,,False,False,
markrogoyski__math-php,markrogoyski__math-php/src/Functions/Special.php,1666,other,False,production,T_VARIABLE,3,eᶻʲ⁻ᶜ_array,65e1b6bbcab2e281bbe1b69c5f6172726179,11,True,False,False,,True,"Common,Latin,Other",False,True,,False,False,U+207B SUPERSCRIPT MINUS
markrogoyski__math-php,markrogoyski__math-php/src/Functions/Special.php,1673,other,False,production,T_VARIABLE,3,∑ᴷeᶻʲ⁻ᶜ,e28891e1b4b765e1b6bbcab2e281bbe1b69c,7,True,False,False,,True,"Latin,Other",False,True,,False,False,U+2211 N-ARY SUMMATION; U+207B SUPERSCRIPT MINUS
markrogoyski__math-php,markrogoyski__math-php/src/Functions/Special.php,1675,other,False,production,T_VARIABLE,2,σ⟮𝐳⟯ⱼ,cf83e29faef09d90b3e29fafe2b1bc,5,True,False,False,,True,"Greek,Latin,Other",True,True,,False,False,U+27EE MATHEMATICAL LEFT FLATTENED PARENTHESIS; U+27EF MATHEMATICAL RIGHT FLATTENED PARENTHESIS
markrogoyski__math-php,markrogoyski__math-php/src/Functions/Special.php,1724,other,False,production,T_VARIABLE,87,｜x｜,efbd9c78efbd9c,3,True,False,False,,True,"Latin,Other",False,True,,False,False,U+FF5C FULLWIDTH VERTICAL LINE; U+FF5C FULLWIDTH VERTICAL LINE
markrogoyski__math-php,markrogoyski__math-php/src/Functions/Special.php,1737,other,False,production,T_VARIABLE,12,θ,ceb8,1,True,True,True,,True,Greek,False,False,,False,False,
markrogoyski__math-php,markrogoyski__math-php/src/Functions/Special.php,1861,other,False,production,T_VARIABLE,5,Jⱼ₊₁,4ae2b1bce2828ae28281,4,True,False,False,,True,"Latin,Other",False,True,,False,False,U+208A SUBSCRIPT PLUS SIGN; U+2081 SUBSCRIPT ONE
markrogoyski__math-php,markrogoyski__math-php/src/Functions/Special.php,1863,other,False,production,T_VARIABLE,8,Jⱼ,4ae2b1bc,2,True,True,True,,True,Latin,False,False,,False,False,
markrogoyski__math-php,markrogoyski__math-php/src/Functions/Special.php,1867,other,False,production,T_VARIABLE,2,Jⱼ₋₁,4ae2b1bce2828be28281,4,True,False,False,,True,"Latin,Other",False,True,,False,False,U+208B SUBSCRIPT MINUS; U+2081 SUBSCRIPT ONE
markrogoyski__math-php,markrogoyski__math-php/src/Functions/Special.php,1927,other,False,production,T_VARIABLE,48,ν,cebd,1,True,True,True,,True,Greek,False,False,v,False,False,
markrogoyski__math-php,markrogoyski__math-php/src/Functions/Special.php,1952,other,False,production,T_VARIABLE,16,｜ν｜,efbd9ccebdefbd9c,3,True,False,False,,True,"Greek,Other",False,True,,False,False,U+FF5C FULLWIDTH VERTICAL LINE; U+FF5C FULLWIDTH VERTICAL LINE
markrogoyski__math-php,markrogoyski__math-php/src/Functions/Special.php,1957,other,False,production,T_VARIABLE,14,μ,cebc,1,True,True,True,,True,Greek,False,False,,False,False,
markrogoyski__math-php,markrogoyski__math-php/src/Functions/Special.php,1958,other,False,production,T_VARIABLE,6,ω,cf89,1,True,True,True,,True,Greek,False,False,,False,False,
markrogoyski__math-php,markrogoyski__math-php/src/Functions/Special.php,2095,other,False,production,T_VARIABLE,2,J₀,4ae28280,2,True,False,False,,True,"Latin,Other",False,True,,False,False,U+2080 SUBSCRIPT ZERO
markrogoyski__math-php,markrogoyski__math-php/src/Functions/Special.php,2141,other,False,production,T_VARIABLE,2,J₁,4ae28281,2,True,False,False,,True,"Latin,Other",False,True,,False,False,U+2081 SUBSCRIPT ONE
markrogoyski__math-php,markrogoyski__math-php/src/Functions/Special.php,2198,other,False,production,T_VARIABLE,3,Yₙ₋₁,59e28299e2828be28281,4,True,False,False,,True,"Latin,Other",False,True,,False,False,U+208B SUBSCRIPT MINUS; U+2081 SUBSCRIPT ONE
markrogoyski__math-php,markrogoyski__math-php/src/Functions/Special.php,2199,other,False,production,T_VARIABLE,5,Yₙ,59e28299,2,True,True,True,,True,Latin,False,False,,False,False,
markrogoyski__math-php,markrogoyski__math-php/src/Functions/Special.php,2201,other,False,production,T_VARIABLE,2,Yₙ₊₁,59e28299e2828ae28281,4,True,False,False,,True,"Latin,Other",False,True,,False,False,U+208A SUBSCRIPT PLUS SIGN; U+2081 SUBSCRIPT ONE
markrogoyski__math-php,markrogoyski__math-php/src/Functions/Special.php,2381,other,False,production,T_VARIABLE,3,Iₙ₋₁,49e28299e2828be28281,4,True,False,False,,True,"Latin,Other",False,True,,False,False,U+208B SUBSCRIPT MINUS; U+2081 SUBSCRIPT ONE
markrogoyski__math-php,markrogoyski__math-php/src/Functions/Special.php,2382,other,False,production,T_VARIABLE,6,Iₙ,49e28299,2,True,True,True,,True,Latin,False,False,,False,False,
markrogoyski__math-php,markrogoyski__math-php/src/Functions/Special.php,2384,other,False,production,T_VARIABLE,2,Iₙ₊₁,49e28299e2828ae28281,4,True,False,False,,True,"Latin,Other",False,True,,False,False,U+208A SUBSCRIPT PLUS SIGN; U+2081 SUBSCRIPT ONE
markrogoyski__math-php,markrogoyski__math-php/src/Functions/Special.php,2412,other,False,production,T_VARIABLE,2,Kᵥ,4be1b5a5,2,True,True,True,,True,Latin,False,False,,False,False,
markrogoyski__math-php,markrogoyski__math-php/src/Functions/Special.php,2559,other,False,production,T_VARIABLE,3,Kₙ₋₁,4be28299e2828be28281,4,True,False,False,,True,"Latin,Other",False,True,,False,False,U+208B SUBSCRIPT MINUS; U+2081 SUBSCRIPT ONE
markrogoyski__math-php,markrogoyski__math-php/src/Functions/Special.php,2560,other,False,production,T_VARIABLE,5,Kₙ,4be28299,2,True,True,True,,True,Latin,False,False,,False,False,
markrogoyski__math-php,markrogoyski__math-php/src/Functions/Special.php,2562,other,False,production,T_VARIABLE,2,Kₙ₊₁,4be28299e2828ae28281,4,True,False,False,,True,"Latin,Other",False,True,,False,False,U+208A SUBSCRIPT PLUS SIGN; U+2081 SUBSCRIPT ONE
markrogoyski__math-php,markrogoyski__math-php/src/Functions/Special.php,2574,other,False,production,T_VARIABLE,3,sin⟮νπ⟯,73696ee29faecebdcf80e29faf,7,True,False,False,,True,"Greek,Latin,Other",True,True,,False,False,U+27EE MATHEMATICAL LEFT FLATTENED PARENTHESIS; U+27EF MATHEMATICAL RIGHT FLATTENED PARENTHESIS
markrogoyski__math-php,markrogoyski__math-php/src/Functions/Special.php,2578,other,False,production,T_VARIABLE,2,ν_floor,cebd5f666c6f6f72,7,True,True,True,,True,"Common,Greek,Latin",True,True,v_floor,False,False,
markrogoyski__math-php,markrogoyski__math-php/src/Functions/Special.php,2610,other,False,production,T_VARIABLE,5,∑_ν,e288915fcebd,3,True,False,False,,True,"Common,Greek,Other",False,True,,False,False,U+2211 N-ARY SUMMATION
markrogoyski__math-php,markrogoyski__math-php/src/Functions/Special.php,2611,other,False,production,T_VARIABLE,5,term_ν,7465726d5fcebd,6,True,True,True,,True,"Common,Greek,Latin",True,True,term_v,False,False,
markrogoyski__math-php,markrogoyski__math-php/src/Functions/Special.php,2622,other,False,production,T_VARIABLE,5,∑_neg_ν,e288915f6e65675fcebd,7,True,False,False,,True,"Common,Greek,Latin,Other",True,True,,False,False,U+2211 N-ARY SUMMATION
markrogoyski__math-php,markrogoyski__math-php/src/Functions/Special.php,2623,other,False,production,T_VARIABLE,5,term_neg_ν,7465726d5f6e65675fcebd,10,True,True,True,,True,"Common,Greek,Latin",True,True,term_neg_v,False,False,
markrogoyski__math-php,markrogoyski__math-php/src/Functions/Special.php,2682,other,False,production,T_VARIABLE,3,Pₙ₋₁,50e28299e2828be28281,4,True,False,False,,True,"Latin,Other",False,True,,False,False,U+208B SUBSCRIPT MINUS; U+2081 SUBSCRIPT ONE
markrogoyski__math-php,markrogoyski__math-php/src/Functions/Special.php,2683,other,False,production,T_VARIABLE,5,Pₙ,50e28299,2,True,True,True,,True,Latin,False,False,,False,False,
markrogoyski__math-php,markrogoyski__math-php/src/Functions/Special.php,2686,other,False,production,T_VARIABLE,2,Pₙ₊₁,50e28299e2828ae28281,4,True,False,False,,True,"Latin,Other",False,True,,False,False,U+208A SUBSCRIPT PLUS SIGN; U+2081 SUBSCRIPT ONE
markrogoyski__math-php,markrogoyski__math-php/src/Functions/Special.php,2735,other,False,production,T_VARIABLE,3,Tₙ₋₁,54e28299e2828be28281,4,True,False,False,,True,"Latin,Other",False,True,,False,False,U+208B SUBSCRIPT MINUS; U+2081 SUBSCRIPT ONE
markrogoyski__math-php,markrogoyski__math-php/src/Functions/Special.php,2736,other,False,production,T_VARIABLE,5,Tₙ,54e28299,2,True,True,True,,True,Latin,False,False,,False,False,
markrogoyski__math-php,markrogoyski__math-php/src/Functions/Special.php,2739,other,False,production,T_VARIABLE,2,Tₙ₊₁,54e28299e2828ae28281,4,True,False,False,,True,"Latin,Other",False,True,,False,False,U+208A SUBSCRIPT PLUS SIGN; U+2081 SUBSCRIPT ONE
markrogoyski__math-php,markrogoyski__math-php/src/Functions/Special.php,2780,other,False,production,T_VARIABLE,3,Uₙ₋₁,55e28299e2828be28281,4,True,False,False,,True,"Latin,Other",False,True,,False,False,U+208B SUBSCRIPT MINUS; U+2081 SUBSCRIPT ONE
markrogoyski__math-php,markrogoyski__math-php/src/Functions/Special.php,2781,other,False,production,T_VARIABLE,5,Uₙ,55e28299,2,True,True,True,,True,Latin,False,False,,False,False,
markrogoyski__math-php,markrogoyski__math-php/src/Functions/Special.php,2784,other,False,production,T_VARIABLE,2,Uₙ₊₁,55e28299e2828ae28281,4,True,False,False,,True,"Latin,Other",False,True,,False,False,U+208A SUBSCRIPT PLUS SIGN; U+2081 SUBSCRIPT ONE
markrogoyski__math-php,markrogoyski__math-php/src/Functions/Special.php,2829,other,False,production,T_VARIABLE,3,Hₙ₋₁,48e28299e2828be28281,4,True,False,False,,True,"Latin,Other",False,True,,False,False,U+208B SUBSCRIPT MINUS; U+2081 SUBSCRIPT ONE
markrogoyski__math-php,markrogoyski__math-php/src/Functions/Special.php,2830,other,False,production,T_VARIABLE,5,Hₙ,48e28299,2,True,True,True,,True,Latin,False,False,,False,False,
markrogoyski__math-php,markrogoyski__math-php/src/Functions/Special.php,2833,other,False,production,T_VARIABLE,2,Hₙ₊₁,48e28299e2828ae28281,4,True,False,False,,True,"Latin,Other",False,True,,False,False,U+208A SUBSCRIPT PLUS SIGN; U+2081 SUBSCRIPT ONE
markrogoyski__math-php,markrogoyski__math-php/src/Functions/Special.php,2873,other,False,production,T_VARIABLE,3,Heₙ₋₁,4865e28299e2828be28281,5,True,False,False,,True,"Latin,Other",False,True,,False,False,U+208B SUBSCRIPT MINUS; U+2081 SUBSCRIPT ONE
markrogoyski__math-php,markrogoyski__math-php/src/Functions/Special.php,2874,other,False,production,T_VARIABLE,5,Heₙ,4865e28299,3,True,True,True,,True,Latin,False,False,,False,False,
markrogoyski__math-php,markrogoyski__math-php/src/Functions/Special.php,2877,other,False,production,T_VARIABLE,2,Heₙ₊₁,4865e28299e2828ae28281,5,True,False,False,,True,"Latin,Other",False,True,,False,False,U+208A SUBSCRIPT PLUS SIGN; U+2081 SUBSCRIPT ONE
markrogoyski__math-php,markrogoyski__math-php/src/Functions/Special.php,2922,other,False,production,T_VARIABLE,3,Lₙ₋₁,4ce28299e2828be28281,4,True,False,False,,True,"Latin,Other",False,True,,False,False,U+208B SUBSCRIPT MINUS; U+2081 SUBSCRIPT ONE
markrogoyski__math-php,markrogoyski__math-php/src/Functions/Special.php,2923,other,False,production,T_VARIABLE,5,Lₙ,4ce28299,2,True,True,True,,True,Latin,False,False,,False,False,
markrogoyski__math-php,markrogoyski__math-php/src/Functions/Special.php,2926,other,False,production,T_VARIABLE,2,Lₙ₊₁,4ce28299e2828ae28281,4,True,False,False,,True,"Latin,Other",False,True,,False,False,U+208A SUBSCRIPT PLUS SIGN; U+2081 SUBSCRIPT ONE
markrogoyski__math-php,markrogoyski__math-php/src/Functions/Special.php,2958,other,False,production,T_VARIABLE,22,ζ,ceb6,1,True,True,True,,True,Greek,False,False,,False,False,
markrogoyski__math-php,markrogoyski__math-php/src/Functions/Special.php,2959,other,False,production,T_VARIABLE,2,K₁⸝₃,4be28281e2b89de28283,4,True,False,False,,True,"Latin,Other",False,True,,False,False,U+2081 SUBSCRIPT ONE; U+2E1D RIGHT LOW PARAPHRASE BRACKET; U+2083 SUBSCRIPT THREE
markrogoyski__math-php,markrogoyski__math-php/src/Functions/Special.php,2964,other,False,production,T_VARIABLE,4,J₁⸝₃,4ae28281e2b89de28283,4,True,False,False,,True,"Latin,Other",False,True,,False,False,U+2081 SUBSCRIPT ONE; U+2E1D RIGHT LOW PARAPHRASE BRACKET; U+2083 SUBSCRIPT THREE
markrogoyski__math-php,markrogoyski__math-php/src/Functions/Special.php,2965,other,False,production,T_VARIABLE,4,J₋₁⸝₃,4ae2828be28281e2b89de28283,5,True,False,False,,True,"Latin,Other",False,True,,False,False,U+208B SUBSCRIPT MINUS; U+2081 SUBSCRIPT ONE; U+2E1D RIGHT LOW PARAPHRASE BRACKET; U+2083 SUBSCRIPT THREE
markrogoyski__math-php,markrogoyski__math-php/src/Functions/Special.php,2989,other,False,production,T_VARIABLE,2,I₁⸝₃,49e28281e2b89de28283,4,True,False,False,,True,"Latin,Other",False,True,,False,False,U+2081 SUBSCRIPT ONE; U+2E1D RIGHT LOW PARAPHRASE BRACKET; U+2083 SUBSCRIPT THREE
markrogoyski__math-php,markrogoyski__math-php/src/Functions/Special.php,2990,other,False,production,T_VARIABLE,2,I₋₁⸝₃,49e2828be28281e2b89de28283,5,True,False,False,,True,"Latin,Other",False,True,,False,False,U+208B SUBSCRIPT MINUS; U+2081 SUBSCRIPT ONE; U+2E1D RIGHT LOW PARAPHRASE BRACKET; U+2083 SUBSCRIPT THREE
markrogoyski__math-php,markrogoyski__math-php/src/Functions/Special.php,3020,other,False,production,T_VARIABLE,2,K₂⸝₃,4be28282e2b89de28283,4,True,False,False,,True,"Latin,Other",False,True,,False,False,U+2082 SUBSCRIPT TWO; U+2E1D RIGHT LOW PARAPHRASE BRACKET; U+2083 SUBSCRIPT THREE
markrogoyski__math-php,markrogoyski__math-php/src/Functions/Special.php,3025,other,False,production,T_VARIABLE,4,J₂⸝₃,4ae28282e2b89de28283,4,True,False,False,,True,"Latin,Other",False,True,,False,False,U+2082 SUBSCRIPT TWO; U+2E1D RIGHT LOW PARAPHRASE BRACKET; U+2083 SUBSCRIPT THREE
markrogoyski__math-php,markrogoyski__math-php/src/Functions/Special.php,3026,other,False,production,T_VARIABLE,4,J₋₂⸝₃,4ae2828be28282e2b89de28283,5,True,False,False,,True,"Latin,Other",False,True,,False,False,U+208B SUBSCRIPT MINUS; U+2082 SUBSCRIPT TWO; U+2E1D RIGHT LOW PARAPHRASE BRACKET; U+2083 SUBSCRIPT THREE
markrogoyski__math-php,markrogoyski__math-php/src/Functions/Special.php,3050,other,False,production,T_VARIABLE,2,I₂⸝₃,49e28282e2b89de28283,4,True,False,False,,True,"Latin,Other",False,True,,False,False,U+2082 SUBSCRIPT TWO; U+2E1D RIGHT LOW PARAPHRASE BRACKET; U+2083 SUBSCRIPT THREE
markrogoyski__math-php,markrogoyski__math-php/src/Functions/Special.php,3051,other,False,production,T_VARIABLE,2,I₋₂⸝₃,49e2828be28282e2b89de28283,5,True,False,False,,True,"Latin,Other",False,True,,False,False,U+208B SUBSCRIPT MINUS; U+2082 SUBSCRIPT TWO; U+2E1D RIGHT LOW PARAPHRASE BRACKET; U+2083 SUBSCRIPT THREE
markrogoyski__math-php,markrogoyski__math-php/src/Functions/Support.php,9,const_decl,False,production,T_STRING,1,ε,ceb5,1,True,True,True,,True,Greek,False,False,,False,False,
markrogoyski__math-php,markrogoyski__math-php/src/Functions/Support.php,99,other,False,production,T_VARIABLE,8,ε,ceb5,1,True,True,True,,True,Greek,False,False,,False,False,
markrogoyski__math-php,markrogoyski__math-php/src/Functions/Support.php,99,static_member,False,production,T_STRING,4,ε,ceb5,1,True,True,True,,True,Greek,False,False,,False,False,
markrogoyski__math-php,markrogoyski__math-php/src/NumericalAnalysis/Interpolation/NevillesMethod.php,74,other,False,production,T_VARIABLE,2,xᵢ₋ⱼ,78e1b5a2e2828be2b1bc,4,True,False,False,,True,"Latin,Other",False,True,,False,False,U+208B SUBSCRIPT MINUS
markrogoyski__math-php,markrogoyski__math-php/src/NumericalAnalysis/Interpolation/NevillesMethod.php,75,other,False,production,T_VARIABLE,2,xᵢ,78e1b5a2,2,True,True,True,,True,Latin,False,False,,False,False,
markrogoyski__math-php,markrogoyski__math-php/src/NumericalAnalysis/Interpolation/NevillesMethod.php,76,other,False,production,T_VARIABLE,2,Q₍ᵢ₎₍ⱼ₋₁₎,51e2828de1b5a2e2828ee2828de2b1bce2828be28281e2828e,9,True,False,False,,True,"Latin,Other",False,True,,False,False,U+208D SUBSCRIPT LEFT PARENTHESIS; U+208E SUBSCRIPT RIGHT PARENTHESIS; U+208D SUBSCRIPT LEFT PARENTHESIS; U+208B SUBSCRIPT MINUS; U+2081 SUBSCRIPT ONE; U+208E SUBSCRIPT RIGHT PARENTHESIS
markrogoyski__math-php,markrogoyski__math-php/src/NumericalAnalysis/Interpolation/NevillesMethod.php,77,other,False,production,T_VARIABLE,2,Q₍ᵢ₋₁₎₍ⱼ₋₁₎,51e2828de1b5a2e2828be28281e2828ee2828de2b1bce2828be28281e2828e,11,True,False,False,,True,"Latin,Other",False,True,,False,False,U+208D SUBSCRIPT LEFT PARENTHESIS; U+208B SUBSCRIPT MINUS; U+2081 SUBSCRIPT ONE; U+208E SUBSCRIPT RIGHT PARENTHESIS; U+208D SUBSCRIPT LEFT PARENTHESIS; U+208B SUBSCRIPT MINUS; U+2081 SUBSCRIPT ONE; U+208E SUBSCRIPT RIGHT PARENTHESIS
markrogoyski__math-php,markrogoyski__math-php/src/NumericalAnalysis/Interpolation/ClampedCubicSpline.php,35,const_decl,False,production,T_STRING,1,Y’,59e28099,2,True,False,False,,True,"Latin,Other",False,True,,False,False,U+2019 RIGHT SINGLE QUOTATION MARK
markrogoyski__math-php,markrogoyski__math-php/src/NumericalAnalysis/Interpolation/ClampedCubicSpline.php,72,other,False,production,T_VARIABLE,3,y’,79e28099,2,True,False,False,,True,"Latin,Other",False,True,,False,False,U+2019 RIGHT SINGLE QUOTATION MARK
markrogoyski__math-php,markrogoyski__math-php/src/NumericalAnalysis/Interpolation/ClampedCubicSpline.php,72,static_member,False,production,T_STRING,1,Y’,59e28099,2,True,False,False,,True,"Latin,Other",False,True,,False,False,U+2019 RIGHT SINGLE QUOTATION MARK
markrogoyski__math-php,markrogoyski__math-php/src/NumericalAnalysis/Interpolation/ClampedCubicSpline.php,77,other,False,production,T_VARIABLE,2,x₀,78e28280,2,True,False,False,,True,"Latin,Other",False,True,,False,False,U+2080 SUBSCRIPT ZERO
markrogoyski__math-php,markrogoyski__math-php/src/NumericalAnalysis/Interpolation/ClampedCubicSpline.php,78,other,False,production,T_VARIABLE,2,x₁,78e28281,2,True,False,False,,True,"Latin,Other",False,True,,False,False,U+2081 SUBSCRIPT ONE
markrogoyski__math-php,markrogoyski__math-php/src/NumericalAnalysis/Interpolation/ClampedCubicSpline.php,79,other,False,production,T_VARIABLE,2,f⟮x₀⟯,66e29fae78e28280e29faf,5,True,False,False,,True,"Latin,Other",False,True,,False,False,U+27EE MATHEMATICAL LEFT FLATTENED PARENTHESIS; U+2080 SUBSCRIPT ZERO; U+27EF MATHEMATICAL RIGHT FLATTENED PARENTHESIS
markrogoyski__math-php,markrogoyski__math-php/src/NumericalAnalysis/Interpolation/ClampedCubicSpline.php,80,other,False,production,T_VARIABLE,2,f⟮x₁⟯,66e29fae78e28281e29faf,5,True,False,False,,True,"Latin,Other",False,True,,False,False,U+27EE MATHEMATICAL LEFT FLATTENED PARENTHESIS; U+2081 SUBSCRIPT ONE; U+27EF MATHEMATICAL RIGHT FLATTENED PARENTHESIS
markrogoyski__math-php,markrogoyski__math-php/src/NumericalAnalysis/Interpolation/ClampedCubicSpline.php,81,other,False,production,T_VARIABLE,2,y’₀,79e28099e28280,3,True,False,False,,True,"Latin,Other",False,True,,False,False,U+2019 RIGHT SINGLE QUOTATION MARK; U+2080 SUBSCRIPT ZERO
markrogoyski__math-php,markrogoyski__math-php/src/NumericalAnalysis/Interpolation/ClampedCubicSpline.php,84,other,False,production,T_VARIABLE,5,μ,cebc,1,True,True,True,,True,Greek,False,False,,False,False,
markrogoyski__math-php,markrogoyski__math-php/src/NumericalAnalysis/Interpolation/ClampedCubicSpline.php,91,other,False,production,T_VARIABLE,15,xᵢ,78e1b5a2,2,True,True,True,,True,Latin,False,False,,False,False,
markrogoyski__math-php,markrogoyski__math-php/src/NumericalAnalysis/Interpolation/ClampedCubicSpline.php,92,other,False,production,T_VARIABLE,6,xᵢ₊₁,78e1b5a2e2828ae28281,4,True,False,False,,True,"Latin,Other",False,True,,False,False,U+208A SUBSCRIPT PLUS SIGN; U+2081 SUBSCRIPT ONE
markrogoyski__math-php,markrogoyski__math-php/src/NumericalAnalysis/Interpolation/ClampedCubicSpline.php,100,other,False,production,T_VARIABLE,2,xᵢ₋₁,78e1b5a2e2828be28281,4,True,False,False,,True,"Latin,Other",False,True,,False,False,U+208B SUBSCRIPT MINUS; U+2081 SUBSCRIPT ONE
markrogoyski__math-php,markrogoyski__math-php/src/NumericalAnalysis/Interpolation/ClampedCubicSpline.php,101,other,False,production,T_VARIABLE,7,f⟮xᵢ⟯,66e29fae78e1b5a2e29faf,5,True,False,False,,True,"Latin,Other",False,True,,False,False,U+27EE MATHEMATICAL LEFT FLATTENED PARENTHESIS; U+27EF MATHEMATICAL RIGHT FLATTENED PARENTHESIS
markrogoyski__math-php,markrogoyski__math-php/src/NumericalAnalysis/Interpolation/ClampedCubicSpline.php,102,other,False,production,T_VARIABLE,4,f⟮xᵢ₊₁⟯,66e29fae78e1b5a2e2828ae28281e29faf,7,True,False,False,,True,"Latin,Other",False,True,,False,False,U+27EE MATHEMATICAL LEFT FLATTENED PARENTHESIS; U+208A SUBSCRIPT PLUS SIGN; U+2081 SUBSCRIPT ONE; U+27EF MATHEMATICAL RIGHT FLATTENED PARENTHESIS
markrogoyski__math-php,markrogoyski__math-php/src/NumericalAnalysis/Interpolation/ClampedCubicSpline.php,103,other,False,production,T_VARIABLE,2,f⟮xᵢ₋₁⟯,66e29fae78e1b5a2e2828be28281e29faf,7,True,False,False,,True,"Latin,Other",False,True,,False,False,U+27EE MATHEMATICAL LEFT FLATTENED PARENTHESIS; U+208B SUBSCRIPT MINUS; U+2081 SUBSCRIPT ONE; U+27EF MATHEMATICAL RIGHT FLATTENED PARENTHESIS
markrogoyski__math-php,markrogoyski__math-php/src/NumericalAnalysis/Interpolation/ClampedCubicSpline.php,105,other,False,production,T_VARIABLE,2,α,ceb1,1,True,True,True,,True,Greek,False,False,a,False,False,
markrogoyski__math-php,markrogoyski__math-php/src/NumericalAnalysis/Interpolation/ClampedCubicSpline.php,111,other,False,production,T_VARIABLE,2,f⟮xₙ⟯,66e29fae78e28299e29faf,5,True,False,False,,True,"Latin,Other",False,True,,False,False,U+27EE MATHEMATICAL LEFT FLATTENED PARENTHESIS; U+27EF MATHEMATICAL RIGHT FLATTENED PARENTHESIS
markrogoyski__math-php,markrogoyski__math-php/src/NumericalAnalysis/Interpolation/ClampedCubicSpline.php,112,other,False,production,T_VARIABLE,2,f⟮xₙ₋₁⟯,66e29fae78e28299e2828be28281e29faf,7,True,False,False,,True,"Latin,Other",False,True,,False,False,U+27EE MATHEMATICAL LEFT FLATTENED PARENTHESIS; U+208B SUBSCRIPT MINUS; U+2081 SUBSCRIPT ONE; U+27EF MATHEMATICAL RIGHT FLATTENED PARENTHESIS
markrogoyski__math-php,markrogoyski__math-php/src/NumericalAnalysis/Interpolation/ClampedCubicSpline.php,113,other,False,production,T_VARIABLE,2,y’ₙ,79e28099e28299,3,True,False,False,,True,"Latin,Other",False,True,,False,False,U+2019 RIGHT SINGLE QUOTATION MARK
markrogoyski__math-php,markrogoyski__math-php/src/NumericalAnalysis/Interpolation/ClampedCubicSpline.php,214,other,False,production,T_VARIABLE,2,f’⟮xᵢ⟯,66e28099e29fae78e1b5a2e29faf,6,True,False,False,,True,"Latin,Other",False,True,,False,False,U+2019 RIGHT SINGLE QUOTATION MARK; U+27EE MATHEMATICAL LEFT FLATTENED PARENTHESIS; U+27EF MATHEMATICAL RIGHT FLATTENED PARENTHESIS
markrogoyski__math-php,markrogoyski__math-php/src/NumericalAnalysis/Interpolation/LagrangePolynomial.php,66,other,False,production,T_VARIABLE,4,p⟮t⟯,70e29fae74e29faf,4,True,False,False,,True,"Latin,Other",False,True,,False,False,U+27EE MATHEMATICAL LEFT FLATTENED PARENTHESIS; U+27EF MATHEMATICAL RIGHT FLATTENED PARENTHESIS
markrogoyski__math-php,markrogoyski__math-php/src/NumericalAnalysis/Interpolation/LagrangePolynomial.php,74,other,False,production,T_VARIABLE,4,pᵢ⟮t⟯,70e1b5a2e29fae74e29faf,5,True,False,False,,True,"Latin,Other",False,True,,False,False,U+27EE MATHEMATICAL LEFT FLATTENED PARENTHESIS; U+27EF MATHEMATICAL RIGHT FLATTENED PARENTHESIS
markrogoyski__math-php,markrogoyski__math-php/src/NumericalAnalysis/Interpolation/LagrangePolynomial.php,79,other,False,production,T_VARIABLE,3,xᵢ,78e1b5a2,2,True,True,True,,True,Latin,False,False,,False,False,
markrogoyski__math-php,markrogoyski__math-php/src/NumericalAnalysis/Interpolation/LagrangePolynomial.php,80,other,False,production,T_VARIABLE,4,xⱼ,78e2b1bc,2,True,True,True,,True,Latin,False,False,,False,False,
markrogoyski__math-php,markrogoyski__math-php/src/NumericalAnalysis/Interpolation/LagrangePolynomial.php,81,other,False,production,T_VARIABLE,2,Lᵢ⟮t⟯,4ce1b5a2e29fae74e29faf,5,True,False,False,,True,"Latin,Other",False,True,,False,False,U+27EE MATHEMATICAL LEFT FLATTENED PARENTHESIS; U+27EF MATHEMATICAL RIGHT FLATTENED PARENTHESIS
markrogoyski__math-php,markrogoyski__math-php/src/NumericalAnalysis/Interpolation/NaturalCubicSpline.php,73,other,False,production,T_VARIABLE,4,μ,cebc,1,True,True,True,,True,Greek,False,False,,False,False,
markrogoyski__math-php,markrogoyski__math-php/src/NumericalAnalysis/Interpolation/NaturalCubicSpline.php,82,other,False,production,T_VARIABLE,11,xᵢ,78e1b5a2,2,True,True,True,,True,Latin,False,False,,False,False,
markrogoyski__math-php,markrogoyski__math-php/src/NumericalAnalysis/Interpolation/NaturalCubicSpline.php,83,other,False,production,T_VARIABLE,6,xᵢ₊₁,78e1b5a2e2828ae28281,4,True,False,False,,True,"Latin,Other",False,True,,False,False,U+208A SUBSCRIPT PLUS SIGN; U+2081 SUBSCRIPT ONE
markrogoyski__math-php,markrogoyski__math-php/src/NumericalAnalysis/Interpolation/NaturalCubicSpline.php,91,other,False,production,T_VARIABLE,2,xᵢ₋₁,78e1b5a2e2828be28281,4,True,False,False,,True,"Latin,Other",False,True,,False,False,U+208B SUBSCRIPT MINUS; U+2081 SUBSCRIPT ONE
markrogoyski__math-php,markrogoyski__math-php/src/NumericalAnalysis/Interpolation/NaturalCubicSpline.php,92,other,False,production,T_VARIABLE,5,f⟮xᵢ⟯,66e29fae78e1b5a2e29faf,5,True,False,False,,True,"Latin,Other",False,True,,False,False,U+27EE MATHEMATICAL LEFT FLATTENED PARENTHESIS; U+27EF MATHEMATICAL RIGHT FLATTENED PARENTHESIS
markrogoyski__math-php,markrogoyski__math-php/src/NumericalAnalysis/Interpolation/NaturalCubicSpline.php,93,other,False,production,T_VARIABLE,4,f⟮xᵢ₊₁⟯,66e29fae78e1b5a2e2828ae28281e29faf,7,True,False,False,,True,"Latin,Other",False,True,,False,False,U+27EE MATHEMATICAL LEFT FLATTENED PARENTHESIS; U+208A SUBSCRIPT PLUS SIGN; U+2081 SUBSCRIPT ONE; U+27EF MATHEMATICAL RIGHT FLATTENED PARENTHESIS
markrogoyski__math-php,markrogoyski__math-php/src/NumericalAnalysis/Interpolation/NaturalCubicSpline.php,94,other,False,production,T_VARIABLE,2,f⟮xᵢ₋₁⟯,66e29fae78e1b5a2e2828be28281e29faf,7,True,False,False,,True,"Latin,Other",False,True,,False,False,U+27EE MATHEMATICAL LEFT FLATTENED PARENTHESIS; U+208B SUBSCRIPT MINUS; U+2081 SUBSCRIPT ONE; U+27EF MATHEMATICAL RIGHT FLATTENED PARENTHESIS
markrogoyski__math-php,markrogoyski__math-php/src/NumericalAnalysis/Interpolation/NaturalCubicSpline.php,96,other,False,production,T_VARIABLE,2,α,ceb1,1,True,True,True,,True,Greek,False,False,a,False,False,
markrogoyski__math-php,markrogoyski__math-php/src/NumericalAnalysis/Interpolation/Interpolation.php,77,other,False,production,T_VARIABLE,3,xᵢ,78e1b5a2,2,True,True,True,,True,Latin,False,False,,False,False,
markrogoyski__math-php,markrogoyski__math-php/src/NumericalAnalysis/Interpolation/Interpolation.php,78,other,False,production,T_VARIABLE,2,f⟮xᵢ⟯,66e29fae78e1b5a2e29faf,5,True,False,False,,True,"Latin,Other",False,True,,False,False,U+27EE MATHEMATICAL LEFT FLATTENED PARENTHESIS; U+27EF MATHEMATICAL RIGHT FLATTENED PARENTHESIS
markrogoyski__math-php,markrogoyski__math-php/src/NumericalAnalysis/Interpolation/NewtonPolynomialForward.php,71,other,False,production,T_VARIABLE,2,xᵢ₋ⱼ,78e1b5a2e2828be2b1bc,4,True,False,False,,True,"Latin,Other",False,True,,False,False,U+208B SUBSCRIPT MINUS
markrogoyski__math-php,markrogoyski__math-php/src/NumericalAnalysis/Interpolation/NewtonPolynomialForward.php,72,other,False,production,T_VARIABLE,2,xᵢ,78e1b5a2,2,True,True,True,,True,Latin,False,False,,False,False,
markrogoyski__math-php,markrogoyski__math-php/src/NumericalAnalysis/Interpolation/NewtonPolynomialForward.php,73,other,False,production,T_VARIABLE,2,Q₍ᵢ₎₍ⱼ₋₁₎,51e2828de1b5a2e2828ee2828de2b1bce2828be28281e2828e,9,True,False,False,,True,"Latin,Other",False,True,,False,False,U+208D SUBSCRIPT LEFT PARENTHESIS; U+208E SUBSCRIPT RIGHT PARENTHESIS; U+208D SUBSCRIPT LEFT PARENTHESIS; U+208B SUBSCRIPT MINUS; U+2081 SUBSCRIPT ONE; U+208E SUBSCRIPT RIGHT PARENTHESIS
markrogoyski__math-php,markrogoyski__math-php/src/NumericalAnalysis/Interpolation/NewtonPolynomialForward.php,74,other,False,production,T_VARIABLE,2,Q₍ᵢ₋₁₎₍ⱼ₋₁₎,51e2828de1b5a2e2828be28281e2828ee2828de2b1bce2828be28281e2828e,11,True,False,False,,True,"Latin,Other",False,True,,False,False,U+208D SUBSCRIPT LEFT PARENTHESIS; U+208B SUBSCRIPT MINUS; U+2081 SUBSCRIPT ONE; U+208E SUBSCRIPT RIGHT PARENTHESIS; U+208D SUBSCRIPT LEFT PARENTHESIS; U+208B SUBSCRIPT MINUS; U+2081 SUBSCRIPT ONE; U+208E SUBSCRIPT RIGHT PARENTHESIS
markrogoyski__math-php,markrogoyski__math-php/src/NumericalAnalysis/NumericalDifferentiation/ThreePointFormula.php,103,other,False,production,T_VARIABLE,2,f⟮x₀⧿h⟯,66e29fae78e28280e2a7bf68e29faf,7,True,False,False,,True,"Latin,Other",False,True,,False,False,U+27EE MATHEMATICAL LEFT FLATTENED PARENTHESIS; U+2080 SUBSCRIPT ZERO; U+29FF MINY; U+27EF MATHEMATICAL RIGHT FLATTENED PARENTHESIS
markrogoyski__math-php,markrogoyski__math-php/src/NumericalAnalysis/NumericalDifferentiation/ThreePointFormula.php,104,other,False,production,T_VARIABLE,5,f⟮x₀⧾h⟯,66e29fae78e28280e2a7be68e29faf,7,True,False,False,,True,"Latin,Other",False,True,,False,False,U+27EE MATHEMATICAL LEFT FLATTENED PARENTHESIS; U+2080 SUBSCRIPT ZERO; U+29FE TINY; U+27EF MATHEMATICAL RIGHT FLATTENED PARENTHESIS
markrogoyski__math-php,markrogoyski__math-php/src/NumericalAnalysis/NumericalDifferentiation/ThreePointFormula.php,121,other,False,production,T_VARIABLE,3,f⟮x₀⟯,66e29fae78e28280e29faf,5,True,False,False,,True,"Latin,Other",False,True,,False,False,U+27EE MATHEMATICAL LEFT FLATTENED PARENTHESIS; U+2080 SUBSCRIPT ZERO; U+27EF MATHEMATICAL RIGHT FLATTENED PARENTHESIS
markrogoyski__math-php,markrogoyski__math-php/src/NumericalAnalysis/NumericalDifferentiation/ThreePointFormula.php,123,other,False,production,T_VARIABLE,3,f⟮x₀⧾2h⟯,66e29fae78e28280e2a7be3268e29faf,8,True,False,False,,True,"Common,Latin,Other",False,True,,False,False,U+27EE MATHEMATICAL LEFT FLATTENED PARENTHESIS; U+2080 SUBSCRIPT ZERO; U+29FE TINY; U+27EF MATHEMATICAL RIGHT FLATTENED PARENTHESIS
markrogoyski__math-php,markrogoyski__math-php/src/NumericalAnalysis/NumericalDifferentiation/SecondDerivativeMidpointFormula.php,93,other,False,production,T_VARIABLE,2,f⟮x₀⧿h⟯,66e29fae78e28280e2a7bf68e29faf,7,True,False,False,,True,"Latin,Other",False,True,,False,False,U+27EE MATHEMATICAL LEFT FLATTENED PARENTHESIS; U+2080 SUBSCRIPT ZERO; U+29FF MINY; U+27EF MATHEMATICAL RIGHT FLATTENED PARENTHESIS
markrogoyski__math-php,markrogoyski__math-php/src/NumericalAnalysis/NumericalDifferentiation/SecondDerivativeMidpointFormula.php,94,other,False,production,T_VARIABLE,2,f⟮x₀⟯,66e29fae78e28280e29faf,5,True,False,False,,True,"Latin,Other",False,True,,False,False,U+27EE MATHEMATICAL LEFT FLATTENED PARENTHESIS; U+2080 SUBSCRIPT ZERO; U+27EF MATHEMATICAL RIGHT FLATTENED PARENTHESIS
markrogoyski__math-php,markrogoyski__math-php/src/NumericalAnalysis/NumericalDifferentiation/SecondDerivativeMidpointFormula.php,95,other,False,production,T_VARIABLE,2,f⟮x₀⧾h⟯,66e29fae78e28280e2a7be68e29faf,7,True,False,False,,True,"Latin,Other",False,True,,False,False,U+27EE MATHEMATICAL LEFT FLATTENED PARENTHESIS; U+2080 SUBSCRIPT ZERO; U+29FE TINY; U+27EF MATHEMATICAL RIGHT FLATTENED PARENTHESIS
markrogoyski__math-php,markrogoyski__math-php/src/NumericalAnalysis/NumericalDifferentiation/NumericalDifferentiation.php,93,other,False,production,T_VARIABLE,3,xᵢ,78e1b5a2,2,True,True,True,,True,Latin,False,False,,False,False,
markrogoyski__math-php,markrogoyski__math-php/src/NumericalAnalysis/NumericalDifferentiation/NumericalDifferentiation.php,94,other,False,production,T_VARIABLE,2,f⟮xᵢ⟯,66e29fae78e1b5a2e29faf,5,True,False,False,,True,"Latin,Other",False,True,,False,False,U+27EE MATHEMATICAL LEFT FLATTENED PARENTHESIS; U+27EF MATHEMATICAL RIGHT FLATTENED PARENTHESIS
markrogoyski__math-php,markrogoyski__math-php/src/NumericalAnalysis/NumericalDifferentiation/FivePointFormula.php,103,other,False,production,T_VARIABLE,2,f⟮x₀⧿2h⟯,66e29fae78e28280e2a7bf3268e29faf,8,True,False,False,,True,"Common,Latin,Other",False,True,,False,False,U+27EE MATHEMATICAL LEFT FLATTENED PARENTHESIS; U+2080 SUBSCRIPT ZERO; U+29FF MINY; U+27EF MATHEMATICAL RIGHT FLATTENED PARENTHESIS
markrogoyski__math-php,markrogoyski__math-php/src/NumericalAnalysis/NumericalDifferentiation/FivePointFormula.php,104,other,False,production,T_VARIABLE,2,f⟮x₀⧿h⟯,66e29fae78e28280e2a7bf68e29faf,7,True,False,False,,True,"Latin,Other",False,True,,False,False,U+27EE MATHEMATICAL LEFT FLATTENED PARENTHESIS; U+2080 SUBSCRIPT ZERO; U+29FF MINY; U+27EF MATHEMATICAL RIGHT FLATTENED PARENTHESIS
markrogoyski__math-php,markrogoyski__math-php/src/NumericalAnalysis/NumericalDifferentiation/FivePointFormula.php,105,other,False,production,T_VARIABLE,5,f⟮x₀⧾h⟯,66e29fae78e28280e2a7be68e29faf,7,True,False,False,,True,"Latin,Other",False,True,,False,False,U+27EE MATHEMATICAL LEFT FLATTENED PARENTHESIS; U+2080 SUBSCRIPT ZERO; U+29FE TINY; U+27EF MATHEMATICAL RIGHT FLATTENED PARENTHESIS
markrogoyski__math-php,markrogoyski__math-php/src/NumericalAnalysis/NumericalDifferentiation/FivePointFormula.php,106,other,False,production,T_VARIABLE,5,f⟮x₀⧾2h⟯,66e29fae78e28280e2a7be3268e29faf,8,True,False,False,,True,"Common,Latin,Other",False,True,,False,False,U+27EE MATHEMATICAL LEFT FLATTENED PARENTHESIS; U+2080 SUBSCRIPT ZERO; U+29FE TINY; U+27EF MATHEMATICAL RIGHT FLATTENED PARENTHESIS
markrogoyski__math-php,markrogoyski__math-php/src/NumericalAnalysis/NumericalDifferentiation/FivePointFormula.php,124,other,False,production,T_VARIABLE,3,f⟮x₀⟯,66e29fae78e28280e29faf,5,True,False,False,,True,"Latin,Other",False,True,,False,False,U+27EE MATHEMATICAL LEFT FLATTENED PARENTHESIS; U+2080 SUBSCRIPT ZERO; U+27EF MATHEMATICAL RIGHT FLATTENED PARENTHESIS
markrogoyski__math-php,markrogoyski__math-php/src/NumericalAnalysis/NumericalDifferentiation/FivePointFormula.php,127,other,False,production,T_VARIABLE,3,f⟮x₀⧾3h⟯,66e29fae78e28280e2a7be3368e29faf,8,True,False,False,,True,"Common,Latin,Other",False,True,,False,False,U+27EE MATHEMATICAL LEFT FLATTENED PARENTHESIS; U+2080 SUBSCRIPT ZERO; U+29FE TINY; U+27EF MATHEMATICAL RIGHT FLATTENED PARENTHESIS
markrogoyski__math-php,markrogoyski__math-php/src/NumericalAnalysis/NumericalDifferentiation/FivePointFormula.php,128,other,False,production,T_VARIABLE,3,f⟮x₀⧾4h⟯,66e29fae78e28280e2a7be3468e29faf,8,True,False,False,,True,"Common,Latin,Other",False,True,,False,False,U+27EE MATHEMATICAL LEFT FLATTENED PARENTHESIS; U+2080 SUBSCRIPT ZERO; U+29FE TINY; U+27EF MATHEMATICAL RIGHT FLATTENED PARENTHESIS
markrogoyski__math-php,markrogoyski__math-php/src/NumericalAnalysis/NumericalIntegration/SimpsonsRule.php,113,other,False,production,T_VARIABLE,3,x₂ᵢ₋₁,78e28282e1b5a2e2828be28281,5,True,False,False,,True,"Latin,Other",False,True,,False,False,U+2082 SUBSCRIPT TWO; U+208B SUBSCRIPT MINUS; U+2081 SUBSCRIPT ONE
markrogoyski__math-php,markrogoyski__math-php/src/NumericalAnalysis/NumericalIntegration/SimpsonsRule.php,114,other,False,production,T_VARIABLE,2,x₂ᵢ,78e28282e1b5a2,3,True,False,False,,True,"Latin,Other",False,True,,False,False,U+2082 SUBSCRIPT TWO
markrogoyski__math-php,markrogoyski__math-php/src/NumericalAnalysis/NumericalIntegration/SimpsonsRule.php,115,other,False,production,T_VARIABLE,3,x₂ᵢ₊₁,78e28282e1b5a2e2828ae28281,5,True,False,False,,True,"Latin,Other",False,True,,False,False,U+2082 SUBSCRIPT TWO; U+208A SUBSCRIPT PLUS SIGN; U+2081 SUBSCRIPT ONE
markrogoyski__math-php,markrogoyski__math-php/src/NumericalAnalysis/NumericalIntegration/SimpsonsRule.php,116,other,False,production,T_VARIABLE,2,f⟮x₂ᵢ₋₁⟯,66e29fae78e28282e1b5a2e2828be28281e29faf,8,True,False,False,,True,"Latin,Other",False,True,,False,False,U+27EE MATHEMATICAL LEFT FLATTENED PARENTHESIS; U+2082 SUBSCRIPT TWO; U+208B SUBSCRIPT MINUS; U+2081 SUBSCRIPT ONE; U+27EF MATHEMATICAL RIGHT FLATTENED PARENTHESIS
markrogoyski__math-php,markrogoyski__math-php/src/NumericalAnalysis/NumericalIntegration/SimpsonsRule.php,117,other,False,production,T_VARIABLE,2,f⟮x₂ᵢ⟯,66e29fae78e28282e1b5a2e29faf,6,True,False,False,,True,"Latin,Other",False,True,,False,False,U+27EE MATHEMATICAL LEFT FLATTENED PARENTHESIS; U+2082 SUBSCRIPT TWO; U+27EF MATHEMATICAL RIGHT FLATTENED PARENTHESIS
markrogoyski__math-php,markrogoyski__math-php/src/NumericalAnalysis/NumericalIntegration/SimpsonsRule.php,118,other,False,production,T_VARIABLE,2,f⟮x₂ᵢ₊₁⟯,66e29fae78e28282e1b5a2e2828ae28281e29faf,8,True,False,False,,True,"Latin,Other",False,True,,False,False,U+27EE MATHEMATICAL LEFT FLATTENED PARENTHESIS; U+2082 SUBSCRIPT TWO; U+208A SUBSCRIPT PLUS SIGN; U+2081 SUBSCRIPT ONE; U+27EF MATHEMATICAL RIGHT FLATTENED PARENTHESIS
markrogoyski__math-php,markrogoyski__math-php/src/NumericalAnalysis/NumericalIntegration/NumericalIntegration.php,92,other,False,production,T_VARIABLE,3,xᵢ,78e1b5a2,2,True,True,True,,True,Latin,False,False,,False,False,
markrogoyski__math-php,markrogoyski__math-php/src/NumericalAnalysis/NumericalIntegration/NumericalIntegration.php,93,other,False,production,T_VARIABLE,2,f⟮xᵢ⟯,66e29fae78e1b5a2e29faf,5,True,False,False,,True,"Latin,Other",False,True,,False,False,U+27EE MATHEMATICAL LEFT FLATTENED PARENTHESIS; U+27EF MATHEMATICAL RIGHT FLATTENED PARENTHESIS
markrogoyski__math-php,markrogoyski__math-php/src/NumericalAnalysis/NumericalIntegration/MidpointRule.php,100,other,False,production,T_VARIABLE,2,xᵢ,78e1b5a2,2,True,True,True,,True,Latin,False,False,,False,False,
markrogoyski__math-php,markrogoyski__math-php/src/NumericalAnalysis/NumericalIntegration/MidpointRule.php,101,other,False,production,T_VARIABLE,2,xᵢ₊₁,78e1b5a2e2828ae28281,4,True,False,False,,True,"Latin,Other",False,True,,False,False,U+208A SUBSCRIPT PLUS SIGN; U+2081 SUBSCRIPT ONE
markrogoyski__math-php,markrogoyski__math-php/src/NumericalAnalysis/NumericalIntegration/MidpointRule.php,102,other,False,production,T_VARIABLE,2,f⟮xᵢ⟯,66e29fae78e1b5a2e29faf,5,True,False,False,,True,"Latin,Other",False,True,,False,False,U+27EE MATHEMATICAL LEFT FLATTENED PARENTHESIS; U+27EF MATHEMATICAL RIGHT FLATTENED PARENTHESIS
markrogoyski__math-php,markrogoyski__math-php/src/NumericalAnalysis/NumericalIntegration/MidpointRule.php,103,other,False,production,T_VARIABLE,2,f⟮xᵢ₊₁⟯,66e29fae78e1b5a2e2828ae28281e29faf,7,True,False,False,,True,"Latin,Other",False,True,,False,False,U+27EE MATHEMATICAL LEFT FLATTENED PARENTHESIS; U+208A SUBSCRIPT PLUS SIGN; U+2081 SUBSCRIPT ONE; U+27EF MATHEMATICAL RIGHT FLATTENED PARENTHESIS
markrogoyski__math-php,markrogoyski__math-php/src/NumericalAnalysis/NumericalIntegration/RectangleMethod.php,104,other,False,production,T_VARIABLE,3,xᵢ,78e1b5a2,2,True,True,True,,True,Latin,False,False,,False,False,
markrogoyski__math-php,markrogoyski__math-php/src/NumericalAnalysis/NumericalIntegration/RectangleMethod.php,105,other,False,production,T_VARIABLE,2,xᵢ₊₁,78e1b5a2e2828ae28281,4,True,False,False,,True,"Latin,Other",False,True,,False,False,U+208A SUBSCRIPT PLUS SIGN; U+2081 SUBSCRIPT ONE
markrogoyski__math-php,markrogoyski__math-php/src/NumericalAnalysis/NumericalIntegration/RectangleMethod.php,106,other,False,production,T_VARIABLE,2,f⟮xᵢ⟯,66e29fae78e1b5a2e29faf,5,True,False,False,,True,"Latin,Other",False,True,,False,False,U+27EE MATHEMATICAL LEFT FLATTENED PARENTHESIS; U+27EF MATHEMATICAL RIGHT FLATTENED PARENTHESIS
markrogoyski__math-php,markrogoyski__math-php/src/NumericalAnalysis/NumericalIntegration/SimpsonsThreeEighthsRule.php,113,other,False,production,T_VARIABLE,3,x₂ᵢ₋₁,78e28282e1b5a2e2828be28281,5,True,False,False,,True,"Latin,Other",False,True,,False,False,U+2082 SUBSCRIPT TWO; U+208B SUBSCRIPT MINUS; U+2081 SUBSCRIPT ONE
markrogoyski__math-php,markrogoyski__math-php/src/NumericalAnalysis/NumericalIntegration/SimpsonsThreeEighthsRule.php,114,other,False,production,T_VARIABLE,2,x₂ᵢ,78e28282e1b5a2,3,True,False,False,,True,"Latin,Other",False,True,,False,False,U+2082 SUBSCRIPT TWO
markrogoyski__math-php,markrogoyski__math-php/src/NumericalAnalysis/NumericalIntegration/SimpsonsThreeEighthsRule.php,115,other,False,production,T_VARIABLE,2,x₂ᵢ₊₁,78e28282e1b5a2e2828ae28281,5,True,False,False,,True,"Latin,Other",False,True,,False,False,U+2082 SUBSCRIPT TWO; U+208A SUBSCRIPT PLUS SIGN; U+2081 SUBSCRIPT ONE
markrogoyski__math-php,markrogoyski__math-php/src/NumericalAnalysis/NumericalIntegration/SimpsonsThreeEighthsRule.php,116,other,False,production,T_VARIABLE,3,x₂ᵢ₊₂,78e28282e1b5a2e2828ae28282,5,True,False,False,,True,"Latin,Other",False,True,,False,False,U+2082 SUBSCRIPT TWO; U+208A SUBSCRIPT PLUS SIGN; U+2082 SUBSCRIPT TWO
markrogoyski__math-php,markrogoyski__math-php/src/NumericalAnalysis/NumericalIntegration/SimpsonsThreeEighthsRule.php,117,other,False,production,T_VARIABLE,2,f⟮x₂ᵢ₋₁⟯,66e29fae78e28282e1b5a2e2828be28281e29faf,8,True,False,False,,True,"Latin,Other",False,True,,False,False,U+27EE MATHEMATICAL LEFT FLATTENED PARENTHESIS; U+2082 SUBSCRIPT TWO; U+208B SUBSCRIPT MINUS; U+2081 SUBSCRIPT ONE; U+27EF MATHEMATICAL RIGHT FLATTENED PARENTHESIS
markrogoyski__math-php,markrogoyski__math-php/src/NumericalAnalysis/NumericalIntegration/SimpsonsThreeEighthsRule.php,118,other,False,production,T_VARIABLE,2,f⟮x₂ᵢ⟯,66e29fae78e28282e1b5a2e29faf,6,True,False,False,,True,"Latin,Other",False,True,,False,False,U+27EE MATHEMATICAL LEFT FLATTENED PARENTHESIS; U+2082 SUBSCRIPT TWO; U+27EF MATHEMATICAL RIGHT FLATTENED PARENTHESIS
markrogoyski__math-php,markrogoyski__math-php/src/NumericalAnalysis/NumericalIntegration/SimpsonsThreeEighthsRule.php,119,other,False,production,T_VARIABLE,2,f⟮x₂ᵢ₊₁⟯,66e29fae78e28282e1b5a2e2828ae28281e29faf,8,True,False,False,,True,"Latin,Other",False,True,,False,False,U+27EE MATHEMATICAL LEFT FLATTENED PARENTHESIS; U+2082 SUBSCRIPT TWO; U+208A SUBSCRIPT PLUS SIGN; U+2081 SUBSCRIPT ONE; U+27EF MATHEMATICAL RIGHT FLATTENED PARENTHESIS
markrogoyski__math-php,markrogoyski__math-php/src/NumericalAnalysis/NumericalIntegration/SimpsonsThreeEighthsRule.php,120,other,False,production,T_VARIABLE,2,f⟮x₂ᵢ₊₂⟯,66e29fae78e28282e1b5a2e2828ae28282e29faf,8,True,False,False,,True,"Latin,Other",False,True,,False,False,U+27EE MATHEMATICAL LEFT FLATTENED PARENTHESIS; U+2082 SUBSCRIPT TWO; U+208A SUBSCRIPT PLUS SIGN; U+2082 SUBSCRIPT TWO; U+27EF MATHEMATICAL RIGHT FLATTENED PARENTHESIS
markrogoyski__math-php,markrogoyski__math-php/src/NumericalAnalysis/NumericalIntegration/BoolesRule.php,113,other,False,production,T_VARIABLE,3,x₄ᵢ₋₃,78e28284e1b5a2e2828be28283,5,True,False,False,,True,"Latin,Other",False,True,,False,False,U+2084 SUBSCRIPT FOUR; U+208B SUBSCRIPT MINUS; U+2083 SUBSCRIPT THREE
markrogoyski__math-php,markrogoyski__math-php/src/NumericalAnalysis/NumericalIntegration/BoolesRule.php,114,other,False,production,T_VARIABLE,2,x₄ᵢ₋₂,78e28284e1b5a2e2828be28282,5,True,False,False,,True,"Latin,Other",False,True,,False,False,U+2084 SUBSCRIPT FOUR; U+208B SUBSCRIPT MINUS; U+2082 SUBSCRIPT TWO
markrogoyski__math-php,markrogoyski__math-php/src/NumericalAnalysis/NumericalIntegration/BoolesRule.php,115,other,False,production,T_VARIABLE,2,x₄ᵢ₋₁,78e28284e1b5a2e2828be28281,5,True,False,False,,True,"Latin,Other",False,True,,False,False,U+2084 SUBSCRIPT FOUR; U+208B SUBSCRIPT MINUS; U+2081 SUBSCRIPT ONE
markrogoyski__math-php,markrogoyski__math-php/src/NumericalAnalysis/NumericalIntegration/BoolesRule.php,116,other,False,production,T_VARIABLE,2,x₄ᵢ,78e28284e1b5a2,3,True,False,False,,True,"Latin,Other",False,True,,False,False,U+2084 SUBSCRIPT FOUR
markrogoyski__math-php,markrogoyski__math-php/src/NumericalAnalysis/NumericalIntegration/BoolesRule.php,117,other,False,production,T_VARIABLE,3,x₄ᵢ₊₁,78e28284e1b5a2e2828ae28281,5,True,False,False,,True,"Latin,Other",False,True,,False,False,U+2084 SUBSCRIPT FOUR; U+208A SUBSCRIPT PLUS SIGN; U+2081 SUBSCRIPT ONE
markrogoyski__math-php,markrogoyski__math-php/src/NumericalAnalysis/NumericalIntegration/BoolesRule.php,118,other,False,production,T_VARIABLE,2,f⟮x₄ᵢ₋₃⟯,66e29fae78e28284e1b5a2e2828be28283e29faf,8,True,False,False,,True,"Latin,Other",False,True,,False,False,U+27EE MATHEMATICAL LEFT FLATTENED PARENTHESIS; U+2084 SUBSCRIPT FOUR; U+208B SUBSCRIPT MINUS; U+2083 SUBSCRIPT THREE; U+27EF MATHEMATICAL RIGHT FLATTENED PARENTHESIS
markrogoyski__math-php,markrogoyski__math-php/src/NumericalAnalysis/NumericalIntegration/BoolesRule.php,119,other,False,production,T_VARIABLE,2,f⟮x₄ᵢ₋₂⟯,66e29fae78e28284e1b5a2e2828be28282e29faf,8,True,False,False,,True,"Latin,Other",False,True,,False,False,U+27EE MATHEMATICAL LEFT FLATTENED PARENTHESIS; U+2084 SUBSCRIPT FOUR; U+208B SUBSCRIPT MINUS; U+2082 SUBSCRIPT TWO; U+27EF MATHEMATICAL RIGHT FLATTENED PARENTHESIS
markrogoyski__math-php,markrogoyski__math-php/src/NumericalAnalysis/NumericalIntegration/BoolesRule.php,120,other,False,production,T_VARIABLE,2,f⟮x₄ᵢ₋₁⟯,66e29fae78e28284e1b5a2e2828be28281e29faf,8,True,False,False,,True,"Latin,Other",False,True,,False,False,U+27EE MATHEMATICAL LEFT FLATTENED PARENTHESIS; U+2084 SUBSCRIPT FOUR; U+208B SUBSCRIPT MINUS; U+2081 SUBSCRIPT ONE; U+27EF MATHEMATICAL RIGHT FLATTENED PARENTHESIS
markrogoyski__math-php,markrogoyski__math-php/src/NumericalAnalysis/NumericalIntegration/BoolesRule.php,121,other,False,production,T_VARIABLE,2,f⟮x₄ᵢ⟯,66e29fae78e28284e1b5a2e29faf,6,True,False,False,,True,"Latin,Other",False,True,,False,False,U+27EE MATHEMATICAL LEFT FLATTENED PARENTHESIS; U+2084 SUBSCRIPT FOUR; U+27EF MATHEMATICAL RIGHT FLATTENED PARENTHESIS
markrogoyski__math-php,markrogoyski__math-php/src/NumericalAnalysis/NumericalIntegration/BoolesRule.php,122,other,False,production,T_VARIABLE,2,f⟮x₄ᵢ₊₁⟯,66e29fae78e28284e1b5a2e2828ae28281e29faf,8,True,False,False,,True,"Latin,Other",False,True,,False,False,U+27EE MATHEMATICAL LEFT FLATTENED PARENTHESIS; U+2084 SUBSCRIPT FOUR; U+208A SUBSCRIPT PLUS SIGN; U+2081 SUBSCRIPT ONE; U+27EF MATHEMATICAL RIGHT FLATTENED PARENTHESIS
markrogoyski__math-php,markrogoyski__math-php/src/NumericalAnalysis/NumericalIntegration/TrapezoidalRule.php,105,other,False,production,T_VARIABLE,3,xᵢ,78e1b5a2,2,True,True,True,,True,Latin,False,False,,False,False,
markrogoyski__math-php,markrogoyski__math-php/src/NumericalAnalysis/NumericalIntegration/TrapezoidalRule.php,106,other,False,production,T_VARIABLE,3,xᵢ₊₁,78e1b5a2e2828ae28281,4,True,False,False,,True,"Latin,Other",False,True,,False,False,U+208A SUBSCRIPT PLUS SIGN; U+2081 SUBSCRIPT ONE
markrogoyski__math-php,markrogoyski__math-php/src/NumericalAnalysis/NumericalIntegration/TrapezoidalRule.php,107,other,False,production,T_VARIABLE,2,f⟮xᵢ⟯,66e29fae78e1b5a2e29faf,5,True,False,False,,True,"Latin,Other",False,True,,False,False,U+27EE MATHEMATICAL LEFT FLATTENED PARENTHESIS; U+27EF MATHEMATICAL RIGHT FLATTENED PARENTHESIS
markrogoyski__math-php,markrogoyski__math-php/src/NumericalAnalysis/NumericalIntegration/TrapezoidalRule.php,108,other,False,production,T_VARIABLE,2,f⟮xᵢ₊₁⟯,66e29fae78e1b5a2e2828ae28281e29faf,7,True,False,False,,True,"Latin,Other",False,True,,False,False,U+27EE MATHEMATICAL LEFT FLATTENED PARENTHESIS; U+208A SUBSCRIPT PLUS SIGN; U+2081 SUBSCRIPT ONE; U+27EF MATHEMATICAL RIGHT FLATTENED PARENTHESIS
markrogoyski__math-php,markrogoyski__math-php/src/NumericalAnalysis/RootFinding/SecantMethod.php,34,other,False,production,T_VARIABLE,5,p₀,70e28280,2,True,False,False,,True,"Latin,Other",False,True,,False,False,U+2080 SUBSCRIPT ZERO
markrogoyski__math-php,markrogoyski__math-php/src/NumericalAnalysis/RootFinding/SecantMethod.php,34,other,False,production,T_VARIABLE,8,p₁,70e28281,2,True,False,False,,True,"Latin,Other",False,True,,False,False,U+2081 SUBSCRIPT ONE
markrogoyski__math-php,markrogoyski__math-php/src/NumericalAnalysis/RootFinding/SecantMethod.php,40,other,False,production,T_VARIABLE,2,q₀,71e28280,2,True,False,False,,True,"Latin,Other",False,True,,False,False,U+2080 SUBSCRIPT ZERO
markrogoyski__math-php,markrogoyski__math-php/src/NumericalAnalysis/RootFinding/SecantMethod.php,41,other,False,production,T_VARIABLE,3,q₁,71e28281,2,True,False,False,,True,"Latin,Other",False,True,,False,False,U+2081 SUBSCRIPT ONE
markrogoyski__math-php,markrogoyski__math-php/src/NumericalAnalysis/RootFinding/FixedPointIteration.php,46,other,False,production,T_VARIABLE,3,g⟮p⟯,67e29fae70e29faf,4,True,False,False,,True,"Latin,Other",False,True,,False,False,U+27EE MATHEMATICAL LEFT FLATTENED PARENTHESIS; U+27EF MATHEMATICAL RIGHT FLATTENED PARENTHESIS
markrogoyski__math-php,markrogoyski__math-php/src/NumericalAnalysis/RootFinding/BisectionMethod.php,45,other,False,production,T_VARIABLE,4,f⟮a⟯,66e29fae61e29faf,4,True,False,False,,True,"Latin,Other",False,True,,False,False,U+27EE MATHEMATICAL LEFT FLATTENED PARENTHESIS; U+27EF MATHEMATICAL RIGHT FLATTENED PARENTHESIS
markrogoyski__math-php,markrogoyski__math-php/src/NumericalAnalysis/RootFinding/BisectionMethod.php,47,other,False,production,T_VARIABLE,3,f⟮p⟯,66e29fae70e29faf,4,True,False,False,,True,"Latin,Other",False,True,,False,False,U+27EE MATHEMATICAL LEFT FLATTENED PARENTHESIS; U+27EF MATHEMATICAL RIGHT FLATTENED PARENTHESIS
markrogoyski__math-php,markrogoyski__math-php/src/NumericalAnalysis/RootFinding/BisectionMethod.php,83,other,False,production,T_VARIABLE,2,f⟮b⟯,66e29fae62e29faf,4,True,False,False,,True,"Latin,Other",False,True,,False,False,U+27EE MATHEMATICAL LEFT FLATTENED PARENTHESIS; U+27EF MATHEMATICAL RIGHT FLATTENED PARENTHESIS
markrogoyski__math-php,markrogoyski__math-php/src/Number/Quaternion.php,255,other,False,production,T_VARIABLE,5,a₁,61e28281,2,True,False,False,,True,"Latin,Other",False,True,,False,False,U+2081 SUBSCRIPT ONE
markrogoyski__math-php,markrogoyski__math-php/src/Number/Quaternion.php,255,other,False,production,T_VARIABLE,5,b₁,62e28281,2,True,False,False,,True,"Latin,Other",False,True,,False,False,U+2081 SUBSCRIPT ONE
markrogoyski__math-php,markrogoyski__math-php/src/Number/Quaternion.php,255,other,False,production,T_VARIABLE,5,c₁,63e28281,2,True,False,False,,True,"Latin,Other",False,True,,False,False,U+2081 SUBSCRIPT ONE
markrogoyski__math-php,markrogoyski__math-php/src/Number/Quaternion.php,255,other,False,production,T_VARIABLE,5,d₁,64e28281,2,True,False,False,,True,"Latin,Other",False,True,,False,False,U+2081 SUBSCRIPT ONE
markrogoyski__math-php,markrogoyski__math-php/src/Number/Quaternion.php,256,other,False,production,T_VARIABLE,5,a₂,61e28282,2,True,False,False,,True,"Latin,Other",False,True,,False,False,U+2082 SUBSCRIPT TWO
markrogoyski__math-php,markrogoyski__math-php/src/Number/Quaternion.php,256,other,False,production,T_VARIABLE,5,b₂,62e28282,2,True,False,False,,True,"Latin,Other",False,True,,False,False,U+2082 SUBSCRIPT TWO
markrogoyski__math-php,markrogoyski__math-php/src/Number/Quaternion.php,256,other,False,production,T_VARIABLE,5,c₂,63e28282,2,True,False,False,,True,"Latin,Other",False,True,,False,False,U+2082 SUBSCRIPT TWO
markrogoyski__math-php,markrogoyski__math-php/src/Number/Quaternion.php,256,other,False,production,T_VARIABLE,5,d₂,64e28282,2,True,False,False,,True,"Latin,Other",False,True,,False,False,U+2082 SUBSCRIPT TWO
markrogoyski__math-php,markrogoyski__math-php/src/Number/Complex.php,200,other,False,production,T_VARIABLE,3,γ,ceb3,1,True,True,True,,True,Greek,False,False,,False,False,
markrogoyski__math-php,markrogoyski__math-php/src/Number/Complex.php,201,other,False,production,T_VARIABLE,3,δ,ceb4,1,True,True,True,,True,Greek,False,False,,False,False,
markrogoyski__math-php,markrogoyski__math-php/src/Number/Complex.php,203,other,False,production,T_VARIABLE,2,z₁,7ae28281,2,True,False,False,,True,"Latin,Other",False,True,,False,False,U+2081 SUBSCRIPT ONE
markrogoyski__math-php,markrogoyski__math-php/src/Number/Complex.php,204,other,False,production,T_VARIABLE,2,z₂,7ae28282,2,True,False,False,,True,"Latin,Other",False,True,,False,False,U+2082 SUBSCRIPT TWO
markrogoyski__math-php,markrogoyski__math-php/src/Number/Complex.php,252,other,False,production,T_VARIABLE,5,θ,ceb8,1,True,True,True,,True,Greek,False,False,,False,False,
markrogoyski__math-php,markrogoyski__math-php/src/LinearAlgebra/Matrix.php,28,other,False,production,T_VARIABLE,1,ε,ceb5,1,True,True,True,,True,Greek,False,False,,False,False,
markrogoyski__math-php,markrogoyski__math-php/src/LinearAlgebra/Matrix.php,344,other,False,production,T_VARIABLE,7,⟮A∣B⟯,e29fae41e288a342e29faf,5,True,False,False,,True,"Latin,Other",False,True,,False,False,U+27EE MATHEMATICAL LEFT FLATTENED PARENTHESIS; U+2223 DIVIDES; U+27EF MATHEMATICAL RIGHT FLATTENED PARENTHESIS
markrogoyski__math-php,markrogoyski__math-php/src/LinearAlgebra/Matrix.php,352,property_or_method,False,production,T_STRING,13,ε,ceb5,1,True,True,True,,True,Greek,False,False,,False,False,
markrogoyski__math-php,markrogoyski__math-php/src/LinearAlgebra/Matrix.php,390,other,False,production,T_VARIABLE,3,⟮B∣A⟯,e29fae42e288a341e29faf,5,True,False,False,,True,"Latin,Other",False,True,,False,False,U+27EE MATHEMATICAL LEFT FLATTENED PARENTHESIS; U+2223 DIVIDES; U+27EF MATHEMATICAL RIGHT FLATTENED PARENTHESIS
markrogoyski__math-php,markrogoyski__math-php/src/LinearAlgebra/Matrix.php,509,other,False,production,T_VARIABLE,3,Aᵀ,41e1b580,2,True,True,True,,True,"Latin,Other",False,True,,False,False,
markrogoyski__math-php,markrogoyski__math-php/src/LinearAlgebra/Matrix.php,534,other,False,production,T_VARIABLE,6,m₁,6de28281,2,True,False,False,,True,"Latin,Other",False,True,,False,False,U+2081 SUBSCRIPT ONE
markrogoyski__math-php,markrogoyski__math-php/src/LinearAlgebra/Matrix.php,534,other,False,production,T_VARIABLE,6,n₁,6ee28281,2,True,False,False,,True,"Latin,Other",False,True,,False,False,U+2081 SUBSCRIPT ONE
markrogoyski__math-php,markrogoyski__math-php/src/LinearAlgebra/Matrix.php,534,other,False,production,T_VARIABLE,5,m₂,6de28282,2,True,False,False,,True,"Latin,Other",False,True,,False,False,U+2082 SUBSCRIPT TWO
markrogoyski__math-php,markrogoyski__math-php/src/LinearAlgebra/Matrix.php,534,other,False,production,T_VARIABLE,5,n₂,6ee28282,2,True,False,False,,True,"Latin,Other",False,True,,False,False,U+2082 SUBSCRIPT TWO
markrogoyski__math-php,markrogoyski__math-php/src/LinearAlgebra/Matrix.php,674,other,False,production,T_VARIABLE,16,mᵢ,6de1b5a2,2,True,True,True,,True,Latin,False,False,,False,False,
markrogoyski__math-php,markrogoyski__math-php/src/LinearAlgebra/Matrix.php,674,other,False,production,T_VARIABLE,4,mⱼ,6de2b1bc,2,True,True,True,,True,Latin,False,False,,False,False,
markrogoyski__math-php,markrogoyski__math-php/src/LinearAlgebra/Matrix.php,750,other,False,production,T_VARIABLE,8,nᵢ,6ee1b5a2,2,True,True,True,,True,Latin,False,False,,False,False,
markrogoyski__math-php,markrogoyski__math-php/src/LinearAlgebra/Matrix.php,750,other,False,production,T_VARIABLE,12,nⱼ,6ee2b1bc,2,True,True,True,,True,Latin,False,False,,False,False,
markrogoyski__math-php,markrogoyski__math-php/src/LinearAlgebra/Reduction/ReducedRowEchelonForm.php,77,other,False,production,T_VARIABLE,5,ε,ceb5,1,True,True,True,,True,Greek,False,False,,False,False,
markrogoyski__math-php,markrogoyski__math-php/src/LinearAlgebra/Reduction/RowEchelonForm.php,128,other,False,production,T_VARIABLE,11,ε,ceb5,1,True,True,True,,True,Greek,False,False,,False,False,
markrogoyski__math-php,markrogoyski__math-php/src/LinearAlgebra/ObjectMatrix.php,249,other,False,production,T_VARIABLE,2,λ,cebb,1,True,True,True,,True,Greek,False,False,,False,False,
markrogoyski__math-php,markrogoyski__math-php/src/LinearAlgebra/ObjectMatrix.php,284,other,False,production,T_VARIABLE,4,tr⟮A⟯,7472e29fae41e29faf,5,True,False,False,,True,"Latin,Other",False,True,,False,False,U+27EE MATHEMATICAL LEFT FLATTENED PARENTHESIS; U+27EF MATHEMATICAL RIGHT FLATTENED PARENTHESIS
markrogoyski__math-php,markrogoyski__math-php/src/LinearAlgebra/ObjectMatrix.php,362,other,False,production,T_VARIABLE,3,mᵢ,6de1b5a2,2,True,True,True,,True,Latin,False,False,,False,False,
markrogoyski__math-php,markrogoyski__math-php/src/LinearAlgebra/ObjectMatrix.php,362,other,False,production,T_VARIABLE,3,nⱼ,6ee2b1bc,2,True,True,True,,True,Latin,False,False,,False,False,
markrogoyski__math-php,markrogoyski__math-php/src/LinearAlgebra/ObjectMatrix.php,365,other,False,production,T_VARIABLE,2,Mᵢⱼ,4de1b5a2e2b1bc,3,True,True,True,,True,Latin,False,False,,False,False,
markrogoyski__math-php,markrogoyski__math-php/src/LinearAlgebra/ObjectMatrix.php,366,other,False,production,T_VARIABLE,2,⟮−1⟯ⁱ⁺ʲ,e29faee2889231e29fafe281b1e281bacab2,7,True,False,False,,True,"Common,Other",False,False,,False,False,U+27EE MATHEMATICAL LEFT FLATTENED PARENTHESIS; U+2212 MINUS SIGN; U+27EF MATHEMATICAL RIGHT FLATTENED PARENTHESIS; U+207A SUPERSCRIPT PLUS SIGN
markrogoyski__math-php,markrogoyski__math-php/src/LinearAlgebra/Householder.php,32,other,False,production,T_VARIABLE,2,ε,ceb5,1,True,True,True,,True,Greek,False,False,,False,False,
markrogoyski__math-php,markrogoyski__math-php/src/LinearAlgebra/Householder.php,42,other,False,production,T_VARIABLE,2,α,ceb1,1,True,True,True,,True,Greek,False,False,a,False,False,
markrogoyski__math-php,markrogoyski__math-php/src/LinearAlgebra/Householder.php,49,other,False,production,T_VARIABLE,3,uᵀ,75e1b580,2,True,True,True,,True,"Latin,Other",False,True,,False,False,
markrogoyski__math-php,markrogoyski__math-php/src/LinearAlgebra/Householder.php,50,other,False,production,T_VARIABLE,3,uᵀu,75e1b58075,3,True,True,True,,True,"Latin,Other",False,True,,False,False,
markrogoyski__math-php,markrogoyski__math-php/src/LinearAlgebra/Householder.php,51,other,False,production,T_VARIABLE,2,uuᵀ,7575e1b580,3,True,True,True,,True,"Latin,Other",False,True,,False,False,
markrogoyski__math-php,markrogoyski__math-php/src/LinearAlgebra/MatrixFactory.php,32,other,False,production,T_VARIABLE,7,ε,ceb5,1,True,True,True,,True,Greek,False,False,,False,False,
markrogoyski__math-php,markrogoyski__math-php/src/LinearAlgebra/MatrixFactory.php,540,other,False,production,T_VARIABLE,2,α,ceb1,1,True,True,True,,True,Greek,False,False,a,False,False,
markrogoyski__math-php,markrogoyski__math-php/src/LinearAlgebra/Eigenvector.php,78,other,False,production,T_VARIABLE,2,Iλ,49cebb,2,True,True,True,,True,"Greek,Latin",True,True,,False,False,
markrogoyski__math-php,markrogoyski__math-php/src/LinearAlgebra/Eigenvalue.php,90,other,False,production,T_VARIABLE,2,λ_poly,cebb5f706f6c79,6,True,True,True,,True,"Common,Greek,Latin",True,True,,False,False,
markrogoyski__math-php,markrogoyski__math-php/src/LinearAlgebra/Eigenvalue.php,92,other,False,production,T_VARIABLE,3,λ_array,cebb5f6172726179,7,True,True,True,,True,"Common,Greek,Latin",True,True,,False,False,
markrogoyski__math-php,markrogoyski__math-php/src/LinearAlgebra/Eigenvalue.php,102,other,False,production,T_VARIABLE,2,λ,cebb,1,True,True,True,,True,Greek,False,False,,False,False,
markrogoyski__math-php,markrogoyski__math-php/src/LinearAlgebra/Eigenvalue.php,105,other,False,production,T_VARIABLE,2,⟮B − λ⟯,e29fae42c2a0e28892c2a0cebbe29faf,7,True,False,False,U+00A0 NO-BREAK SPACE; U+00A0 NO-BREAK SPACE,True,"Common,Greek,Latin,Other",True,True,,False,False,U+27EE MATHEMATICAL LEFT FLATTENED PARENTHESIS; U+00A0 NO-BREAK SPACE; U+2212 MINUS SIGN; U+00A0 NO-BREAK SPACE; U+27EF MATHEMATICAL RIGHT FLATTENED PARENTHESIS
markrogoyski__math-php,markrogoyski__math-php/src/LinearAlgebra/Eigenvalue.php,222,other,False,production,T_VARIABLE,7,newμ,6e6577cebc,4,True,True,True,,True,"Greek,Latin",True,True,,False,False,
markrogoyski__math-php,markrogoyski__math-php/src/LinearAlgebra/Eigenvalue.php,223,other,False,production,T_VARIABLE,4,μ,cebc,1,True,True,True,,True,Greek,False,False,,False,False,
markrogoyski__math-php,markrogoyski__math-php/src/LinearAlgebra/Decomposition/SVD.php,97,other,False,production,T_VARIABLE,3,Mᵀ,4de1b580,2,True,True,True,,True,"Latin,Other",False,True,,False,False,
markrogoyski__math-php,markrogoyski__math-php/src/LinearAlgebra/Decomposition/SVD.php,98,other,False,production,T_VARIABLE,2,MMᵀ,4d4de1b580,3,True,True,True,,True,"Latin,Other",False,True,,False,False,
markrogoyski__math-php,markrogoyski__math-php/src/LinearAlgebra/Decomposition/SVD.php,99,other,False,production,T_VARIABLE,2,MᵀM,4de1b5804d,3,True,True,True,,True,"Latin,Other",False,True,,False,False,
markrogoyski__math-php,markrogoyski__math-php/src/LinearAlgebra/Decomposition/QR.php,139,other,False,production,T_VARIABLE,2,Qᵀ,51e1b580,2,True,True,True,,True,"Latin,Other",False,True,,False,False,
markrogoyski__math-php,markrogoyski__math-php/src/LinearAlgebra/Decomposition/QR.php,140,other,False,production,T_VARIABLE,2,Qᵀb,51e1b58062,3,True,True,True,,True,"Latin,Other",False,True,,False,False,
markrogoyski__math-php,markrogoyski__math-php/src/LinearAlgebra/Decomposition/QR.php,142,other,False,production,T_VARIABLE,2,R⁻¹,52e281bbc2b9,3,True,False,False,,True,"Latin,Other",False,True,,False,False,U+207B SUPERSCRIPT MINUS; U+00B9 SUPERSCRIPT ONE
markrogoyski__math-php,markrogoyski__math-php/src/LinearAlgebra/Decomposition/Hessenberg.php,88,other,False,production,T_VARIABLE,7,ε,ceb5,1,True,True,True,,True,Greek,False,False,,False,False,
markrogoyski__math-php,markrogoyski__math-php/src/LinearAlgebra/Decomposition/Cholesky.php,48,other,False,production,T_VARIABLE,5,Lᵀ,4ce1b580,2,True,True,True,,True,"Latin,Other",False,True,,False,False,
markrogoyski__math-php,markrogoyski__math-php/src/LinearAlgebra/Decomposition/Cholesky.php,59,property_or_method,False,production,T_STRING,2,Lᵀ,4ce1b580,2,True,True,True,,True,"Latin,Other",False,True,,False,False,
markrogoyski__math-php,markrogoyski__math-php/src/LinearAlgebra/Decomposition/Cholesky.php,88,other,False,production,T_VARIABLE,4,∑lⱼₓlᵢₓ,e288916ce2b1bce282936ce1b5a2e28293,7,True,False,False,,True,"Latin,Other",False,True,,False,False,U+2211 N-ARY SUMMATION
markrogoyski__math-php,markrogoyski__math-php/src/LinearAlgebra/MatrixCatalog.php,13,other,False,production,T_VARIABLE,3,Aᵀ,41e1b580,2,True,True,True,,True,"Latin,Other",False,True,,False,False,
markrogoyski__math-php,markrogoyski__math-php/src/LinearAlgebra/MatrixCatalog.php,16,other,False,production,T_VARIABLE,3,A⁻¹,41e281bbc2b9,3,True,False,False,,True,"Latin,Other",False,True,,False,False,U+207B SUPERSCRIPT MINUS; U+00B9 SUPERSCRIPT ONE
markrogoyski__math-php,markrogoyski__math-php/src/LinearAlgebra/MatrixCatalog.php,58,property_or_method,False,production,T_STRING,3,Aᵀ,41e1b580,2,True,True,True,,True,"Latin,Other",False,True,,False,False,
markrogoyski__math-php,markrogoyski__math-php/src/LinearAlgebra/MatrixCatalog.php,85,property_or_method,False,production,T_STRING,3,A⁻¹,41e281bbc2b9,3,True,False,False,,True,"Latin,Other",False,True,,False,False,U+207B SUPERSCRIPT MINUS; U+00B9 SUPERSCRIPT ONE
markrogoyski__math-php,markrogoyski__math-php/src/LinearAlgebra/Vector.php,249,other,False,production,T_VARIABLE,4,A⊥,41e28aa5,2,True,False,False,,True,"Latin,Other",False,True,,False,False,U+22A5 UP TACK
markrogoyski__math-php,markrogoyski__math-php/src/LinearAlgebra/Vector.php,271,other,False,production,T_VARIABLE,2,cos⟮α⟯,636f73e29faeceb1e29faf,6,True,False,False,,True,"Greek,Latin,Other",True,True,,False,False,U+27EE MATHEMATICAL LEFT FLATTENED PARENTHESIS; U+27EF MATHEMATICAL RIGHT FLATTENED PARENTHESIS
markrogoyski__math-php,markrogoyski__math-php/src/LinearAlgebra/Vector.php,513,other,False,production,T_VARIABLE,2,Bᵀ,42e1b580,2,True,True,True,,True,"Latin,Other",False,True,,False,False,
markrogoyski__math-php,markrogoyski__math-php/src/LinearAlgebra/Vector.php,563,other,False,production,T_VARIABLE,2,│A│,e2948241e29482,3,True,False,False,,True,"Latin,Other",False,True,,False,False,U+2502 BOX DRAWINGS LIGHT VERTICAL; U+2502 BOX DRAWINGS LIGHT VERTICAL
markrogoyski__math-php,markrogoyski__math-php/src/LinearAlgebra/Vector.php,605,other,False,production,T_VARIABLE,2,A⋅B,41e28b8542,3,True,False,False,,True,"Latin,Other",False,True,,False,False,U+22C5 DOT OPERATOR
markrogoyski__math-php,markrogoyski__math-php/src/LinearAlgebra/Vector.php,606,other,False,production,T_VARIABLE,4,│B│²,e2948242e29482c2b2,4,True,False,False,,True,"Latin,Other",False,True,,False,False,U+2502 BOX DRAWINGS LIGHT VERTICAL; U+2502 BOX DRAWINGS LIGHT VERTICAL; U+00B2 SUPERSCRIPT TWO
markrogoyski__math-php,markrogoyski__math-php/src/LinearAlgebra/Vector.php,625,other,False,production,T_VARIABLE,2,A⋅B⊥,41e28b8542e28aa5,4,True,False,False,,True,"Latin,Other",False,True,,False,False,U+22C5 DOT OPERATOR; U+22A5 UP TACK
markrogoyski__math-php,markrogoyski__math-php/src/LinearAlgebra/Vector.php,627,other,False,production,T_VARIABLE,2,B⊥,42e28aa5,2,True,False,False,,True,"Latin,Other",False,True,,False,False,U+22A5 UP TACK
markrogoyski__math-php,markrogoyski__math-php/src/LinearAlgebra/Vector.php,650,other,False,production,T_VARIABLE,2,A⨂B,41e2a88242,3,True,False,False,,True,"Latin,Other",False,True,,False,False,U+2A02 N-ARY CIRCLED TIMES OPERATOR
markrogoyski__math-php,markrogoyski__math-php/src/LinearAlgebra/NumericMatrix.php,18,other,False,production,T_VARIABLE,6,ε,ceb5,1,True,True,True,,True,Greek,False,False,,False,False,
markrogoyski__math-php,markrogoyski__math-php/src/LinearAlgebra/NumericMatrix.php,21,const_decl,False,production,T_STRING,1,ε,ceb5,1,True,True,True,,True,Greek,False,False,,False,False,
markrogoyski__math-php,markrogoyski__math-php/src/LinearAlgebra/NumericMatrix.php,46,property_or_method,False,production,T_STRING,42,ε,ceb5,1,True,True,True,,True,Greek,False,False,,False,False,
markrogoyski__math-php,markrogoyski__math-php/src/LinearAlgebra/NumericMatrix.php,46,static_member,False,production,T_STRING,1,ε,ceb5,1,True,True,True,,True,Greek,False,False,,False,False,
markrogoyski__math-php,markrogoyski__math-php/src/LinearAlgebra/NumericMatrix.php,256,other,False,production,T_VARIABLE,6,│A│,e2948241e29482,3,True,False,False,,True,"Latin,Other",False,True,,False,False,U+2502 BOX DRAWINGS LIGHT VERTICAL; U+2502 BOX DRAWINGS LIGHT VERTICAL
markrogoyski__math-php,markrogoyski__math-php/src/LinearAlgebra/NumericMatrix.php,673,other,False,production,T_VARIABLE,4,A²,41c2b2,2,True,False,False,,True,"Latin,Other",False,True,,False,False,U+00B2 SUPERSCRIPT TWO
markrogoyski__math-php,markrogoyski__math-php/src/LinearAlgebra/NumericMatrix.php,942,other,False,production,T_VARIABLE,2,Aᵀ,41e1b580,2,True,True,True,,True,"Latin,Other",False,True,,False,False,
markrogoyski__math-php,markrogoyski__math-php/src/LinearAlgebra/NumericMatrix.php,943,other,False,production,T_VARIABLE,2,AAᵀ,4141e1b580,3,True,True,True,,True,"Latin,Other",False,True,,False,False,
markrogoyski__math-php,markrogoyski__math-php/src/LinearAlgebra/NumericMatrix.php,965,other,False,production,T_VARIABLE,8,Aᴴ,41e1b4b4,2,True,True,True,,True,"Latin,Other",False,True,,False,False,
markrogoyski__math-php,markrogoyski__math-php/src/LinearAlgebra/NumericMatrix.php,966,other,False,production,T_VARIABLE,5,AAᴴ,4141e1b4b4,3,True,True,True,,True,"Latin,Other",False,True,,False,False,
markrogoyski__math-php,markrogoyski__math-php/src/LinearAlgebra/NumericMatrix.php,967,other,False,production,T_VARIABLE,4,AᴴA,41e1b4b441,3,True,True,True,,True,"Latin,Other",False,True,,False,False,
markrogoyski__math-php,markrogoyski__math-php/src/LinearAlgebra/NumericMatrix.php,1171,other,False,production,T_VARIABLE,2,A⊗Im,41e28a97496d,4,True,False,False,,True,"Latin,Other",False,True,,False,False,U+2297 CIRCLED TIMES
markrogoyski__math-php,markrogoyski__math-php/src/LinearAlgebra/NumericMatrix.php,1172,other,False,production,T_VARIABLE,2,In⊗B,496ee28a9742,4,True,False,False,,True,"Latin,Other",False,True,,False,False,U+2297 CIRCLED TIMES
markrogoyski__math-php,markrogoyski__math-php/src/LinearAlgebra/NumericMatrix.php,1173,other,False,production,T_VARIABLE,2,A⊕B,41e28a9542,3,True,False,False,,True,"Latin,Other",False,True,,False,False,U+2295 CIRCLED PLUS
markrogoyski__math-php,markrogoyski__math-php/src/LinearAlgebra/NumericMatrix.php,1280,other,False,production,T_VARIABLE,6,Bᵀ,42e1b580,2,True,True,True,,True,"Latin,Other",False,True,,False,False,
markrogoyski__math-php,markrogoyski__math-php/src/LinearAlgebra/NumericMatrix.php,1282,other,False,production,T_VARIABLE,2,Aʳᵒʷ⟦i⟧,41cab3e1b592cab7e29fa669e29fa7,7,True,False,False,,True,"Latin,Other",False,True,,False,False,U+27E6 MATHEMATICAL LEFT WHITE SQUARE BRACKET; U+27E7 MATHEMATICAL RIGHT WHITE SQUARE BRACKET
markrogoyski__math-php,markrogoyski__math-php/src/LinearAlgebra/NumericMatrix.php,1284,other,False,production,T_VARIABLE,2,Bᶜᵒˡ⟦j⟧,42e1b69ce1b592cba1e29fa66ae29fa7,7,True,False,False,,True,"Latin,Other",False,True,,False,False,U+27E6 MATHEMATICAL LEFT WHITE SQUARE BRACKET; U+27E7 MATHEMATICAL RIGHT WHITE SQUARE BRACKET
markrogoyski__math-php,markrogoyski__math-php/src/LinearAlgebra/NumericMatrix.php,1285,other,False,production,T_VARIABLE,2,A⟦i⟧⟦k⟧,41e29fa669e29fa7e29fa66be29fa7,7,True,False,False,,True,"Latin,Other",False,True,,False,False,U+27E6 MATHEMATICAL LEFT WHITE SQUARE BRACKET; U+27E7 MATHEMATICAL RIGHT WHITE SQUARE BRACKET; U+27E6 MATHEMATICAL LEFT WHITE SQUARE BRACKET; U+27E7 MATHEMATICAL RIGHT WHITE SQUARE BRACKET
markrogoyski__math-php,markrogoyski__math-php/src/LinearAlgebra/NumericMatrix.php,1305,other,False,production,T_VARIABLE,5,λ,cebb,1,True,True,True,,True,Greek,False,False,,False,False,
markrogoyski__math-php,markrogoyski__math-php/src/LinearAlgebra/NumericMatrix.php,1388,other,False,production,T_VARIABLE,3,A∘B,41e2889842,3,True,False,False,,True,"Latin,Other",False,True,,False,False,U+2218 RING OPERATOR
markrogoyski__math-php,markrogoyski__math-php/src/LinearAlgebra/NumericMatrix.php,1459,other,False,production,T_VARIABLE,2,A⊗B,41e28a9742,3,True,False,False,,True,"Latin,Other",False,True,,False,False,U+2297 CIRCLED TIMES
markrogoyski__math-php,markrogoyski__math-php/src/LinearAlgebra/NumericMatrix.php,1553,other,False,production,T_VARIABLE,18,A⁻¹,41e281bbc2b9,3,True,False,False,,True,"Latin,Other",False,True,,False,False,U+207B SUPERSCRIPT MINUS; U+00B9 SUPERSCRIPT ONE
markrogoyski__math-php,markrogoyski__math-php/src/LinearAlgebra/NumericMatrix.php,1703,other,False,production,T_VARIABLE,4,Xᵢ,58e1b5a2,2,True,True,True,,True,Latin,False,False,,False,False,
markrogoyski__math-php,markrogoyski__math-php/src/LinearAlgebra/NumericMatrix.php,1870,other,False,production,T_VARIABLE,2,adj⟮A⟯,61646ae29fae41e29faf,6,True,False,False,,True,"Latin,Other",False,True,,False,False,U+27EE MATHEMATICAL LEFT FLATTENED PARENTHESIS; U+27EF MATHEMATICAL RIGHT FLATTENED PARENTHESIS
markrogoyski__math-php,markrogoyski__math-php/src/LinearAlgebra/NumericMatrix.php,2065,other,False,production,T_VARIABLE,3,tr⟮A⟯,7472e29fae41e29faf,5,True,False,False,,True,"Latin,Other",False,True,,False,False,U+27EE MATHEMATICAL LEFT FLATTENED PARENTHESIS; U+27EF MATHEMATICAL RIGHT FLATTENED PARENTHESIS
markrogoyski__math-php,markrogoyski__math-php/src/LinearAlgebra/NumericMatrix.php,2083,other,False,production,T_VARIABLE,4,‖A‖₁,e2809641e28096e28281,4,True,False,False,,True,"Latin,Other",False,True,,False,False,U+2016 DOUBLE VERTICAL LINE; U+2016 DOUBLE VERTICAL LINE; U+2081 SUBSCRIPT ONE
markrogoyski__math-php,markrogoyski__math-php/src/LinearAlgebra/NumericMatrix.php,2109,other,False,production,T_VARIABLE,3,ΣΣaᵢⱼ²,cea3cea361e1b5a2e2b1bcc2b2,6,True,False,False,,True,"Greek,Latin,Other",True,True,,True,False,U+00B2 SUPERSCRIPT TWO
markrogoyski__math-php,markrogoyski__math-php/src/LinearAlgebra/NumericMatrix.php,2129,other,False,production,T_VARIABLE,4,‖A‖∞,e2809641e28096e2889e,4,True,False,False,,True,"Latin,Other",False,True,,False,False,U+2016 DOUBLE VERTICAL LINE; U+2016 DOUBLE VERTICAL LINE; U+221E INFINITY
markrogoyski__math-php,markrogoyski__math-php/src/LinearAlgebra/NumericMatrix.php,2280,other,False,production,T_VARIABLE,3,ref⟮A⟯,726566e29fae41e29faf,6,True,False,False,,True,"Latin,Other",False,True,,False,False,U+27EE MATHEMATICAL LEFT FLATTENED PARENTHESIS; U+27EF MATHEMATICAL RIGHT FLATTENED PARENTHESIS
markrogoyski__math-php,markrogoyski__math-php/src/LinearAlgebra/NumericMatrix.php,2281,other,False,production,T_VARIABLE,2,ⁿ,e281bf,1,True,True,True,,True,Other,False,False,,False,False,
markrogoyski__math-php,markrogoyski__math-php/src/LinearAlgebra/NumericMatrix.php,2284,other,False,production,T_VARIABLE,3,│ref⟮A⟯│,e29482726566e29fae41e29fafe29482,8,True,False,False,,True,"Latin,Other",False,True,,False,False,U+2502 BOX DRAWINGS LIGHT VERTICAL; U+27EE MATHEMATICAL LEFT FLATTENED PARENTHESIS; U+27EF MATHEMATICAL RIGHT FLATTENED PARENTHESIS; U+2502 BOX DRAWINGS LIGHT VERTICAL
markrogoyski__math-php,markrogoyski__math-php/src/LinearAlgebra/NumericMatrix.php,2325,other,False,production,T_VARIABLE,32,mᵢ,6de1b5a2,2,True,True,True,,True,Latin,False,False,,False,False,
markrogoyski__math-php,markrogoyski__math-php/src/LinearAlgebra/NumericMatrix.php,2325,other,False,production,T_VARIABLE,11,nⱼ,6ee2b1bc,2,True,True,True,,True,Latin,False,False,,False,False,
markrogoyski__math-php,markrogoyski__math-php/src/LinearAlgebra/NumericMatrix.php,2337,other,False,production,T_VARIABLE,2,Mᵢⱼ,4de1b5a2e2b1bc,3,True,True,True,,True,Latin,False,False,,False,False,
markrogoyski__math-php,markrogoyski__math-php/src/LinearAlgebra/NumericMatrix.php,2338,other,False,production,T_VARIABLE,2,⟮−1⟯ⁱ⁺ʲ,e29faee2889231e29fafe281b1e281bacab2,7,True,False,False,,True,"Common,Other",False,False,,False,False,U+27EE MATHEMATICAL LEFT FLATTENED PARENTHESIS; U+2212 MINUS SIGN; U+27EF MATHEMATICAL RIGHT FLATTENED PARENTHESIS; U+207A SUPERSCRIPT PLUS SIGN
markrogoyski__math-php,markrogoyski__math-php/src/LinearAlgebra/NumericMatrix.php,2457,other,False,production,T_VARIABLE,6,mⱼ,6de2b1bc,2,True,True,True,,True,Latin,False,False,,False,False,
markrogoyski__math-php,markrogoyski__math-php/src/LinearAlgebra/NumericMatrix.php,2617,other,False,production,T_VARIABLE,23,nᵢ,6ee1b5a2,2,True,True,True,,True,Latin,False,False,,False,False,
markrogoyski__math-php,markrogoyski__math-php/src/InformationTheory/Entropy.php,49,other,False,production,T_VARIABLE,20,pᵢ,70e1b5a2,2,True,True,True,,True,Latin,False,False,,False,False,
markrogoyski__math-php,markrogoyski__math-php/src/InformationTheory/Entropy.php,56,other,False,production,T_VARIABLE,2,∑pᵢlog₂⟮pᵢ⟯,e2889170e1b5a26c6f67e28282e29fae70e1b5a2e29faf,11,True,False,False,,True,"Latin,Other",False,True,,False,False,U+2211 N-ARY SUMMATION; U+2082 SUBSCRIPT TWO; U+27EE MATHEMATICAL LEFT FLATTENED PARENTHESIS; U+27EF MATHEMATICAL RIGHT FLATTENED PARENTHESIS
markrogoyski__math-php,markrogoyski__math-php/src/InformationTheory/Entropy.php,99,other,False,production,T_VARIABLE,2,∑pᵢln⟮pᵢ⟯,e2889170e1b5a26c6ee29fae70e1b5a2e29faf,9,True,False,False,,True,"Latin,Other",False,True,,False,False,U+2211 N-ARY SUMMATION; U+27EE MATHEMATICAL LEFT FLATTENED PARENTHESIS; U+27EF MATHEMATICAL RIGHT FLATTENED PARENTHESIS
markrogoyski__math-php,markrogoyski__math-php/src/InformationTheory/Entropy.php,142,other,False,production,T_VARIABLE,2,∑pᵢlog₁₀⟮pᵢ⟯,e2889170e1b5a26c6f67e28281e28280e29fae70e1b5a2e29faf,12,True,False,False,,True,"Latin,Other",False,True,,False,False,U+2211 N-ARY SUMMATION; U+2081 SUBSCRIPT ONE; U+2080 SUBSCRIPT ZERO; U+27EE MATHEMATICAL LEFT FLATTENED PARENTHESIS; U+27EF MATHEMATICAL RIGHT FLATTENED PARENTHESIS
markrogoyski__math-php,markrogoyski__math-php/src/InformationTheory/Entropy.php,183,other,False,production,T_VARIABLE,5,qᵢ,71e1b5a2,2,True,True,True,,True,Latin,False,False,,False,False,
markrogoyski__math-php,markrogoyski__math-php/src/InformationTheory/Entropy.php,190,other,False,production,T_VARIABLE,2,∑plog₂⟮q⟯,e28891706c6f67e28282e29fae71e29faf,9,True,False,False,,True,"Latin,Other",False,True,,False,False,U+2211 N-ARY SUMMATION; U+2082 SUBSCRIPT TWO; U+27EE MATHEMATICAL LEFT FLATTENED PARENTHESIS; U+27EF MATHEMATICAL RIGHT FLATTENED PARENTHESIS
markrogoyski__math-php,markrogoyski__math-php/src/InformationTheory/Entropy.php,222,other,False,production,T_VARIABLE,2,P⟮x、y⟯,50e29fae78e3808179e29faf,6,True,False,False,,True,"Latin,Other",False,True,,False,False,U+27EE MATHEMATICAL LEFT FLATTENED PARENTHESIS; U+3001 IDEOGRAPHIC COMMA; U+27EF MATHEMATICAL RIGHT FLATTENED PARENTHESIS
markrogoyski__math-php,markrogoyski__math-php/src/InformationTheory/Entropy.php,247,other,False,production,T_VARIABLE,5,α,ceb1,1,True,True,True,,True,Greek,False,False,a,False,False,
markrogoyski__math-php,markrogoyski__math-php/src/InformationTheory/Entropy.php,260,other,False,production,T_VARIABLE,2,Hₐ⟮X⟯,48e28290e29fae58e29faf,5,True,False,False,,True,"Latin,Other",False,True,,False,False,U+27EE MATHEMATICAL LEFT FLATTENED PARENTHESIS; U+27EF MATHEMATICAL RIGHT FLATTENED PARENTHESIS
markrogoyski__math-php,markrogoyski__math-php/src/InformationTheory/Entropy.php,291,other,False,production,T_VARIABLE,2,H⟮p⟯,48e29fae70e29faf,4,True,False,False,,True,"Latin,Other",False,True,,False,False,U+27EE MATHEMATICAL LEFT FLATTENED PARENTHESIS; U+27EF MATHEMATICAL RIGHT FLATTENED PARENTHESIS
markrogoyski__math-php,markrogoyski__math-php/src/Statistics/RandomVariable.php,67,other,False,production,T_VARIABLE,12,μ,cebc,1,True,True,True,,True,Greek,False,False,,False,False,
markrogoyski__math-php,markrogoyski__math-php/src/Statistics/RandomVariable.php,68,other,False,production,T_VARIABLE,2,∑⟮xᵢ−μ⟯ⁿ,e28891e29fae78e1b5a2e28892cebce29fafe281bf,8,True,False,False,,True,"Greek,Latin,Other",True,True,,False,False,U+2211 N-ARY SUMMATION; U+27EE MATHEMATICAL LEFT FLATTENED PARENTHESIS; U+2212 MINUS SIGN; U+27EF MATHEMATICAL RIGHT FLATTENED PARENTHESIS
markrogoyski__math-php,markrogoyski__math-php/src/Statistics/RandomVariable.php,69,other,False,production,T_VARIABLE,6,xᵢ,78e1b5a2,2,True,True,True,,True,Latin,False,False,,False,False,
markrogoyski__math-php,markrogoyski__math-php/src/Statistics/RandomVariable.php,107,other,False,production,T_VARIABLE,4,μ₃,cebce28283,2,True,False,False,,True,"Greek,Other",False,True,,False,False,U+2083 SUBSCRIPT THREE
markrogoyski__math-php,markrogoyski__math-php/src/Statistics/RandomVariable.php,108,other,False,production,T_VARIABLE,4,μ₂,cebce28282,2,True,False,False,,True,"Greek,Other",False,True,,False,False,U+2082 SUBSCRIPT TWO
markrogoyski__math-php,markrogoyski__math-php/src/Statistics/RandomVariable.php,110,other,False,production,T_VARIABLE,6,μ₂³′²,cebce28282c2b3e280b2c2b2,5,True,False,False,,True,"Greek,Other",False,True,,False,False,U+2082 SUBSCRIPT TWO; U+00B3 SUPERSCRIPT THREE; U+2032 PRIME; U+00B2 SUPERSCRIPT TWO
markrogoyski__math-php,markrogoyski__math-php/src/Statistics/RandomVariable.php,156,other,False,production,T_VARIABLE,2,√⟮n⟮n−1⟯⟯,e2889ae29fae6ee29fae6ee2889231e29fafe29faf,9,True,False,False,,True,"Common,Latin,Other",False,True,,False,False,U+221A SQUARE ROOT; U+27EE MATHEMATICAL LEFT FLATTENED PARENTHESIS; U+27EE MATHEMATICAL LEFT FLATTENED PARENTHESIS; U+2212 MINUS SIGN; U+27EF MATHEMATICAL RIGHT FLATTENED PARENTHESIS; U+27EF MATHEMATICAL RIGHT FLATTENED PARENTHESIS
markrogoyski__math-php,markrogoyski__math-php/src/Statistics/RandomVariable.php,190,other,False,production,T_VARIABLE,2,∑⟮xᵢ−μ⟯³,e28891e29fae78e1b5a2e28892cebce29fafc2b3,8,True,False,False,,True,"Greek,Latin,Other",True,True,,False,False,U+2211 N-ARY SUMMATION; U+27EE MATHEMATICAL LEFT FLATTENED PARENTHESIS; U+2212 MINUS SIGN; U+27EF MATHEMATICAL RIGHT FLATTENED PARENTHESIS; U+00B3 SUPERSCRIPT THREE
markrogoyski__math-php,markrogoyski__math-php/src/Statistics/RandomVariable.php,196,other,False,production,T_VARIABLE,2,σ³,cf83c2b3,2,True,False,False,,True,"Greek,Other",False,True,,False,False,U+00B3 SUPERSCRIPT THREE
markrogoyski__math-php,markrogoyski__math-php/src/Statistics/RandomVariable.php,198,other,False,production,T_VARIABLE,3,⟮σ³×⟮N−1⟯⟯,e29faecf83c2b3c397e29fae4ee2889231e29fafe29faf,10,True,False,False,,True,"Common,Greek,Latin,Other",True,True,,False,False,U+27EE MATHEMATICAL LEFT FLATTENED PARENTHESIS; U+00B3 SUPERSCRIPT THREE; U+00D7 MULTIPLICATION SIGN; U+27EE MATHEMATICAL LEFT FLATTENED PARENTHESIS; U+2212 MINUS SIGN; U+27EF MATHEMATICAL RIGHT FLATTENED PARENTHESIS; U+27EF MATHEMATICAL RIGHT FLATTENED PARENTHESIS
markrogoyski__math-php,markrogoyski__math-php/src/Statistics/RandomVariable.php,263,other,False,production,T_VARIABLE,2,６n⟮n−1⟯,efbc966ee29fae6ee2889231e29faf,7,True,False,False,,True,"Common,Latin,Other",False,True,,False,False,U+FF16 FULLWIDTH DIGIT SIX; U+27EE MATHEMATICAL LEFT FLATTENED PARENTHESIS; U+2212 MINUS SIGN; U+27EF MATHEMATICAL RIGHT FLATTENED PARENTHESIS
markrogoyski__math-php,markrogoyski__math-php/src/Statistics/RandomVariable.php,264,other,False,production,T_VARIABLE,2,⟮n−2⟯⟮n＋1⟯⟮n＋3⟯,e29fae6ee2889232e29fafe29fae6eefbc8b31e29fafe29fae6eefbc8b33e29faf,15,True,False,False,,True,"Common,Latin,Other",False,True,,False,False,U+27EE MATHEMATICAL LEFT FLATTENED PARENTHESIS; U+2212 MINUS SIGN; U+27EF MATHEMATICAL RIGHT FLATTENED PARENTHESIS; U+27EE MATHEMATICAL LEFT FLATTENED PARENTHESIS; U+FF0B FULLWIDTH PLUS SIGN; U+27EF MATHEMATICAL RIGHT FLATTENED PARENTHESIS; U+27EE MATHEMATICAL LEFT FLATTENED PARENTHESIS; U+FF0B FULLWIDTH PLUS SIGN; U+27EF MATHEMATICAL RIGHT FLATTENED PARENTHESIS
markrogoyski__math-php,markrogoyski__math-php/src/Statistics/RandomVariable.php,295,other,False,production,T_VARIABLE,2,μ₄,cebce28284,2,True,False,False,,True,"Greek,Other",False,True,,False,False,U+2084 SUBSCRIPT FOUR
markrogoyski__math-php,markrogoyski__math-php/src/Statistics/RandomVariable.php,296,other,False,production,T_VARIABLE,3,μ₂²,cebce28282c2b2,3,True,False,False,,True,"Greek,Other",False,True,,False,False,U+2082 SUBSCRIPT TWO; U+00B2 SUPERSCRIPT TWO
markrogoyski__math-php,markrogoyski__math-php/src/Statistics/RandomVariable.php,334,other,False,production,T_VARIABLE,2,g₂,67e28282,2,True,False,False,,True,"Latin,Other",False,True,,False,False,U+2082 SUBSCRIPT TWO
markrogoyski__math-php,markrogoyski__math-php/src/Statistics/RandomVariable.php,337,other,False,production,T_VARIABLE,2,⟮n＋1⟯g₂＋6,e29fae6eefbc8b31e29faf67e28282efbc8b36,9,True,False,False,,True,"Common,Latin,Other",False,True,,False,False,U+27EE MATHEMATICAL LEFT FLATTENED PARENTHESIS; U+FF0B FULLWIDTH PLUS SIGN; U+27EF MATHEMATICAL RIGHT FLATTENED PARENTHESIS; U+2082 SUBSCRIPT TWO; U+FF0B FULLWIDTH PLUS SIGN
markrogoyski__math-php,markrogoyski__math-php/src/Statistics/RandomVariable.php,446,other,False,production,T_VARIABLE,2,２⟮SES⟯,efbc92e29fae534553e29faf,6,True,False,False,,True,"Common,Latin,Other",False,True,,False,False,U+FF12 FULLWIDTH DIGIT TWO; U+27EE MATHEMATICAL LEFT FLATTENED PARENTHESIS; U+27EF MATHEMATICAL RIGHT FLATTENED PARENTHESIS
markrogoyski__math-php,markrogoyski__math-php/src/Statistics/RandomVariable.php,447,other,False,production,T_VARIABLE,2,⟮n²−1⟯,e29fae6ec2b2e2889231e29faf,6,True,False,False,,True,"Common,Latin,Other",False,True,,False,False,U+27EE MATHEMATICAL LEFT FLATTENED PARENTHESIS; U+00B2 SUPERSCRIPT TWO; U+2212 MINUS SIGN; U+27EF MATHEMATICAL RIGHT FLATTENED PARENTHESIS
markrogoyski__math-php,markrogoyski__math-php/src/Statistics/RandomVariable.php,448,other,False,production,T_VARIABLE,2,⟮n−3⟯⟮n＋5⟯,e29fae6ee2889233e29fafe29fae6eefbc8b35e29faf,10,True,False,False,,True,"Common,Latin,Other",False,True,,False,False,U+27EE MATHEMATICAL LEFT FLATTENED PARENTHESIS; U+2212 MINUS SIGN; U+27EF MATHEMATICAL RIGHT FLATTENED PARENTHESIS; U+27EE MATHEMATICAL LEFT FLATTENED PARENTHESIS; U+FF0B FULLWIDTH PLUS SIGN; U+27EF MATHEMATICAL RIGHT FLATTENED PARENTHESIS
markrogoyski__math-php,markrogoyski__math-php/src/Statistics/RandomVariable.php,479,other,False,production,T_VARIABLE,2,√n,e2889a6e,2,True,False,False,,True,"Latin,Other",False,True,,False,False,U+221A SQUARE ROOT
markrogoyski__math-php,markrogoyski__math-php/src/Statistics/RandomVariable.php,524,other,False,production,T_VARIABLE,2,σ,cf83,1,True,True,True,,True,Greek,False,False,,False,False,
markrogoyski__math-php,markrogoyski__math-php/src/Statistics/RandomVariable.php,561,other,False,production,T_VARIABLE,2,∑⟮xᵢ⟯²,e28891e29fae78e1b5a2e29fafc2b2,6,True,False,False,,True,"Latin,Other",False,True,,False,False,U+2211 N-ARY SUMMATION; U+27EE MATHEMATICAL LEFT FLATTENED PARENTHESIS; U+27EF MATHEMATICAL RIGHT FLATTENED PARENTHESIS; U+00B2 SUPERSCRIPT TWO
markrogoyski__math-php,markrogoyski__math-php/src/Statistics/RandomVariable.php,584,other,False,production,T_VARIABLE,2,∑⟮xᵢ−μ⟯²,e28891e29fae78e1b5a2e28892cebce29fafc2b2,8,True,False,False,,True,"Greek,Latin,Other",True,True,,False,False,U+2211 N-ARY SUMMATION; U+27EE MATHEMATICAL LEFT FLATTENED PARENTHESIS; U+2212 MINUS SIGN; U+27EF MATHEMATICAL RIGHT FLATTENED PARENTHESIS; U+00B2 SUPERSCRIPT TWO
markrogoyski__math-php,markrogoyski__math-php/src/Statistics/Circular.php,26,other,False,production,T_VARIABLE,2,∑sinαⱼ,e2889173696eceb1e2b1bc,6,True,False,False,,True,"Greek,Latin,Other",True,True,,False,False,U+2211 N-ARY SUMMATION
markrogoyski__math-php,markrogoyski__math-php/src/Statistics/Circular.php,27,other,False,production,T_VARIABLE,4,αⱼ,ceb1e2b1bc,2,True,True,True,,True,"Greek,Latin",True,True,,False,False,
markrogoyski__math-php,markrogoyski__math-php/src/Statistics/Circular.php,32,other,False,production,T_VARIABLE,2,∑cosαⱼ,e28891636f73ceb1e2b1bc,6,True,False,False,,True,"Greek,Latin,Other",True,True,,False,False,U+2211 N-ARY SUMMATION
markrogoyski__math-php,markrogoyski__math-php/src/Statistics/Circular.php,59,other,False,production,T_VARIABLE,4,θᵢ,ceb8e1b5a2,2,True,True,True,,True,"Greek,Latin",True,True,,False,False,
markrogoyski__math-php,markrogoyski__math-php/src/Statistics/Circular.php,71,other,False,production,T_VARIABLE,2,S²,53c2b2,2,True,False,False,,True,"Latin,Other",False,True,,False,False,U+00B2 SUPERSCRIPT TWO
markrogoyski__math-php,markrogoyski__math-php/src/Statistics/Circular.php,72,other,False,production,T_VARIABLE,2,C²,43c2b2,2,True,False,False,,True,"Latin,Other",False,True,,False,False,U+00B2 SUPERSCRIPT TWO
markrogoyski__math-php,markrogoyski__math-php/src/Statistics/Circular.php,73,other,False,production,T_VARIABLE,2,R²,52c2b2,2,True,False,False,,True,"Latin,Other",False,True,,False,False,U+00B2 SUPERSCRIPT TWO
markrogoyski__math-php,markrogoyski__math-php/src/Statistics/Circular.php,104,other,False,production,T_VARIABLE,6,ρ,cf81,1,True,True,True,,True,Greek,False,False,p,False,False,
markrogoyski__math-php,markrogoyski__math-php/src/Statistics/Circular.php,148,other,False,production,T_VARIABLE,2,√⟮−2ln⟮R⟯⟯,e2889ae29faee28892326c6ee29fae52e29fafe29faf,10,True,False,False,,True,"Common,Latin,Other",False,True,,False,False,U+221A SQUARE ROOT; U+27EE MATHEMATICAL LEFT FLATTENED PARENTHESIS; U+2212 MINUS SIGN; U+27EE MATHEMATICAL LEFT FLATTENED PARENTHESIS; U+27EF MATHEMATICAL RIGHT FLATTENED PARENTHESIS; U+27EF MATHEMATICAL RIGHT FLATTENED PARENTHESIS
markrogoyski__math-php,markrogoyski__math-php/src/Statistics/Distance.php,74,other,False,production,T_VARIABLE,2,BC⟮p、q⟯,4243e29fae70e3808171e29faf,7,True,False,False,,True,"Latin,Other",False,True,,False,False,U+27EE MATHEMATICAL LEFT FLATTENED PARENTHESIS; U+3001 IDEOGRAPHIC COMMA; U+27EF MATHEMATICAL RIGHT FLATTENED PARENTHESIS
markrogoyski__math-php,markrogoyski__math-php/src/Statistics/Distance.php,110,other,False,production,T_VARIABLE,7,pᵢ,70e1b5a2,2,True,True,True,,True,Latin,False,False,,False,False,
markrogoyski__math-php,markrogoyski__math-php/src/Statistics/Distance.php,116,other,False,production,T_VARIABLE,7,qᵢ,71e1b5a2,2,True,True,True,,True,Latin,False,False,,False,False,
markrogoyski__math-php,markrogoyski__math-php/src/Statistics/Distance.php,123,other,False,production,T_VARIABLE,2,√∑⟮√pᵢ − √qᵢ⟯²,e2889ae28891e29faee2889a70e1b5a2c2a0e28892c2a0e2889a71e1b5a2e29fafc2b2,14,True,False,False,U+00A0 NO-BREAK SPACE; U+00A0 NO-BREAK SPACE,True,"Common,Latin,Other",False,True,,False,False,U+221A SQUARE ROOT; U+2211 N-ARY SUMMATION; U+27EE MATHEMATICAL LEFT FLATTENED PARENTHESIS; U+221A SQUARE ROOT; U+00A0 NO-BREAK SPACE; U+2212 MINUS SIGN; U+00A0 NO-BREAK SPACE; U+221A SQUARE ROOT; U+27EF MATHEMATICAL RIGHT FLATTENED PARENTHESIS; U+00B2 SUPERSCRIPT TWO
markrogoyski__math-php,markrogoyski__math-php/src/Statistics/Distance.php,211,other,False,production,T_VARIABLE,2,S⁻¹,53e281bbc2b9,3,True,False,False,,True,"Latin,Other",False,True,,False,False,U+207B SUPERSCRIPT MINUS; U+00B9 SUPERSCRIPT ONE
markrogoyski__math-php,markrogoyski__math-php/src/Statistics/Distance.php,242,other,False,production,T_VARIABLE,2,∑｜xᵢ − yᵢ⟯ᵖ,e28891efbd9c78e1b5a2c2a0e28892c2a079e1b5a2e29fafe1b596,11,True,False,False,U+00A0 NO-BREAK SPACE; U+00A0 NO-BREAK SPACE,True,"Common,Latin,Other",False,True,,False,False,U+2211 N-ARY SUMMATION; U+FF5C FULLWIDTH VERTICAL LINE; U+00A0 NO-BREAK SPACE; U+2212 MINUS SIGN; U+00A0 NO-BREAK SPACE; U+27EF MATHEMATICAL RIGHT FLATTENED PARENTHESIS
markrogoyski__math-php,markrogoyski__math-php/src/Statistics/Distance.php,332,other,False,production,T_VARIABLE,2,A⋅B,41e28b8542,3,True,False,False,,True,"Latin,Other",False,True,,False,False,U+22C5 DOT OPERATOR
markrogoyski__math-php,markrogoyski__math-php/src/Statistics/Distance.php,333,other,False,production,T_VARIABLE,2,‖A‖₂⋅‖B‖₂,e2809641e28096e28282e28b85e2809642e28096e28282,9,True,False,False,,True,"Latin,Other",False,True,,False,False,U+2016 DOUBLE VERTICAL LINE; U+2016 DOUBLE VERTICAL LINE; U+2082 SUBSCRIPT TWO; U+22C5 DOT OPERATOR; U+2016 DOUBLE VERTICAL LINE; U+2016 DOUBLE VERTICAL LINE; U+2082 SUBSCRIPT TWO
markrogoyski__math-php,markrogoyski__math-php/src/Statistics/Distance.php,393,other,False,production,T_VARIABLE,2,∑｜uᵢ − vᵢ｜,e28891efbd9c75e1b5a2c2a0e28892c2a076e1b5a2efbd9c,10,True,False,False,U+00A0 NO-BREAK SPACE; U+00A0 NO-BREAK SPACE,True,"Common,Latin,Other",False,True,,False,False,U+2211 N-ARY SUMMATION; U+FF5C FULLWIDTH VERTICAL LINE; U+00A0 NO-BREAK SPACE; U+2212 MINUS SIGN; U+00A0 NO-BREAK SPACE; U+FF5C FULLWIDTH VERTICAL LINE
markrogoyski__math-php,markrogoyski__math-php/src/Statistics/Distance.php,394,other,False,production,T_VARIABLE,4,uᵢ,75e1b5a2,2,True,True,True,,True,Latin,False,False,,False,False,
markrogoyski__math-php,markrogoyski__math-php/src/Statistics/Distance.php,394,other,False,production,T_VARIABLE,4,vᵢ,76e1b5a2,2,True,True,True,,True,Latin,False,False,,False,False,
markrogoyski__math-php,markrogoyski__math-php/src/Statistics/Distance.php,400,other,False,production,T_VARIABLE,3,∑｜uᵢ ＋ vᵢ｜,e28891efbd9c75e1b5a2c2a0efbc8bc2a076e1b5a2efbd9c,10,True,False,False,U+00A0 NO-BREAK SPACE; U+00A0 NO-BREAK SPACE,True,"Common,Latin,Other",False,True,,False,False,U+2211 N-ARY SUMMATION; U+FF5C FULLWIDTH VERTICAL LINE; U+00A0 NO-BREAK SPACE; U+FF0B FULLWIDTH PLUS SIGN; U+00A0 NO-BREAK SPACE; U+FF5C FULLWIDTH VERTICAL LINE
markrogoyski__math-php,markrogoyski__math-php/src/Statistics/Distance.php,444,other,False,production,T_VARIABLE,2,｜p − q｜,efbd9c70c2a0e28892c2a071efbd9c,7,True,False,False,U+00A0 NO-BREAK SPACE; U+00A0 NO-BREAK SPACE,True,"Common,Latin,Other",False,True,,False,False,U+FF5C FULLWIDTH VERTICAL LINE; U+00A0 NO-BREAK SPACE; U+2212 MINUS SIGN; U+00A0 NO-BREAK SPACE; U+FF5C FULLWIDTH VERTICAL LINE
markrogoyski__math-php,markrogoyski__math-php/src/Statistics/Distance.php,452,other,False,production,T_VARIABLE,2,｜p｜ ＋ ｜q｜,efbd9c70efbd9cc2a0efbc8bc2a0efbd9c71efbd9c,9,True,False,False,U+00A0 NO-BREAK SPACE; U+00A0 NO-BREAK SPACE,True,"Common,Latin,Other",False,True,,False,False,U+FF5C FULLWIDTH VERTICAL LINE; U+FF5C FULLWIDTH VERTICAL LINE; U+00A0 NO-BREAK SPACE; U+FF0B FULLWIDTH PLUS SIGN; U+00A0 NO-BREAK SPACE; U+FF5C FULLWIDTH VERTICAL LINE; U+FF5C FULLWIDTH VERTICAL LINE
markrogoyski__math-php,markrogoyski__math-php/src/Statistics/Distance.php,465,other,False,production,T_VARIABLE,2,｜pᵢ − qᵢ｜,efbd9c70e1b5a2c2a0e28892c2a071e1b5a2efbd9c,9,True,False,False,U+00A0 NO-BREAK SPACE; U+00A0 NO-BREAK SPACE,True,"Common,Latin,Other",False,True,,False,False,U+FF5C FULLWIDTH VERTICAL LINE; U+00A0 NO-BREAK SPACE; U+2212 MINUS SIGN; U+00A0 NO-BREAK SPACE; U+FF5C FULLWIDTH VERTICAL LINE
markrogoyski__math-php,markrogoyski__math-php/src/Statistics/Distance.php,465,other,False,production,T_VARIABLE,3,｜pᵢ｜ ＋ ｜qᵢ｜,efbd9c70e1b5a2efbd9cc2a0efbc8bc2a0efbd9c71e1b5a2efbd9c,11,True,False,False,U+00A0 NO-BREAK SPACE; U+00A0 NO-BREAK SPACE,True,"Common,Latin,Other",False,True,,False,False,U+FF5C FULLWIDTH VERTICAL LINE; U+FF5C FULLWIDTH VERTICAL LINE; U+00A0 NO-BREAK SPACE; U+FF0B FULLWIDTH PLUS SIGN; U+00A0 NO-BREAK SPACE; U+FF5C FULLWIDTH VERTICAL LINE; U+FF5C FULLWIDTH VERTICAL LINE
markrogoyski__math-php,markrogoyski__math-php/src/Statistics/Distance.php,498,other,False,production,T_VARIABLE,2,xᵢ,78e1b5a2,2,True,True,True,,True,Latin,False,False,,False,False,
markrogoyski__math-php,markrogoyski__math-php/src/Statistics/Distance.php,498,other,False,production,T_VARIABLE,2,yᵢ,79e1b5a2,2,True,True,True,,True,Latin,False,False,,False,False,
markrogoyski__math-php,markrogoyski__math-php/src/Statistics/Significance.php,43,other,False,production,T_VARIABLE,13,Hₐ,48e28290,2,True,True,True,,True,Latin,False,False,,False,False,
markrogoyski__math-php,markrogoyski__math-php/src/Statistics/Significance.php,43,other,False,production,T_VARIABLE,12,H₀,48e28280,2,True,False,False,,True,"Latin,Other",False,True,,False,False,U+2080 SUBSCRIPT ZERO
markrogoyski__math-php,markrogoyski__math-php/src/Statistics/Significance.php,43,other,False,production,T_VARIABLE,10,σ,cf83,1,True,True,True,,True,Greek,False,False,,False,False,
markrogoyski__math-php,markrogoyski__math-php/src/Statistics/Significance.php,144,other,False,production,T_VARIABLE,7,μ₁,cebce28281,2,True,False,False,,True,"Greek,Other",False,True,,False,False,U+2081 SUBSCRIPT ONE
markrogoyski__math-php,markrogoyski__math-php/src/Statistics/Significance.php,144,other,False,production,T_VARIABLE,7,μ₂,cebce28282,2,True,False,False,,True,"Greek,Other",False,True,,False,False,U+2082 SUBSCRIPT TWO
markrogoyski__math-php,markrogoyski__math-php/src/Statistics/Significance.php,144,other,False,production,T_VARIABLE,9,n₁,6ee28281,2,True,False,False,,True,"Latin,Other",False,True,,False,False,U+2081 SUBSCRIPT ONE
markrogoyski__math-php,markrogoyski__math-php/src/Statistics/Significance.php,144,other,False,production,T_VARIABLE,9,n₂,6ee28282,2,True,False,False,,True,"Latin,Other",False,True,,False,False,U+2082 SUBSCRIPT TWO
markrogoyski__math-php,markrogoyski__math-php/src/Statistics/Significance.php,144,other,False,production,T_VARIABLE,10,σ₁,cf83e28281,2,True,False,False,,True,"Greek,Other",False,True,,False,False,U+2081 SUBSCRIPT ONE
markrogoyski__math-php,markrogoyski__math-php/src/Statistics/Significance.php,144,other,False,production,T_VARIABLE,10,σ₂,cf83e28282,2,True,False,False,,True,"Greek,Other",False,True,,False,False,U+2082 SUBSCRIPT TWO
markrogoyski__math-php,markrogoyski__math-php/src/Statistics/Significance.php,144,other,False,production,T_VARIABLE,2,Δ,ce94,1,True,True,True,,True,Greek,False,False,,True,False,
markrogoyski__math-php,markrogoyski__math-php/src/Statistics/Significance.php,176,other,False,production,T_VARIABLE,2,μ,cebc,1,True,True,True,,True,Greek,False,False,,False,False,
markrogoyski__math-php,markrogoyski__math-php/src/Statistics/Significance.php,313,other,False,production,T_VARIABLE,6,ν,cebd,1,True,True,True,,True,Greek,False,False,v,False,False,
markrogoyski__math-php,markrogoyski__math-php/src/Statistics/Significance.php,393,other,False,production,T_VARIABLE,4,x₁,78e28281,2,True,False,False,,True,"Latin,Other",False,True,,False,False,U+2081 SUBSCRIPT ONE
markrogoyski__math-php,markrogoyski__math-php/src/Statistics/Significance.php,393,other,False,production,T_VARIABLE,4,x₂,78e28282,2,True,False,False,,True,"Latin,Other",False,True,,False,False,U+2082 SUBSCRIPT TWO
markrogoyski__math-php,markrogoyski__math-php/src/Statistics/Significance.php,558,other,False,production,T_VARIABLE,4,χ²,cf87c2b2,2,True,False,False,,True,"Greek,Other",False,True,,False,False,U+00B2 SUPERSCRIPT TWO
markrogoyski__math-php,markrogoyski__math-php/src/Statistics/KernelDensityEstimation.php,102,other,False,production,T_VARIABLE,2,４σ⁵,efbc94cf83e281b5,3,True,False,False,,True,"Common,Greek,Other",False,True,,False,False,U+FF14 FULLWIDTH DIGIT FOUR; U+2075 SUPERSCRIPT FIVE
markrogoyski__math-php,markrogoyski__math-php/src/Statistics/KernelDensityEstimation.php,103,other,False,production,T_VARIABLE,2,３n,efbc936e,2,True,False,False,,True,"Common,Latin",False,False,,False,False,U+FF13 FULLWIDTH DIGIT THREE
markrogoyski__math-php,markrogoyski__math-php/src/Statistics/KernelDensityEstimation.php,104,other,False,production,T_VARIABLE,2,⅕,e28595,1,True,False,False,,True,Other,False,False,,False,False,U+2155 VULGAR FRACTION ONE FIFTH
markrogoyski__math-php,markrogoyski__math-php/src/Statistics/KernelDensityEstimation.php,154,other,False,production,T_VARIABLE,3,μ,cebc,1,True,True,True,,True,Greek,False,False,,False,False,
markrogoyski__math-php,markrogoyski__math-php/src/Statistics/KernelDensityEstimation.php,155,other,False,production,T_VARIABLE,3,σ,cf83,1,True,True,True,,True,Greek,False,False,,False,False,
markrogoyski__math-php,markrogoyski__math-php/src/Statistics/KernelDensityEstimation.php,220,other,False,production,T_VARIABLE,2,xᵢ,78e1b5a2,2,True,True,True,,True,Latin,False,False,,False,False,
markrogoyski__math-php,markrogoyski__math-php/src/Statistics/Multivariate/PCA.php,202,other,False,production,T_VARIABLE,2,R²value,52c2b276616c7565,7,True,False,False,,True,"Latin,Other",False,True,,False,False,U+00B2 SUPERSCRIPT TWO
markrogoyski__math-php,markrogoyski__math-php/src/Statistics/Multivariate/PCA.php,234,other,False,production,T_VARIABLE,6,X′,58e280b2,2,True,False,False,,True,"Latin,Other",False,True,,False,False,U+2032 PRIME
markrogoyski__math-php,markrogoyski__math-php/src/Statistics/Multivariate/PCA.php,239,other,False,production,T_VARIABLE,8,P′,50e280b2,2,True,False,False,,True,"Latin,Other",False,True,,False,False,U+2032 PRIME
markrogoyski__math-php,markrogoyski__math-php/src/Statistics/Multivariate/PCA.php,248,other,False,production,T_VARIABLE,2,Qᵢ,51e1b5a2,2,True,True,True,,True,Latin,False,False,,False,False,
markrogoyski__math-php,markrogoyski__math-php/src/Statistics/Multivariate/PCA.php,284,other,False,production,T_VARIABLE,4,Λⱼ⁻¹,ce9be2b1bce281bbc2b9,4,True,False,False,,True,"Greek,Latin,Other",True,True,,True,False,U+207B SUPERSCRIPT MINUS; U+00B9 SUPERSCRIPT ONE
markrogoyski__math-php,markrogoyski__math-php/src/Statistics/Multivariate/PCA.php,286,other,False,production,T_VARIABLE,4,T²,54c2b2,2,True,False,False,,True,"Latin,Other",False,True,,False,False,U+00B2 SUPERSCRIPT TWO
markrogoyski__math-php,markrogoyski__math-php/src/Statistics/Multivariate/PCA.php,294,other,False,production,T_VARIABLE,2,Tᵢ²,54e1b5a2c2b2,3,True,False,False,,True,"Latin,Other",False,True,,False,False,U+00B2 SUPERSCRIPT TWO
markrogoyski__math-php,markrogoyski__math-php/src/Statistics/Multivariate/PCA.php,313,other,False,production,T_VARIABLE,3,T²Critical,54c2b2437269746963616c,10,True,False,False,,True,"Latin,Other",False,True,,False,False,U+00B2 SUPERSCRIPT TWO
markrogoyski__math-php,markrogoyski__math-php/src/Statistics/Regression/Methods/WeightedLeastSquares.php,66,other,False,production,T_VARIABLE,3,Xᵀ,58e1b580,2,True,True,True,,True,"Latin,Other",False,True,,False,False,
markrogoyski__math-php,markrogoyski__math-php/src/Statistics/Regression/Methods/LeastSquares.php,57,other,False,production,T_VARIABLE,13,ν,cebd,1,True,True,True,,True,Greek,False,False,v,False,False,
markrogoyski__math-php,markrogoyski__math-php/src/Statistics/Regression/Methods/LeastSquares.php,60,other,False,production,T_VARIABLE,5,⟮XᵀX⟯⁻¹,e29fae58e1b58058e29fafe281bbc2b9,7,True,False,False,,True,"Latin,Other",False,True,,False,False,U+27EE MATHEMATICAL LEFT FLATTENED PARENTHESIS; U+27EF MATHEMATICAL RIGHT FLATTENED PARENTHESIS; U+207B SUPERSCRIPT MINUS; U+00B9 SUPERSCRIPT ONE
markrogoyski__math-php,markrogoyski__math-php/src/Statistics/Regression/Methods/LeastSquares.php,113,property_or_method,False,production,T_STRING,10,ν,cebd,1,True,True,True,,True,Greek,False,False,v,False,False,
markrogoyski__math-php,markrogoyski__math-php/src/Statistics/Regression/Methods/LeastSquares.php,125,other,False,production,T_VARIABLE,3,Xᵀ,58e1b580,2,True,True,True,,True,"Latin,Other",False,True,,False,False,
markrogoyski__math-php,markrogoyski__math-php/src/Statistics/Regression/Methods/LeastSquares.php,126,property_or_method,False,production,T_STRING,4,⟮XᵀX⟯⁻¹,e29fae58e1b58058e29fafe281bbc2b9,7,True,False,False,,True,"Latin,Other",False,True,,False,False,U+27EE MATHEMATICAL LEFT FLATTENED PARENTHESIS; U+27EF MATHEMATICAL RIGHT FLATTENED PARENTHESIS; U+207B SUPERSCRIPT MINUS; U+00B9 SUPERSCRIPT ONE
markrogoyski__math-php,markrogoyski__math-php/src/Statistics/Regression/Methods/LeastSquares.php,129,other,False,production,T_VARIABLE,3,β_hat,ceb25f686174,5,True,True,True,,True,"Common,Greek,Latin",True,True,,False,False,
markrogoyski__math-php,markrogoyski__math-php/src/Statistics/Regression/Methods/LeastSquares.php,245,other,False,production,T_VARIABLE,2,Ŷ,c5b6,1,True,True,True,,True,Latin,False,False,,True,False,
markrogoyski__math-php,markrogoyski__math-php/src/Statistics/Regression/Methods/LeastSquares.php,247,other,False,production,T_VARIABLE,2,yᵢ,79e1b5a2,2,True,True,True,,True,Latin,False,False,,False,False,
markrogoyski__math-php,markrogoyski__math-php/src/Statistics/Regression/Methods/LeastSquares.php,247,other,False,production,T_VARIABLE,2,ŷᵢ,c5b7e1b5a2,2,True,True,True,,True,Latin,False,False,,False,False,
markrogoyski__math-php,markrogoyski__math-php/src/Statistics/Regression/Methods/LeastSquares.php,301,other,False,production,T_VARIABLE,2,SSᵣ,5353e1b5a3,3,True,True,True,,True,Latin,False,False,,False,False,
markrogoyski__math-php,markrogoyski__math-php/src/Statistics/Regression/Methods/LeastSquares.php,316,other,False,production,T_VARIABLE,2,SSₑ,5353e28291,3,True,True,True,,True,Latin,False,False,,False,False,
markrogoyski__math-php,markrogoyski__math-php/src/Statistics/Regression/Methods/LeastSquares.php,386,other,False,production,T_VARIABLE,6,σ²,cf83c2b2,2,True,False,False,,True,"Greek,Other",False,True,,False,False,U+00B2 SUPERSCRIPT TWO
markrogoyski__math-php,markrogoyski__math-php/src/Statistics/Regression/Methods/LeastSquares.php,458,other,False,production,T_VARIABLE,6,eᵢ,65e1b5a2,2,True,True,True,,True,Latin,False,False,,False,False,
markrogoyski__math-php,markrogoyski__math-php/src/Statistics/Regression/Methods/LeastSquares.php,458,other,False,production,T_VARIABLE,10,hᵢ,68e1b5a2,2,True,True,True,,True,Latin,False,False,,False,False,
markrogoyski__math-php,markrogoyski__math-php/src/Statistics/Regression/Methods/LeastSquares.php,518,other,False,production,T_VARIABLE,3,MSₑ,4d53e28291,3,True,True,True,,True,Latin,False,False,,False,False,
markrogoyski__math-php,markrogoyski__math-php/src/Statistics/Regression/Methods/LeastSquares.php,521,other,False,production,T_VARIABLE,2,MSₑ₍ᵢ₎,4d53e28291e2828de1b5a2e2828e,6,True,False,False,,True,"Latin,Other",False,True,,False,False,U+208D SUBSCRIPT LEFT PARENTHESIS; U+208E SUBSCRIPT RIGHT PARENTHESIS
markrogoyski__math-php,markrogoyski__math-php/src/Statistics/Regression/Methods/LeastSquares.php,531,other,False,production,T_VARIABLE,2,mseᵢ,6d7365e1b5a2,4,True,True,True,,True,Latin,False,False,,False,False,
markrogoyski__math-php,markrogoyski__math-php/src/Statistics/Regression/Methods/LeastSquares.php,540,other,False,production,T_VARIABLE,2,s₍ᵢ₎,73e2828de1b5a2e2828e,4,True,False,False,,True,"Latin,Other",False,True,,False,False,U+208D SUBSCRIPT LEFT PARENTHESIS; U+208E SUBSCRIPT RIGHT PARENTHESIS
markrogoyski__math-php,markrogoyski__math-php/src/Statistics/Regression/Methods/LeastSquares.php,720,other,False,production,T_VARIABLE,2,d₁,64e28281,2,True,False,False,,True,"Latin,Other",False,True,,False,False,U+2081 SUBSCRIPT ONE
markrogoyski__math-php,markrogoyski__math-php/src/Statistics/Regression/Methods/LeastSquares.php,721,other,False,production,T_VARIABLE,2,d₂,64e28282,2,True,False,False,,True,"Latin,Other",False,True,,False,False,U+2082 SUBSCRIPT TWO
markrogoyski__math-php,markrogoyski__math-php/src/Statistics/Regression/LOESS.php,24,other,False,production,T_VARIABLE,8,α,ceb1,1,True,True,True,,True,Greek,False,False,a,False,False,
markrogoyski__math-php,markrogoyski__math-php/src/Statistics/Regression/LOESS.php,30,other,False,production,T_VARIABLE,8,λ,cebb,1,True,True,True,,True,Greek,False,False,,False,False,
markrogoyski__math-php,markrogoyski__math-php/src/Statistics/Regression/LOESS.php,49,property_or_method,False,production,T_STRING,3,α,ceb1,1,True,True,True,,True,Greek,False,False,a,False,False,
markrogoyski__math-php,markrogoyski__math-php/src/Statistics/Regression/LOESS.php,50,property_or_method,False,production,T_STRING,2,λ,cebb,1,True,True,True,,True,Greek,False,False,,False,False,
markrogoyski__math-php,markrogoyski__math-php/src/Statistics/Regression/LOESS.php,85,other,False,production,T_VARIABLE,3,Δx,ce9478,2,True,True,True,,True,"Greek,Latin",True,True,,True,False,
markrogoyski__math-php,markrogoyski__math-php/src/Statistics/Regression/LOESS.php,86,other,False,production,T_VARIABLE,2,αᵗʰΔx,ceb1e1b597cab0ce9478,5,True,True,True,,True,"Greek,Latin,Other",True,True,,True,False,
markrogoyski__math-php,markrogoyski__math-php/src/Statistics/Regression/LineweaverBurk.php,33,other,False,production,T_VARIABLE,2,x’,78e28099,2,True,False,False,,True,"Latin,Other",False,True,,False,False,U+2019 RIGHT SINGLE QUOTATION MARK
markrogoyski__math-php,markrogoyski__math-php/src/Statistics/Regression/LineweaverBurk.php,34,other,False,production,T_VARIABLE,2,y’,79e28099,2,True,False,False,,True,"Latin,Other",False,True,,False,False,U+2019 RIGHT SINGLE QUOTATION MARK
markrogoyski__math-php,markrogoyski__math-php/src/Statistics/Regression/HanesWoolf.php,32,other,False,production,T_VARIABLE,2,y’,79e28099,2,True,False,False,,True,"Latin,Other",False,True,,False,False,U+2019 RIGHT SINGLE QUOTATION MARK
markrogoyski__math-php,markrogoyski__math-php/src/Statistics/Regression/LinearThroughPoint.php,69,other,False,production,T_VARIABLE,2,x’,78e28099,2,True,False,False,,True,"Latin,Other",False,True,,False,False,U+2019 RIGHT SINGLE QUOTATION MARK
markrogoyski__math-php,markrogoyski__math-php/src/Statistics/Regression/LinearThroughPoint.php,70,other,False,production,T_VARIABLE,2,y’,79e28099,2,True,False,False,,True,"Latin,Other",False,True,,False,False,U+2019 RIGHT SINGLE QUOTATION MARK
markrogoyski__math-php,markrogoyski__math-php/src/Statistics/Regression/PowerLaw.php,53,other,False,production,T_VARIABLE,2,x’,78e28099,2,True,False,False,,True,"Latin,Other",False,True,,False,False,U+2019 RIGHT SINGLE QUOTATION MARK
markrogoyski__math-php,markrogoyski__math-php/src/Statistics/Regression/PowerLaw.php,54,other,False,production,T_VARIABLE,2,y’,79e28099,2,True,False,False,,True,"Latin,Other",False,True,,False,False,U+2019 RIGHT SINGLE QUOTATION MARK
markrogoyski__math-php,markrogoyski__math-php/src/Statistics/Outlier.php,64,other,False,production,T_VARIABLE,4,μ,cebc,1,True,True,True,,True,Greek,False,False,,False,False,
markrogoyski__math-php,markrogoyski__math-php/src/Statistics/Outlier.php,65,other,False,production,T_VARIABLE,5,σ,cf83,1,True,True,True,,True,Greek,False,False,,False,False,
markrogoyski__math-php,markrogoyski__math-php/src/Statistics/Outlier.php,73,other,False,production,T_VARIABLE,2,max❘Yᵢ − μ❘,6d6178e29d9859e1b5a2c2a0e28892c2a0cebce29d98,11,True,False,False,U+00A0 NO-BREAK SPACE; U+00A0 NO-BREAK SPACE,True,"Common,Greek,Latin,Other",True,True,,False,False,U+2758 LIGHT VERTICAL BAR; U+00A0 NO-BREAK SPACE; U+2212 MINUS SIGN; U+00A0 NO-BREAK SPACE; U+2758 LIGHT VERTICAL BAR
markrogoyski__math-php,markrogoyski__math-php/src/Statistics/Outlier.php,115,other,False,production,T_VARIABLE,3,𝛼,f09d9bbc,1,True,True,True,,True,Other,False,False,,False,False,
markrogoyski__math-php,markrogoyski__math-php/src/Statistics/EffectSize.php,148,other,False,production,T_VARIABLE,7,r₁,72e28281,2,True,False,False,,True,"Latin,Other",False,True,,False,False,U+2081 SUBSCRIPT ONE
markrogoyski__math-php,markrogoyski__math-php/src/Statistics/EffectSize.php,148,other,False,production,T_VARIABLE,7,r₂,72e28282,2,True,False,False,,True,"Latin,Other",False,True,,False,False,U+2082 SUBSCRIPT TWO
markrogoyski__math-php,markrogoyski__math-php/src/Statistics/EffectSize.php,157,other,False,production,T_VARIABLE,3,½,c2bd,1,True,False,False,,True,Other,False,False,,False,False,U+00BD VULGAR FRACTION ONE HALF
markrogoyski__math-php,markrogoyski__math-php/src/Statistics/EffectSize.php,193,other,False,production,T_VARIABLE,6,μ₁,cebce28281,2,True,False,False,,True,"Greek,Other",False,True,,False,False,U+2081 SUBSCRIPT ONE
markrogoyski__math-php,markrogoyski__math-php/src/Statistics/EffectSize.php,193,other,False,production,T_VARIABLE,6,μ₂,cebce28282,2,True,False,False,,True,"Greek,Other",False,True,,False,False,U+2082 SUBSCRIPT TWO
markrogoyski__math-php,markrogoyski__math-php/src/Statistics/EffectSize.php,193,other,False,production,T_VARIABLE,6,s₁,73e28281,2,True,False,False,,True,"Latin,Other",False,True,,False,False,U+2081 SUBSCRIPT ONE
markrogoyski__math-php,markrogoyski__math-php/src/Statistics/EffectSize.php,193,other,False,production,T_VARIABLE,9,s₂,73e28282,2,True,False,False,,True,"Latin,Other",False,True,,False,False,U+2082 SUBSCRIPT TWO
markrogoyski__math-php,markrogoyski__math-php/src/Statistics/EffectSize.php,196,other,False,production,T_VARIABLE,4,s₁²,73e28281c2b2,3,True,False,False,,True,"Latin,Other",False,True,,False,False,U+2081 SUBSCRIPT ONE; U+00B2 SUPERSCRIPT TWO
markrogoyski__math-php,markrogoyski__math-php/src/Statistics/EffectSize.php,197,other,False,production,T_VARIABLE,4,s₂²,73e28282c2b2,3,True,False,False,,True,"Latin,Other",False,True,,False,False,U+2082 SUBSCRIPT TWO; U+00B2 SUPERSCRIPT TWO
markrogoyski__math-php,markrogoyski__math-php/src/Statistics/EffectSize.php,250,other,False,production,T_VARIABLE,5,n₁,6ee28281,2,True,False,False,,True,"Latin,Other",False,True,,False,False,U+2081 SUBSCRIPT ONE
markrogoyski__math-php,markrogoyski__math-php/src/Statistics/EffectSize.php,250,other,False,production,T_VARIABLE,5,n₂,6ee28282,2,True,False,False,,True,"Latin,Other",False,True,,False,False,U+2082 SUBSCRIPT TWO
markrogoyski__math-php,markrogoyski__math-php/src/Statistics/EffectSize.php,261,other,False,production,T_VARIABLE,2,⟮n₁ − 1⟯s₁² ＋ ⟮n₂ − 1⟯s₂²,e29fae6ee28281c2a0e28892c2a031e29faf73e28281c2b2c2a0efbc8bc2a0e29fae6ee28282c2a0e28892c2a031e29faf73e28282c2b2,25,True,False,False,U+00A0 NO-BREAK SPACE; U+00A0 NO-BREAK SPACE; U+00A0 NO-BREAK SPACE; U+00A0 NO-BREAK SPACE; U+00A0 NO-BREAK SPACE; U+00A0 NO-BREAK SPACE,True,"Common,Latin,Other",False,True,,False,False,U+27EE MATHEMATICAL LEFT FLATTENED PARENTHESIS; U+2081 SUBSCRIPT ONE; U+00A0 NO-BREAK SPACE; U+2212 MINUS SIGN; U+00A0 NO-BREAK SPACE; U+27EF MATHEMATICAL RIGHT FLATTENED PARENTHESIS; U+2081 SUBSCRIPT ONE; U+00B2 SUPERSCRIPT TWO; U+00A0 NO-BREAK SPACE; U+FF0B FULLWIDTH PLUS SIGN; U+00A0 NO-BREAK SPACE; U+27EE MATHEMATICAL LEFT FLATTENED PARENTHESIS; U+2082 SUBSCRIPT TWO; U+00A0 NO-BREAK SPACE; U+2212 MINUS SIGN; U+00A0 NO-BREAK SPACE; U+27EF MATHEMATICAL RIGHT FLATTENED PARENTHESIS; U+2082 SUBSCRIPT TWO; U+00B2 SUPERSCRIPT TWO
markrogoyski__math-php,markrogoyski__math-php/src/Statistics/EffectSize.php,262,other,False,production,T_VARIABLE,2,⟮n₁ ＋ n₂ − 2⟯,e29fae6ee28281c2a0efbc8bc2a06ee28282c2a0e28892c2a032e29faf,13,True,False,False,U+00A0 NO-BREAK SPACE; U+00A0 NO-BREAK SPACE; U+00A0 NO-BREAK SPACE; U+00A0 NO-BREAK SPACE,True,"Common,Latin,Other",False,True,,False,False,U+27EE MATHEMATICAL LEFT FLATTENED PARENTHESIS; U+2081 SUBSCRIPT ONE; U+00A0 NO-BREAK SPACE; U+FF0B FULLWIDTH PLUS SIGN; U+00A0 NO-BREAK SPACE; U+2082 SUBSCRIPT TWO; U+00A0 NO-BREAK SPACE; U+2212 MINUS SIGN; U+00A0 NO-BREAK SPACE; U+27EF MATHEMATICAL RIGHT FLATTENED PARENTHESIS
markrogoyski__math-php,markrogoyski__math-php/src/Statistics/EffectSize.php,263,other,False,production,T_VARIABLE,3,s＊,73efbc8a,2,True,False,False,,True,"Latin,Other",False,True,,False,False,U+FF0A FULLWIDTH ASTERISK
markrogoyski__math-php,markrogoyski__math-php/src/Statistics/Distribution.php,231,other,False,production,T_VARIABLE,20,ranking⟮X⟯,72616e6b696e67e29fae58e29faf,10,True,False,False,,True,"Latin,Other",False,True,,False,False,U+27EE MATHEMATICAL LEFT FLATTENED PARENTHESIS; U+27EF MATHEMATICAL RIGHT FLATTENED PARENTHESIS
markrogoyski__math-php,markrogoyski__math-php/src/Statistics/ANOVA.php,156,other,False,production,T_VARIABLE,11,μ,cebc,1,True,True,True,,True,Greek,False,False,,False,False,
markrogoyski__math-php,markrogoyski__math-php/src/Statistics/Divergence.php,66,other,False,production,T_VARIABLE,5,pᵢ,70e1b5a2,2,True,True,True,,True,Latin,False,False,,False,False,
markrogoyski__math-php,markrogoyski__math-php/src/Statistics/Divergence.php,72,other,False,production,T_VARIABLE,5,qᵢ,71e1b5a2,2,True,True,True,,True,Latin,False,False,,False,False,
markrogoyski__math-php,markrogoyski__math-php/src/Statistics/Divergence.php,79,other,False,production,T_VARIABLE,2,Dkl⟮P‖Q⟯,446b6ce29fae50e2809651e29faf,8,True,False,False,,True,"Latin,Other",False,True,,False,False,U+27EE MATHEMATICAL LEFT FLATTENED PARENTHESIS; U+2016 DOUBLE VERTICAL LINE; U+27EF MATHEMATICAL RIGHT FLATTENED PARENTHESIS
markrogoyski__math-php,markrogoyski__math-php/src/Statistics/Divergence.php,142,other,False,production,T_VARIABLE,2,½D⟮P‖M⟯,c2bd44e29fae50e280964de29faf,7,True,False,False,,True,"Latin,Other",False,True,,False,False,U+00BD VULGAR FRACTION ONE HALF; U+27EE MATHEMATICAL LEFT FLATTENED PARENTHESIS; U+2016 DOUBLE VERTICAL LINE; U+27EF MATHEMATICAL RIGHT FLATTENED PARENTHESIS
markrogoyski__math-php,markrogoyski__math-php/src/Statistics/Divergence.php,143,other,False,production,T_VARIABLE,2,½D⟮Q‖M⟯,c2bd44e29fae51e280964de29faf,7,True,False,False,,True,"Latin,Other",False,True,,False,False,U+00BD VULGAR FRACTION ONE HALF; U+27EE MATHEMATICAL LEFT FLATTENED PARENTHESIS; U+2016 DOUBLE VERTICAL LINE; U+27EF MATHEMATICAL RIGHT FLATTENED PARENTHESIS
markrogoyski__math-php,markrogoyski__math-php/src/Statistics/Average.php,66,other,False,production,T_VARIABLE,2,∑⟮xᵢwᵢ⟯,e28891e29fae78e1b5a277e1b5a2e29faf,7,True,False,False,,True,"Latin,Other",False,True,,False,False,U+2211 N-ARY SUMMATION; U+27EE MATHEMATICAL LEFT FLATTENED PARENTHESIS; U+27EF MATHEMATICAL RIGHT FLATTENED PARENTHESIS
markrogoyski__math-php,markrogoyski__math-php/src/Statistics/Average.php,67,other,False,production,T_VARIABLE,2,xᵢ,78e1b5a2,2,True,True,True,,True,Latin,False,False,,False,False,
markrogoyski__math-php,markrogoyski__math-php/src/Statistics/Average.php,67,other,False,production,T_VARIABLE,2,wᵢ,77e1b5a2,2,True,True,True,,True,Latin,False,False,,False,False,
markrogoyski__math-php,markrogoyski__math-php/src/Statistics/Average.php,73,other,False,production,T_VARIABLE,2,∑⟮wᵢ⟯,e28891e29fae77e1b5a2e29faf,5,True,False,False,,True,"Latin,Other",False,True,,False,False,U+2211 N-ARY SUMMATION; U+27EE MATHEMATICAL LEFT FLATTENED PARENTHESIS; U+27EF MATHEMATICAL RIGHT FLATTENED PARENTHESIS
markrogoyski__math-php,markrogoyski__math-php/src/Statistics/Average.php,334,other,False,production,T_VARIABLE,2,∑ln⟮xᵢ⟯,e288916c6ee29fae78e1b5a2e29faf,7,True,False,False,,True,"Latin,Other",False,True,,False,False,U+2211 N-ARY SUMMATION; U+27EE MATHEMATICAL LEFT FLATTENED PARENTHESIS; U+27EF MATHEMATICAL RIGHT FLATTENED PARENTHESIS
markrogoyski__math-php,markrogoyski__math-php/src/Statistics/Average.php,379,other,False,production,T_VARIABLE,2,∑1／xᵢ,e2889131efbc8f78e1b5a2,5,True,False,False,,True,"Common,Latin,Other",False,True,,False,False,U+2211 N-ARY SUMMATION; U+FF0F FULLWIDTH SOLIDUS
markrogoyski__math-php,markrogoyski__math-php/src/Statistics/Average.php,422,other,False,production,T_VARIABLE,2,x₁²＋x₂²＋⋯,78e28281c2b2efbc8b78e28282c2b2efbc8be28baf,9,True,False,False,,True,"Latin,Other",False,True,,False,False,U+2081 SUBSCRIPT ONE; U+00B2 SUPERSCRIPT TWO; U+FF0B FULLWIDTH PLUS SIGN; U+2082 SUBSCRIPT TWO; U+00B2 SUPERSCRIPT TWO; U+FF0B FULLWIDTH PLUS SIGN; U+22EF MIDLINE HORIZONTAL ELLIPSIS
markrogoyski__math-php,markrogoyski__math-php/src/Statistics/Average.php,466,other,False,production,T_VARIABLE,2,Q₁,51e28281,2,True,False,False,,True,"Latin,Other",False,True,,False,False,U+2081 SUBSCRIPT ONE
markrogoyski__math-php,markrogoyski__math-php/src/Statistics/Average.php,467,other,False,production,T_VARIABLE,2,Q₂,51e28282,2,True,False,False,,True,"Latin,Other",False,True,,False,False,U+2082 SUBSCRIPT TWO
markrogoyski__math-php,markrogoyski__math-php/src/Statistics/Average.php,468,other,False,production,T_VARIABLE,2,Q₃,51e28283,2,True,False,False,,True,"Latin,Other",False,True,,False,False,U+2083 SUBSCRIPT THREE
markrogoyski__math-php,markrogoyski__math-php/src/Statistics/Average.php,527,other,False,production,T_VARIABLE,2,∑xᵢ³,e2889178e1b5a2c2b3,4,True,False,False,,True,"Latin,Other",False,True,,False,False,U+2211 N-ARY SUMMATION; U+00B3 SUPERSCRIPT THREE
markrogoyski__math-php,markrogoyski__math-php/src/Statistics/Average.php,618,other,False,production,T_VARIABLE,4,∑xᵢᵖ,e2889178e1b5a2e1b596,4,True,False,False,,True,"Latin,Other",False,True,,False,False,U+2211 N-ARY SUMMATION
markrogoyski__math-php,markrogoyski__math-php/src/Statistics/Average.php,619,other,False,production,T_VARIABLE,2,∑xᵢᵖ⁻¹,e2889178e1b5a2e1b596e281bbc2b9,6,True,False,False,,True,"Latin,Other",False,True,,False,False,U+2211 N-ARY SUMMATION; U+207B SUPERSCRIPT MINUS; U+00B9 SUPERSCRIPT ONE
markrogoyski__math-php,markrogoyski__math-php/src/Statistics/Average.php,791,other,False,production,T_VARIABLE,2,∑w,e2889177,2,True,False,False,,True,"Latin,Other",False,True,,False,False,U+2211 N-ARY SUMMATION
markrogoyski__math-php,markrogoyski__math-php/src/Statistics/Average.php,795,other,False,production,T_VARIABLE,2,∑wp,e288917770,3,True,False,False,,True,"Latin,Other",False,True,,False,False,U+2211 N-ARY SUMMATION
markrogoyski__math-php,markrogoyski__math-php/src/Statistics/Average.php,820,other,False,production,T_VARIABLE,3,α,ceb1,1,True,True,True,,True,Greek,False,False,a,False,False,
markrogoyski__math-php,markrogoyski__math-php/src/Statistics/Average.php,963,other,False,production,T_VARIABLE,2,ℯ,e284af,1,True,True,True,,True,Other,False,False,,False,False,
markrogoyski__math-php,markrogoyski__math-php/src/Statistics/Average.php,964,other,False,production,T_VARIABLE,2,xˣ,78cba3,2,True,True,True,,True,"Latin,Other",False,True,,False,False,
markrogoyski__math-php,markrogoyski__math-php/src/Statistics/Average.php,965,other,False,production,T_VARIABLE,2,yʸ,79cab8,2,True,True,True,,True,"Latin,Other",False,True,,False,False,
markrogoyski__math-php,markrogoyski__math-php/src/Statistics/Descriptive.php,94,other,False,production,T_VARIABLE,3,ν,cebd,1,True,True,True,,True,Greek,False,False,v,False,False,
markrogoyski__math-php,markrogoyski__math-php/src/Statistics/Descriptive.php,103,other,False,production,T_VARIABLE,2,∑⟮xᵢ−μ⟯²,e28891e29fae78e1b5a2e28892cebce29fafc2b2,8,True,False,False,,True,"Greek,Latin,Other",True,True,,False,False,U+2211 N-ARY SUMMATION; U+27EE MATHEMATICAL LEFT FLATTENED PARENTHESIS; U+2212 MINUS SIGN; U+27EF MATHEMATICAL RIGHT FLATTENED PARENTHESIS; U+00B2 SUPERSCRIPT TWO
markrogoyski__math-php,markrogoyski__math-php/src/Statistics/Descriptive.php,196,other,False,production,T_VARIABLE,3,μw,cebc77,2,True,True,True,,True,"Greek,Latin",True,True,,False,False,
markrogoyski__math-php,markrogoyski__math-php/src/Statistics/Descriptive.php,197,other,False,production,T_VARIABLE,2,∑wᵢ⟮xᵢ−μw⟯²,e2889177e1b5a2e29fae78e1b5a2e28892cebc77e29fafc2b2,11,True,False,False,,True,"Greek,Latin,Other",True,True,,False,False,U+2211 N-ARY SUMMATION; U+27EE MATHEMATICAL LEFT FLATTENED PARENTHESIS; U+2212 MINUS SIGN; U+27EF MATHEMATICAL RIGHT FLATTENED PARENTHESIS; U+00B2 SUPERSCRIPT TWO
markrogoyski__math-php,markrogoyski__math-php/src/Statistics/Descriptive.php,198,other,False,production,T_VARIABLE,6,xᵢ,78e1b5a2,2,True,True,True,,True,Latin,False,False,,False,False,
markrogoyski__math-php,markrogoyski__math-php/src/Statistics/Descriptive.php,198,other,False,production,T_VARIABLE,2,wᵢ,77e1b5a2,2,True,True,True,,True,Latin,False,False,,False,False,
markrogoyski__math-php,markrogoyski__math-php/src/Statistics/Descriptive.php,205,other,False,production,T_VARIABLE,2,∑wᵢ,e2889177e1b5a2,3,True,False,False,,True,"Latin,Other",False,True,,False,False,U+2211 N-ARY SUMMATION
markrogoyski__math-php,markrogoyski__math-php/src/Statistics/Descriptive.php,233,other,False,production,T_VARIABLE,4,SD＋,5344efbc8b,3,True,False,False,,True,"Latin,Other",False,True,,False,False,U+FF0B FULLWIDTH PLUS SIGN
markrogoyski__math-php,markrogoyski__math-php/src/Statistics/Descriptive.php,289,other,False,production,T_VARIABLE,2,∑│xᵢ−x│,e28891e2948278e1b5a2e2889278e29482,7,True,False,False,,True,"Latin,Other",False,True,,False,False,U+2211 N-ARY SUMMATION; U+2502 BOX DRAWINGS LIGHT VERTICAL; U+2212 MINUS SIGN; U+2502 BOX DRAWINGS LIGHT VERTICAL
markrogoyski__math-php,markrogoyski__math-php/src/Statistics/Descriptive.php,599,other,False,production,T_VARIABLE,4,⌊x⌋,e28c8a78e28c8b,3,True,False,False,,True,"Latin,Other",False,True,,False,False,U+230A LEFT FLOOR; U+230B RIGHT FLOOR
markrogoyski__math-php,markrogoyski__math-php/src/Statistics/Descriptive.php,600,other,False,production,T_VARIABLE,2,x％1,78efbc8531,3,True,False,False,,True,"Common,Latin,Other",False,True,,False,False,U+FF05 FULLWIDTH PERCENT SIGN
markrogoyski__math-php,markrogoyski__math-php/src/Statistics/Descriptive.php,601,other,False,production,T_VARIABLE,3,νₓ,cebde28293,2,True,True,True,,True,"Greek,Latin",True,True,,False,False,
markrogoyski__math-php,markrogoyski__math-php/src/Statistics/Descriptive.php,602,other,False,production,T_VARIABLE,2,νₓ₊₁,cebde28293e2828ae28281,4,True,False,False,,True,"Greek,Latin,Other",True,True,,False,False,U+208A SUBSCRIPT PLUS SIGN; U+2081 SUBSCRIPT ONE
markrogoyski__math-php,markrogoyski__math-php/src/Statistics/Descriptive.php,652,other,False,production,T_VARIABLE,7,σ,cf83,1,True,True,True,,True,Greek,False,False,,False,False,
markrogoyski__math-php,markrogoyski__math-php/src/Statistics/Descriptive.php,653,other,False,production,T_VARIABLE,9,μ,cebc,1,True,True,True,,True,Greek,False,False,,False,False,
markrogoyski__math-php,markrogoyski__math-php/src/Statistics/Experiment.php,85,other,False,production,T_VARIABLE,3,ln⟮RR⟯,6c6ee29fae5252e29faf,6,True,False,False,,True,"Latin,Other",False,True,,False,False,U+27EE MATHEMATICAL LEFT FLATTENED PARENTHESIS; U+27EF MATHEMATICAL RIGHT FLATTENED PARENTHESIS
markrogoyski__math-php,markrogoyski__math-php/src/Statistics/Experiment.php,86,other,False,production,T_VARIABLE,3,SS｛ln⟮RR⟯｝,5353efbd9b6c6ee29fae5252e29fafefbd9d,10,True,False,False,,True,"Latin,Other",False,True,,False,False,U+FF5B FULLWIDTH LEFT CURLY BRACKET; U+27EE MATHEMATICAL LEFT FLATTENED PARENTHESIS; U+27EF MATHEMATICAL RIGHT FLATTENED PARENTHESIS; U+FF5D FULLWIDTH RIGHT CURLY BRACKET
markrogoyski__math-php,markrogoyski__math-php/src/Statistics/Experiment.php,163,other,False,production,T_VARIABLE,3,ln⟮OR⟯,6c6ee29fae4f52e29faf,6,True,False,False,,True,"Latin,Other",False,True,,False,False,U+27EE MATHEMATICAL LEFT FLATTENED PARENTHESIS; U+27EF MATHEMATICAL RIGHT FLATTENED PARENTHESIS
markrogoyski__math-php,markrogoyski__math-php/src/Statistics/Experiment.php,164,other,False,production,T_VARIABLE,3,SS｛ln⟮OR⟯｝,5353efbd9b6c6ee29fae4f52e29fafefbd9d,10,True,False,False,,True,"Latin,Other",False,True,,False,False,U+FF5B FULLWIDTH LEFT CURLY BRACKET; U+27EE MATHEMATICAL LEFT FLATTENED PARENTHESIS; U+27EF MATHEMATICAL RIGHT FLATTENED PARENTHESIS; U+FF5D FULLWIDTH RIGHT CURLY BRACKET
markrogoyski__math-php,markrogoyski__math-php/src/Statistics/Experiment.php,225,other,False,production,T_VARIABLE,4,LL＋,4c4cefbc8b,3,True,False,False,,True,"Latin,Other",False,True,,False,False,U+FF0B FULLWIDTH PLUS SIGN
markrogoyski__math-php,markrogoyski__math-php/src/Statistics/Experiment.php,228,other,False,production,T_VARIABLE,4,LL−,4c4ce28892,3,True,False,False,,True,"Latin,Other",False,True,,False,False,U+2212 MINUS SIGN
markrogoyski__math-php,markrogoyski__math-php/src/Statistics/Correlation.php,78,other,False,production,T_VARIABLE,6,μₓ,cebce28293,2,True,True,True,,True,"Greek,Latin",True,True,,False,False,
markrogoyski__math-php,markrogoyski__math-php/src/Statistics/Correlation.php,79,other,False,production,T_VARIABLE,6,μy,cebc79,2,True,True,True,,True,"Greek,Latin",True,True,,False,False,
markrogoyski__math-php,markrogoyski__math-php/src/Statistics/Correlation.php,81,other,False,production,T_VARIABLE,2,∑⟮xᵢ − μₓ⟯⟮yᵢ − μy⟯,e28891e29fae78e1b5a2c2a0e28892c2a0cebce28293e29fafe29fae79e1b5a2c2a0e28892c2a0cebc79e29faf,19,True,False,False,U+00A0 NO-BREAK SPACE; U+00A0 NO-BREAK SPACE; U+00A0 NO-BREAK SPACE; U+00A0 NO-BREAK SPACE,True,"Common,Greek,Latin,Other",True,True,,False,False,U+2211 N-ARY SUMMATION; U+27EE MATHEMATICAL LEFT FLATTENED PARENTHESIS; U+00A0 NO-BREAK SPACE; U+2212 MINUS SIGN; U+00A0 NO-BREAK SPACE; U+27EF MATHEMATICAL RIGHT FLATTENED PARENTHESIS; U+27EE MATHEMATICAL LEFT FLATTENED PARENTHESIS; U+00A0 NO-BREAK SPACE; U+2212 MINUS SIGN; U+00A0 NO-BREAK SPACE; U+27EF MATHEMATICAL RIGHT FLATTENED PARENTHESIS
markrogoyski__math-php,markrogoyski__math-php/src/Statistics/Correlation.php,82,other,False,production,T_VARIABLE,6,xᵢ,78e1b5a2,2,True,True,True,,True,Latin,False,False,,False,False,
markrogoyski__math-php,markrogoyski__math-php/src/Statistics/Correlation.php,82,other,False,production,T_VARIABLE,6,yᵢ,79e1b5a2,2,True,True,True,,True,Latin,False,False,,False,False,
markrogoyski__math-php,markrogoyski__math-php/src/Statistics/Correlation.php,127,other,False,production,T_VARIABLE,2,∑⟮xᵢ − x⟯⟮yᵢ − y⟯,e28891e29fae78e1b5a2c2a0e28892c2a078e29fafe29fae79e1b5a2c2a0e28892c2a079e29faf,17,True,False,False,U+00A0 NO-BREAK SPACE; U+00A0 NO-BREAK SPACE; U+00A0 NO-BREAK SPACE; U+00A0 NO-BREAK SPACE,True,"Common,Latin,Other",False,True,,False,False,U+2211 N-ARY SUMMATION; U+27EE MATHEMATICAL LEFT FLATTENED PARENTHESIS; U+00A0 NO-BREAK SPACE; U+2212 MINUS SIGN; U+00A0 NO-BREAK SPACE; U+27EF MATHEMATICAL RIGHT FLATTENED PARENTHESIS; U+27EE MATHEMATICAL LEFT FLATTENED PARENTHESIS; U+00A0 NO-BREAK SPACE; U+2212 MINUS SIGN; U+00A0 NO-BREAK SPACE; U+27EF MATHEMATICAL RIGHT FLATTENED PARENTHESIS
markrogoyski__math-php,markrogoyski__math-php/src/Statistics/Correlation.php,164,other,False,production,T_VARIABLE,2,∑wᵢ⟮xᵢ − μₓ⟯⟮yᵢ − μy⟯,e2889177e1b5a2e29fae78e1b5a2c2a0e28892c2a0cebce28293e29fafe29fae79e1b5a2c2a0e28892c2a0cebc79e29faf,21,True,False,False,U+00A0 NO-BREAK SPACE; U+00A0 NO-BREAK SPACE; U+00A0 NO-BREAK SPACE; U+00A0 NO-BREAK SPACE,True,"Common,Greek,Latin,Other",True,True,,False,False,U+2211 N-ARY SUMMATION; U+27EE MATHEMATICAL LEFT FLATTENED PARENTHESIS; U+00A0 NO-BREAK SPACE; U+2212 MINUS SIGN; U+00A0 NO-BREAK SPACE; U+27EF MATHEMATICAL RIGHT FLATTENED PARENTHESIS; U+27EE MATHEMATICAL LEFT FLATTENED PARENTHESIS; U+00A0 NO-BREAK SPACE; U+2212 MINUS SIGN; U+00A0 NO-BREAK SPACE; U+27EF MATHEMATICAL RIGHT FLATTENED PARENTHESIS
markrogoyski__math-php,markrogoyski__math-php/src/Statistics/Correlation.php,165,other,False,production,T_VARIABLE,2,wᵢ,77e1b5a2,2,True,True,True,,True,Latin,False,False,,False,False,
markrogoyski__math-php,markrogoyski__math-php/src/Statistics/Correlation.php,173,other,False,production,T_VARIABLE,2,∑wᵢ,e2889177e1b5a2,3,True,False,False,,True,"Latin,Other",False,True,,False,False,U+2211 N-ARY SUMMATION
markrogoyski__math-php,markrogoyski__math-php/src/Statistics/Correlation.php,236,other,False,production,T_VARIABLE,2,cov⟮X，Y⟯,636f76e29fae58efbc8c59e29faf,8,True,False,False,,True,"Latin,Other",False,True,,False,False,U+27EE MATHEMATICAL LEFT FLATTENED PARENTHESIS; U+FF0C FULLWIDTH COMMA; U+27EF MATHEMATICAL RIGHT FLATTENED PARENTHESIS
markrogoyski__math-php,markrogoyski__math-php/src/Statistics/Correlation.php,237,other,False,production,T_VARIABLE,4,σx,cf8378,2,True,True,True,,True,"Greek,Latin",True,True,,False,False,
markrogoyski__math-php,markrogoyski__math-php/src/Statistics/Correlation.php,238,other,False,production,T_VARIABLE,4,σy,cf8379,2,True,True,True,,True,"Greek,Latin",True,True,,False,False,
markrogoyski__math-php,markrogoyski__math-php/src/Statistics/Correlation.php,375,other,False,production,T_VARIABLE,2,cov⟮X，Y，w⟯,636f76e29fae58efbc8c59efbc8c77e29faf,10,True,False,False,,True,"Latin,Other",False,True,,False,False,U+27EE MATHEMATICAL LEFT FLATTENED PARENTHESIS; U+FF0C FULLWIDTH COMMA; U+FF0C FULLWIDTH COMMA; U+27EF MATHEMATICAL RIGHT FLATTENED PARENTHESIS
markrogoyski__math-php,markrogoyski__math-php/src/Statistics/Correlation.php,471,other,False,production,T_VARIABLE,3,⟮nc − nd⟯,e29fae6e63c2a0e28892c2a06e64e29faf,9,True,False,False,U+00A0 NO-BREAK SPACE; U+00A0 NO-BREAK SPACE,True,"Common,Latin,Other",False,True,,False,False,U+27EE MATHEMATICAL LEFT FLATTENED PARENTHESIS; U+00A0 NO-BREAK SPACE; U+2212 MINUS SIGN; U+00A0 NO-BREAK SPACE; U+27EF MATHEMATICAL RIGHT FLATTENED PARENTHESIS
markrogoyski__math-php,markrogoyski__math-php/src/Statistics/Correlation.php,519,other,False,production,T_VARIABLE,3,rgᵪ,7267e1b5aa,3,True,True,True,,True,"Greek,Latin",True,True,,False,False,
markrogoyski__math-php,markrogoyski__math-php/src/Statistics/Correlation.php,520,other,False,production,T_VARIABLE,3,rgᵧ,7267e1b5a7,3,True,True,True,,True,"Greek,Latin",True,True,,False,False,
markrogoyski__math-php,markrogoyski__math-php/src/Statistics/Correlation.php,521,other,False,production,T_VARIABLE,2,cov⟮rgᵪ、rgᵧ⟯,636f76e29fae7267e1b5aae380817267e1b5a7e29faf,12,True,False,False,,True,"Greek,Latin,Other",True,True,,False,False,U+27EE MATHEMATICAL LEFT FLATTENED PARENTHESIS; U+3001 IDEOGRAPHIC COMMA; U+27EF MATHEMATICAL RIGHT FLATTENED PARENTHESIS
markrogoyski__math-php,markrogoyski__math-php/src/Statistics/Correlation.php,522,other,False,production,T_VARIABLE,2,σᵣᵪ,cf83e1b5a3e1b5aa,3,True,True,True,,True,"Greek,Latin",True,True,,False,False,
markrogoyski__math-php,markrogoyski__math-php/src/Statistics/Correlation.php,523,other,False,production,T_VARIABLE,2,σᵣᵧ,cf83e1b5a3e1b5a7,3,True,True,True,,True,"Greek,Latin",True,True,,False,False,
markrogoyski__math-php,markrogoyski__math-php/src/Statistics/Correlation.php,585,other,False,production,T_VARIABLE,2,χ²,cf87c2b2,2,True,False,False,,True,"Greek,Other",False,True,,False,False,U+00B2 SUPERSCRIPT TWO
markrogoyski__math-php,markrogoyski__math-php/src/Probability/Combinatorics.php,99,other,False,production,T_VARIABLE,4,n‼︎,6ee280bcefb88e,3,True,False,False,U+FE0E VARIATION SELECTOR-15,True,"Common,Latin,Other",False,True,,False,False,U+203C DOUBLE EXCLAMATION MARK
markrogoyski__math-php,markrogoyski__math-php/src/Probability/Combinatorics.php,198,other,False,production,T_VARIABLE,6,n！,6eefbc81,2,True,False,False,,True,"Latin,Other",False,True,,False,False,U+FF01 FULLWIDTH EXCLAMATION MARK
markrogoyski__math-php,markrogoyski__math-php/src/Probability/Combinatorics.php,199,other,False,production,T_VARIABLE,3,∑,e28891,1,True,False,False,,True,Other,False,False,,False,False,U+2211 N-ARY SUMMATION
markrogoyski__math-php,markrogoyski__math-php/src/Probability/Combinatorics.php,202,other,False,production,T_VARIABLE,2,i！,69efbc81,2,True,False,False,,True,"Latin,Other",False,True,,False,False,U+FF01 FULLWIDTH EXCLAMATION MARK
markrogoyski__math-php,markrogoyski__math-php/src/Probability/Combinatorics.php,340,other,False,production,T_VARIABLE,2,⟮2n⟯！,e29fae326ee29fafefbc81,5,True,False,False,,True,"Common,Latin,Other",False,True,,False,False,U+27EE MATHEMATICAL LEFT FLATTENED PARENTHESIS; U+27EF MATHEMATICAL RIGHT FLATTENED PARENTHESIS; U+FF01 FULLWIDTH EXCLAMATION MARK
markrogoyski__math-php,markrogoyski__math-php/src/Probability/Combinatorics.php,341,other,False,production,T_VARIABLE,2,⟮n！⟯²,e29fae6eefbc81e29fafc2b2,5,True,False,False,,True,"Latin,Other",False,True,,False,False,U+27EE MATHEMATICAL LEFT FLATTENED PARENTHESIS; U+FF01 FULLWIDTH EXCLAMATION MARK; U+27EF MATHEMATICAL RIGHT FLATTENED PARENTHESIS; U+00B2 SUPERSCRIPT TWO
markrogoyski__math-php,markrogoyski__math-php/src/Probability/Combinatorics.php,401,other,False,production,T_VARIABLE,2,k！,6befbc81,2,True,False,False,,True,"Latin,Other",False,True,,False,False,U+FF01 FULLWIDTH EXCLAMATION MARK
markrogoyski__math-php,markrogoyski__math-php/src/Probability/Combinatorics.php,428,other,False,production,T_VARIABLE,2,k₁！k₂！⋯km！,6be28281efbc816be28282efbc81e28baf6b6defbc81,10,True,False,False,,True,"Latin,Other",False,True,,False,False,U+2081 SUBSCRIPT ONE; U+FF01 FULLWIDTH EXCLAMATION MARK; U+2082 SUBSCRIPT TWO; U+FF01 FULLWIDTH EXCLAMATION MARK; U+22EF MIDLINE HORIZONTAL ELLIPSIS; U+FF01 FULLWIDTH EXCLAMATION MARK
markrogoyski__math-php,markrogoyski__math-php/src/Probability/Distribution/Multivariate/Dirichlet.php,35,other,False,production,T_VARIABLE,5,αs,ceb173,2,True,True,True,,True,"Greek,Latin",True,True,as,False,False,
markrogoyski__math-php,markrogoyski__math-php/src/Probability/Distribution/Multivariate/Dirichlet.php,48,property_or_method,False,production,T_STRING,4,αs,ceb173,2,True,True,True,,True,"Greek,Latin",True,True,as,False,False,
markrogoyski__math-php,markrogoyski__math-php/src/Probability/Distribution/Multivariate/Dirichlet.php,82,other,False,production,T_VARIABLE,2,∏xᵢ,e2888f78e1b5a2,3,True,False,False,,True,"Latin,Other",False,True,,False,False,U+220F N-ARY PRODUCT
markrogoyski__math-php,markrogoyski__math-php/src/Probability/Distribution/Multivariate/Dirichlet.php,84,other,False,production,T_VARIABLE,2,xᵢ,78e1b5a2,2,True,True,True,,True,Latin,False,False,,False,False,
markrogoyski__math-php,markrogoyski__math-php/src/Probability/Distribution/Multivariate/Dirichlet.php,84,other,False,production,T_VARIABLE,2,αᵢ,ceb1e1b5a2,2,True,True,True,,True,"Greek,Latin",True,True,,False,False,
markrogoyski__math-php,markrogoyski__math-php/src/Probability/Distribution/Multivariate/Dirichlet.php,92,other,False,production,T_VARIABLE,2,B⟮α⟯,42e29faeceb1e29faf,4,True,False,False,,True,"Greek,Latin,Other",True,True,,False,False,U+27EE MATHEMATICAL LEFT FLATTENED PARENTHESIS; U+27EF MATHEMATICAL RIGHT FLATTENED PARENTHESIS
markrogoyski__math-php,markrogoyski__math-php/src/Probability/Distribution/Multivariate/Normal.php,18,other,False,production,T_VARIABLE,8,μ,cebc,1,True,True,True,,True,Greek,False,False,,False,False,
markrogoyski__math-php,markrogoyski__math-php/src/Probability/Distribution/Multivariate/Normal.php,21,other,False,production,T_VARIABLE,12,∑,e28891,1,True,False,False,,True,Other,False,False,,False,False,U+2211 N-ARY SUMMATION
markrogoyski__math-php,markrogoyski__math-php/src/Probability/Distribution/Multivariate/Normal.php,44,property_or_method,False,production,T_STRING,2,μ,cebc,1,True,True,True,,True,Greek,False,False,,False,False,
markrogoyski__math-php,markrogoyski__math-php/src/Probability/Distribution/Multivariate/Normal.php,45,property_or_method,False,production,T_STRING,2,∑,e28891,1,True,False,False,,True,Other,False,False,,False,False,U+2211 N-ARY SUMMATION
markrogoyski__math-php,markrogoyski__math-php/src/Probability/Distribution/Multivariate/Normal.php,75,other,False,production,T_VARIABLE,2,π,cf80,1,True,True,True,,True,Greek,False,False,,False,False,
markrogoyski__math-php,markrogoyski__math-php/src/Probability/Distribution/Multivariate/Normal.php,76,other,False,production,T_VARIABLE,2,│∑│,e29482e28891e29482,3,True,False,False,,True,Other,False,False,,False,False,U+2502 BOX DRAWINGS LIGHT VERTICAL; U+2211 N-ARY SUMMATION; U+2502 BOX DRAWINGS LIGHT VERTICAL
markrogoyski__math-php,markrogoyski__math-php/src/Probability/Distribution/Multivariate/Normal.php,77,other,False,production,T_VARIABLE,2,√⟮2π⟯ᵏ│∑│,e2889ae29fae32cf80e29fafe1b58fe29482e28891e29482,9,True,False,False,,True,"Common,Greek,Other",False,True,,False,False,U+221A SQUARE ROOT; U+27EE MATHEMATICAL LEFT FLATTENED PARENTHESIS; U+27EF MATHEMATICAL RIGHT FLATTENED PARENTHESIS; U+2502 BOX DRAWINGS LIGHT VERTICAL; U+2211 N-ARY SUMMATION; U+2502 BOX DRAWINGS LIGHT VERTICAL
markrogoyski__math-php,markrogoyski__math-php/src/Probability/Distribution/Multivariate/Normal.php,79,other,False,production,T_VARIABLE,3,Δ,ce94,1,True,True,True,,True,Greek,False,False,,True,False,
markrogoyski__math-php,markrogoyski__math-php/src/Probability/Distribution/Multivariate/Normal.php,80,other,False,production,T_VARIABLE,2,⟮x − μ⟯,e29fae78c2a0e28892c2a0cebce29faf,7,True,False,False,U+00A0 NO-BREAK SPACE; U+00A0 NO-BREAK SPACE,True,"Common,Greek,Latin,Other",True,True,,False,False,U+27EE MATHEMATICAL LEFT FLATTENED PARENTHESIS; U+00A0 NO-BREAK SPACE; U+2212 MINUS SIGN; U+00A0 NO-BREAK SPACE; U+27EF MATHEMATICAL RIGHT FLATTENED PARENTHESIS
markrogoyski__math-php,markrogoyski__math-php/src/Probability/Distribution/Multivariate/Normal.php,82,other,False,production,T_VARIABLE,2,⟮x − μ⟯ᵀ,e29fae78c2a0e28892c2a0cebce29fafe1b580,8,True,False,False,U+00A0 NO-BREAK SPACE; U+00A0 NO-BREAK SPACE,True,"Common,Greek,Latin,Other",True,True,,False,False,U+27EE MATHEMATICAL LEFT FLATTENED PARENTHESIS; U+00A0 NO-BREAK SPACE; U+2212 MINUS SIGN; U+00A0 NO-BREAK SPACE; U+27EF MATHEMATICAL RIGHT FLATTENED PARENTHESIS
markrogoyski__math-php,markrogoyski__math-php/src/Probability/Distribution/Multivariate/Normal.php,83,other,False,production,T_VARIABLE,2,∑⁻¹,e28891e281bbc2b9,3,True,False,False,,True,Other,False,False,,False,False,U+2211 N-ARY SUMMATION; U+207B SUPERSCRIPT MINUS; U+00B9 SUPERSCRIPT ONE
markrogoyski__math-php,markrogoyski__math-php/src/Probability/Distribution/Multivariate/Normal.php,85,other,False,production,T_VARIABLE,2,exp⟮−½⟮x − μ⟯ᵀ∑⁻¹⟮x − μ⟯⟯,657870e29faee28892c2bde29fae78c2a0e28892c2a0cebce29fafe1b580e28891e281bbc2b9e29fae78c2a0e28892c2a0cebce29fafe29faf,25,True,False,False,U+00A0 NO-BREAK SPACE; U+00A0 NO-BREAK SPACE; U+00A0 NO-BREAK SPACE; U+00A0 NO-BREAK SPACE,True,"Common,Greek,Latin,Other",True,True,,False,False,U+27EE MATHEMATICAL LEFT FLATTENED PARENTHESIS; U+2212 MINUS SIGN; U+00BD VULGAR FRACTION ONE HALF; U+27EE MATHEMATICAL LEFT FLATTENED PARENTHESIS; U+00A0 NO-BREAK SPACE; U+2212 MINUS SIGN; U+00A0 NO-BREAK SPACE; U+27EF MATHEMATICAL RIGHT FLATTENED PARENTHESIS; U+2211 N-ARY SUMMATION; U+207B SUPERSCRIPT MINUS; U+00B9 SUPERSCRIPT ONE; U+27EE MATHEMATICAL LEFT FLATTENED PARENTHESIS; U+00A0 NO-BREAK SPACE; U+2212 MINUS SIGN; U+00A0 NO-BREAK SPACE; U+27EF MATHEMATICAL RIGHT FLATTENED PARENTHESIS; U+27EF MATHEMATICAL RIGHT FLATTENED PARENTHESIS
markrogoyski__math-php,markrogoyski__math-php/src/Probability/Distribution/Multivariate/Multinomial.php,64,other,False,production,T_VARIABLE,2,n！,6eefbc81,2,True,False,False,,True,"Latin,Other",False,True,,False,False,U+FF01 FULLWIDTH EXCLAMATION MARK
markrogoyski__math-php,markrogoyski__math-php/src/Probability/Distribution/Multivariate/Multinomial.php,66,other,False,production,T_VARIABLE,2,x₁！⋯xk！,78e28281efbc81e28baf786befbc81,7,True,False,False,,True,"Latin,Other",False,True,,False,False,U+2081 SUBSCRIPT ONE; U+FF01 FULLWIDTH EXCLAMATION MARK; U+22EF MIDLINE HORIZONTAL ELLIPSIS; U+FF01 FULLWIDTH EXCLAMATION MARK
markrogoyski__math-php,markrogoyski__math-php/src/Probability/Distribution/Multivariate/Multinomial.php,71,other,False,production,T_VARIABLE,2,p₁ˣ¹⋯pkˣᵏ,70e28281cba3c2b9e28baf706bcba3e1b58f,9,True,False,False,,True,"Latin,Other",False,True,,False,False,U+2081 SUBSCRIPT ONE; U+00B9 SUPERSCRIPT ONE; U+22EF MIDLINE HORIZONTAL ELLIPSIS
markrogoyski__math-php,markrogoyski__math-php/src/Probability/Distribution/Table/TDistribution.php,212,other,False,production,T_VARIABLE,20,ν,cebd,1,True,True,True,,True,Greek,False,False,v,False,False,
markrogoyski__math-php,markrogoyski__math-php/src/Probability/Distribution/Table/TDistribution.php,254,other,False,production,T_VARIABLE,8,α,ceb1,1,True,True,True,,True,Greek,False,False,a,False,False,
markrogoyski__math-php,markrogoyski__math-php/src/Probability/Distribution/Table/StandardNormal.php,125,other,False,production,T_VARIABLE,2,＋0．0x,efbc8b30efbc8e3078,5,True,False,False,,True,"Common,Latin,Other",False,True,,False,False,U+FF0B FULLWIDTH PLUS SIGN; U+FF0E FULLWIDTH FULL STOP
markrogoyski__math-php,markrogoyski__math-php/src/Probability/Distribution/Continuous/Weibull.php,34,other,False,production,T_VARIABLE,17,λ,cebb,1,True,True,True,,True,Greek,False,False,,False,False,
markrogoyski__math-php,markrogoyski__math-php/src/Probability/Distribution/Continuous/Weibull.php,70,property_or_method,False,production,T_STRING,6,λ,cebb,1,True,True,True,,True,Greek,False,False,,False,False,
markrogoyski__math-php,markrogoyski__math-php/src/Probability/Distribution/Continuous/Weibull.php,72,other,False,production,T_VARIABLE,2,k／λ,6befbc8fcebb,3,True,False,False,,True,"Greek,Latin,Other",True,True,,False,False,U+FF0F FULLWIDTH SOLIDUS
markrogoyski__math-php,markrogoyski__math-php/src/Probability/Distribution/Continuous/Weibull.php,73,other,False,production,T_VARIABLE,2,⟮x／λ⟯ᵏ⁻¹,e29fae78efbc8fcebbe29fafe1b58fe281bbc2b9,8,True,False,False,,True,"Greek,Latin,Other",True,True,,False,False,U+27EE MATHEMATICAL LEFT FLATTENED PARENTHESIS; U+FF0F FULLWIDTH SOLIDUS; U+27EF MATHEMATICAL RIGHT FLATTENED PARENTHESIS; U+207B SUPERSCRIPT MINUS; U+00B9 SUPERSCRIPT ONE
markrogoyski__math-php,markrogoyski__math-php/src/Probability/Distribution/Continuous/Weibull.php,74,other,False,production,T_VARIABLE,4,ℯ⁻⁽x／λ⁾ᵏ,e284afe281bbe281bd78efbc8fcebbe281bee1b58f,8,True,False,False,,True,"Greek,Latin,Other",True,True,,False,False,U+207B SUPERSCRIPT MINUS; U+207D SUPERSCRIPT LEFT PARENTHESIS; U+FF0F FULLWIDTH SOLIDUS; U+207E SUPERSCRIPT RIGHT PARENTHESIS
markrogoyski__math-php,markrogoyski__math-php/src/Probability/Distribution/Continuous/Weibull.php,149,other,False,production,T_VARIABLE,2,⟮ln 2⟯¹ᐟᵏ,e29fae6c6ec2a032e29fafc2b9e1909fe1b58f,9,True,False,False,U+00A0 NO-BREAK SPACE,True,"Common,Latin,Other",False,True,,False,False,U+27EE MATHEMATICAL LEFT FLATTENED PARENTHESIS; U+00A0 NO-BREAK SPACE; U+27EF MATHEMATICAL RIGHT FLATTENED PARENTHESIS; U+00B9 SUPERSCRIPT ONE
markrogoyski__math-php,markrogoyski__math-php/src/Probability/Distribution/Continuous/Weibull.php,174,other,False,production,T_VARIABLE,2,⟮⟮k − 1⟯／k⟯¹ᐟᵏ,e29faee29fae6bc2a0e28892c2a031e29fafefbc8f6be29fafc2b9e1909fe1b58f,14,True,False,False,U+00A0 NO-BREAK SPACE; U+00A0 NO-BREAK SPACE,True,"Common,Latin,Other",False,True,,False,False,U+27EE MATHEMATICAL LEFT FLATTENED PARENTHESIS; U+27EE MATHEMATICAL LEFT FLATTENED PARENTHESIS; U+00A0 NO-BREAK SPACE; U+2212 MINUS SIGN; U+00A0 NO-BREAK SPACE; U+27EF MATHEMATICAL RIGHT FLATTENED PARENTHESIS; U+FF0F FULLWIDTH SOLIDUS; U+27EF MATHEMATICAL RIGHT FLATTENED PARENTHESIS; U+00B9 SUPERSCRIPT ONE
markrogoyski__math-php,markrogoyski__math-php/src/Probability/Distribution/Continuous/Pareto.php,75,other,False,production,T_VARIABLE,2,abᵃ,6162e1b583,3,True,True,True,,True,"Latin,Other",False,True,,False,False,
markrogoyski__math-php,markrogoyski__math-php/src/Probability/Distribution/Continuous/Pareto.php,76,other,False,production,T_VARIABLE,2,xᵃ⁺¹,78e1b583e281bac2b9,4,True,False,False,,True,"Latin,Other",False,True,,False,False,U+207A SUPERSCRIPT PLUS SIGN; U+00B9 SUPERSCRIPT ONE
markrogoyski__math-php,markrogoyski__math-php/src/Probability/Distribution/Continuous/NoncentralT.php,37,other,False,production,T_VARIABLE,31,ν,cebd,1,True,True,True,,True,Greek,False,False,v,False,False,
markrogoyski__math-php,markrogoyski__math-php/src/Probability/Distribution/Continuous/NoncentralT.php,40,other,False,production,T_VARIABLE,18,μ,cebc,1,True,True,True,,True,Greek,False,False,,False,False,
markrogoyski__math-php,markrogoyski__math-php/src/Probability/Distribution/Continuous/NoncentralT.php,73,property_or_method,False,production,T_STRING,3,ν,cebd,1,True,True,True,,True,Greek,False,False,v,False,False,
markrogoyski__math-php,markrogoyski__math-php/src/Probability/Distribution/Continuous/NoncentralT.php,74,property_or_method,False,production,T_STRING,5,μ,cebc,1,True,True,True,,True,Greek,False,False,,False,False,
markrogoyski__math-php,markrogoyski__math-php/src/Probability/Distribution/Continuous/NoncentralT.php,149,other,False,production,T_VARIABLE,2,Φ,cea6,1,True,True,True,,True,Greek,False,False,,True,False,
markrogoyski__math-php,markrogoyski__math-php/src/Probability/Distribution/Continuous/NoncentralT.php,158,other,False,production,T_VARIABLE,2,pⱼ,70e2b1bc,2,True,True,True,,True,Latin,False,False,,False,False,
markrogoyski__math-php,markrogoyski__math-php/src/Probability/Distribution/Continuous/NoncentralT.php,159,other,False,production,T_VARIABLE,2,qⱼ,71e2b1bc,2,True,True,True,,True,Latin,False,False,,False,False,
markrogoyski__math-php,markrogoyski__math-php/src/Probability/Distribution/Continuous/Cauchy.php,34,other,False,production,T_VARIABLE,9,x₀,78e28280,2,True,False,False,,True,"Latin,Other",False,True,,False,False,U+2080 SUBSCRIPT ZERO
markrogoyski__math-php,markrogoyski__math-php/src/Probability/Distribution/Continuous/Cauchy.php,37,other,False,production,T_VARIABLE,10,γ,ceb3,1,True,True,True,,True,Greek,False,False,,False,False,
markrogoyski__math-php,markrogoyski__math-php/src/Probability/Distribution/Continuous/Cauchy.php,67,property_or_method,False,production,T_STRING,5,x₀,78e28280,2,True,False,False,,True,"Latin,Other",False,True,,False,False,U+2080 SUBSCRIPT ZERO
markrogoyski__math-php,markrogoyski__math-php/src/Probability/Distribution/Continuous/Cauchy.php,68,property_or_method,False,production,T_STRING,3,γ,ceb3,1,True,True,True,,True,Greek,False,False,,False,False,
markrogoyski__math-php,markrogoyski__math-php/src/Probability/Distribution/Continuous/Cauchy.php,69,other,False,production,T_VARIABLE,6,π,cf80,1,True,True,True,,True,Greek,False,False,,False,False,
markrogoyski__math-php,markrogoyski__math-php/src/Probability/Distribution/Continuous/Laplace.php,30,other,False,production,T_VARIABLE,9,μ,cebc,1,True,True,True,,True,Greek,False,False,,False,False,
markrogoyski__math-php,markrogoyski__math-php/src/Probability/Distribution/Continuous/Laplace.php,63,property_or_method,False,production,T_STRING,5,μ,cebc,1,True,True,True,,True,Greek,False,False,,False,False,
markrogoyski__math-php,markrogoyski__math-php/src/Probability/Distribution/Continuous/Logistic.php,34,other,False,production,T_VARIABLE,9,μ,cebc,1,True,True,True,,True,Greek,False,False,,False,False,
markrogoyski__math-php,markrogoyski__math-php/src/Probability/Distribution/Continuous/Logistic.php,69,property_or_method,False,production,T_STRING,6,μ,cebc,1,True,True,True,,True,Greek,False,False,,False,False,
markrogoyski__math-php,markrogoyski__math-php/src/Probability/Distribution/Continuous/Logistic.php,72,other,False,production,T_VARIABLE,5,ℯ＾⁻⁽x⁻μ⁾／s,e284afefbcbee281bbe281bd78e281bbcebce281beefbc8f73,10,True,False,False,,True,"Greek,Latin,Other",True,True,,False,False,U+FF3E FULLWIDTH CIRCUMFLEX ACCENT; U+207B SUPERSCRIPT MINUS; U+207D SUPERSCRIPT LEFT PARENTHESIS; U+207B SUPERSCRIPT MINUS; U+207E SUPERSCRIPT RIGHT PARENTHESIS; U+FF0F FULLWIDTH SOLIDUS
markrogoyski__math-php,markrogoyski__math-php/src/Probability/Distribution/Continuous/Logistic.php,171,other,False,production,T_VARIABLE,2,s²,73c2b2,2,True,False,False,,True,"Latin,Other",False,True,,False,False,U+00B2 SUPERSCRIPT TWO
markrogoyski__math-php,markrogoyski__math-php/src/Probability/Distribution/Continuous/Logistic.php,172,other,False,production,T_VARIABLE,2,π²,cf80c2b2,2,True,False,False,,True,"Greek,Other",False,True,,False,False,U+00B2 SUPERSCRIPT TWO
markrogoyski__math-php,markrogoyski__math-php/src/Probability/Distribution/Continuous/ChiSquared.php,67,other,False,production,T_VARIABLE,3,⁽ᵏ／²⁾⁻¹,e281bde1b58fefbc8fc2b2e281bee281bbc2b9,7,True,False,False,,True,Other,False,False,,False,False,U+207D SUPERSCRIPT LEFT PARENTHESIS; U+FF0F FULLWIDTH SOLIDUS; U+00B2 SUPERSCRIPT TWO; U+207E SUPERSCRIPT RIGHT PARENTHESIS; U+207B SUPERSCRIPT MINUS; U+00B9 SUPERSCRIPT ONE
markrogoyski__math-php,markrogoyski__math-php/src/Probability/Distribution/Continuous/ChiSquared.php,68,other,False,production,T_VARIABLE,2,x⁽ᵏ／²⁾⁻¹,78e281bde1b58fefbc8fc2b2e281bee281bbc2b9,8,True,False,False,,True,"Latin,Other",False,True,,False,False,U+207D SUPERSCRIPT LEFT PARENTHESIS; U+FF0F FULLWIDTH SOLIDUS; U+00B2 SUPERSCRIPT TWO; U+207E SUPERSCRIPT RIGHT PARENTHESIS; U+207B SUPERSCRIPT MINUS; U+00B9 SUPERSCRIPT ONE
markrogoyski__math-php,markrogoyski__math-php/src/Probability/Distribution/Continuous/ChiSquared.php,71,other,False,production,T_VARIABLE,2,ℯ⁻⁽ˣ／²⁾,e284afe281bbe281bdcba3efbc8fc2b2e281be,7,True,False,False,,True,Other,False,False,,False,False,U+207B SUPERSCRIPT MINUS; U+207D SUPERSCRIPT LEFT PARENTHESIS; U+FF0F FULLWIDTH SOLIDUS; U+00B2 SUPERSCRIPT TWO; U+207E SUPERSCRIPT RIGHT PARENTHESIS
markrogoyski__math-php,markrogoyski__math-php/src/Probability/Distribution/Continuous/ChiSquared.php,74,other,False,production,T_VARIABLE,2,２ᵏ／²,efbc92e1b58fefbc8fc2b2,4,True,False,False,,True,"Common,Other",False,False,,False,False,U+FF12 FULLWIDTH DIGIT TWO; U+FF0F FULLWIDTH SOLIDUS; U+00B2 SUPERSCRIPT TWO
markrogoyski__math-php,markrogoyski__math-php/src/Probability/Distribution/Continuous/ChiSquared.php,75,other,False,production,T_VARIABLE,4,Γ⟮k／2⟯,ce93e29fae6befbc8f32e29faf,6,True,False,False,,True,"Common,Greek,Latin,Other",True,True,,True,False,U+27EE MATHEMATICAL LEFT FLATTENED PARENTHESIS; U+FF0F FULLWIDTH SOLIDUS; U+27EF MATHEMATICAL RIGHT FLATTENED PARENTHESIS
markrogoyski__math-php,markrogoyski__math-php/src/Probability/Distribution/Continuous/ChiSquared.php,75,static_member,False,production,T_STRING,2,Γ,ce93,1,True,True,True,,True,Greek,False,False,,True,False,
markrogoyski__math-php,markrogoyski__math-php/src/Probability/Distribution/Continuous/ChiSquared.php,104,other,False,production,T_VARIABLE,2,γ⟮k／2、x／2⟯,ceb3e29fae6befbc8f32e3808178efbc8f32e29faf,10,True,False,False,,True,"Common,Greek,Latin,Other",True,True,,False,False,U+27EE MATHEMATICAL LEFT FLATTENED PARENTHESIS; U+FF0F FULLWIDTH SOLIDUS; U+3001 IDEOGRAPHIC COMMA; U+FF0F FULLWIDTH SOLIDUS; U+27EF MATHEMATICAL RIGHT FLATTENED PARENTHESIS
markrogoyski__math-php,markrogoyski__math-php/src/Probability/Distribution/Continuous/ChiSquared.php,104,static_member,False,production,T_STRING,1,γ,ceb3,1,True,True,True,,True,Greek,False,False,,False,False,
markrogoyski__math-php,markrogoyski__math-php/src/Probability/Distribution/Continuous/ChiSquared.php,136,other,False,production,T_VARIABLE,2,⟮1 − 2／9k⟯,e29fae31c2a0e28892c2a032efbc8f396be29faf,10,True,False,False,U+00A0 NO-BREAK SPACE; U+00A0 NO-BREAK SPACE,True,"Common,Latin,Other",False,True,,False,False,U+27EE MATHEMATICAL LEFT FLATTENED PARENTHESIS; U+00A0 NO-BREAK SPACE; U+2212 MINUS SIGN; U+00A0 NO-BREAK SPACE; U+FF0F FULLWIDTH SOLIDUS; U+27EF MATHEMATICAL RIGHT FLATTENED PARENTHESIS
markrogoyski__math-php,markrogoyski__math-php/src/Probability/Distribution/Continuous/Gamma.php,38,other,False,production,T_VARIABLE,8,θ,ceb8,1,True,True,True,,True,Greek,False,False,,False,False,
markrogoyski__math-php,markrogoyski__math-php/src/Probability/Distribution/Continuous/Gamma.php,68,property_or_method,False,production,T_STRING,5,θ,ceb8,1,True,True,True,,True,Greek,False,False,,False,False,
markrogoyski__math-php,markrogoyski__math-php/src/Probability/Distribution/Continuous/Gamma.php,70,other,False,production,T_VARIABLE,4,Γ⟮k⟯,ce93e29fae6be29faf,4,True,False,False,,True,"Greek,Latin,Other",True,True,,True,False,U+27EE MATHEMATICAL LEFT FLATTENED PARENTHESIS; U+27EF MATHEMATICAL RIGHT FLATTENED PARENTHESIS
markrogoyski__math-php,markrogoyski__math-php/src/Probability/Distribution/Continuous/Gamma.php,70,static_member,False,production,T_STRING,2,Γ,ce93,1,True,True,True,,True,Greek,False,False,,True,False,
markrogoyski__math-php,markrogoyski__math-php/src/Probability/Distribution/Continuous/Gamma.php,71,other,False,production,T_VARIABLE,2,θᵏ,ceb8e1b58f,2,True,True,True,,True,"Greek,Other",False,True,,False,False,
markrogoyski__math-php,markrogoyski__math-php/src/Probability/Distribution/Continuous/Gamma.php,72,other,False,production,T_VARIABLE,2,Γ⟮k⟯θᵏ,ce93e29fae6be29fafceb8e1b58f,6,True,False,False,,True,"Greek,Latin,Other",True,True,,True,False,U+27EE MATHEMATICAL LEFT FLATTENED PARENTHESIS; U+27EF MATHEMATICAL RIGHT FLATTENED PARENTHESIS
markrogoyski__math-php,markrogoyski__math-php/src/Probability/Distribution/Continuous/Gamma.php,74,other,False,production,T_VARIABLE,2,xᵏ⁻¹,78e1b58fe281bbc2b9,4,True,False,False,,True,"Latin,Other",False,True,,False,False,U+207B SUPERSCRIPT MINUS; U+00B9 SUPERSCRIPT ONE
markrogoyski__math-php,markrogoyski__math-php/src/Probability/Distribution/Continuous/Gamma.php,99,other,False,production,T_VARIABLE,2,γ,ceb3,1,True,True,True,,True,Greek,False,False,,False,False,
markrogoyski__math-php,markrogoyski__math-php/src/Probability/Distribution/Continuous/Gamma.php,99,static_member,False,production,T_STRING,1,γ,ceb3,1,True,True,True,,True,Greek,False,False,,False,False,
markrogoyski__math-php,markrogoyski__math-php/src/Probability/Distribution/Continuous/Gamma.php,128,other,False,production,T_VARIABLE,2,μ,cebc,1,True,True,True,,True,Greek,False,False,,False,False,
markrogoyski__math-php,markrogoyski__math-php/src/Probability/Distribution/Continuous/Gamma.php,129,other,False,production,T_VARIABLE,3,３k,efbc936b,2,True,False,False,,True,"Common,Latin",False,False,,False,False,U+FF13 FULLWIDTH DIGIT THREE
markrogoyski__math-php,markrogoyski__math-php/src/Probability/Distribution/Continuous/Continuous.php,71,other,False,production,T_VARIABLE,4,x₁,78e28281,2,True,False,False,,True,"Latin,Other",False,True,,False,False,U+2081 SUBSCRIPT ONE
markrogoyski__math-php,markrogoyski__math-php/src/Probability/Distribution/Continuous/Continuous.php,71,other,False,production,T_VARIABLE,4,x₂,78e28282,2,True,False,False,,True,"Latin,Other",False,True,,False,False,U+2082 SUBSCRIPT TWO
markrogoyski__math-php,markrogoyski__math-php/src/Probability/Distribution/Continuous/LogNormal.php,31,other,False,production,T_VARIABLE,13,μ,cebc,1,True,True,True,,True,Greek,False,False,,False,False,
markrogoyski__math-php,markrogoyski__math-php/src/Probability/Distribution/Continuous/LogNormal.php,34,other,False,production,T_VARIABLE,12,σ,cf83,1,True,True,True,,True,Greek,False,False,,False,False,
markrogoyski__math-php,markrogoyski__math-php/src/Probability/Distribution/Continuous/LogNormal.php,42,other,False,production,T_VARIABLE,2,λ,cebb,1,True,True,True,,True,Greek,False,False,,False,False,
markrogoyski__math-php,markrogoyski__math-php/src/Probability/Distribution/Continuous/LogNormal.php,65,property_or_method,False,production,T_STRING,7,μ,cebc,1,True,True,True,,True,Greek,False,False,,False,False,
markrogoyski__math-php,markrogoyski__math-php/src/Probability/Distribution/Continuous/LogNormal.php,66,property_or_method,False,production,T_STRING,6,σ,cf83,1,True,True,True,,True,Greek,False,False,,False,False,
markrogoyski__math-php,markrogoyski__math-php/src/Probability/Distribution/Continuous/LogNormal.php,67,other,False,production,T_VARIABLE,2,π,cf80,1,True,True,True,,True,Greek,False,False,,False,False,
markrogoyski__math-php,markrogoyski__math-php/src/Probability/Distribution/Continuous/LogNormal.php,69,other,False,production,T_VARIABLE,2,xσ√2π,78cf83e2889a32cf80,5,True,False,False,,True,"Common,Greek,Latin,Other",True,True,,False,False,U+221A SQUARE ROOT
markrogoyski__math-php,markrogoyski__math-php/src/Probability/Distribution/Continuous/LogNormal.php,70,other,False,production,T_VARIABLE,2,⟮ln x − μ⟯²,e29fae6c6ec2a078c2a0e28892c2a0cebce29fafc2b2,11,True,False,False,U+00A0 NO-BREAK SPACE; U+00A0 NO-BREAK SPACE; U+00A0 NO-BREAK SPACE,True,"Common,Greek,Latin,Other",True,True,,False,False,U+27EE MATHEMATICAL LEFT FLATTENED PARENTHESIS; U+00A0 NO-BREAK SPACE; U+00A0 NO-BREAK SPACE; U+2212 MINUS SIGN; U+00A0 NO-BREAK SPACE; U+27EF MATHEMATICAL RIGHT FLATTENED PARENTHESIS; U+00B2 SUPERSCRIPT TWO
markrogoyski__math-php,markrogoyski__math-php/src/Probability/Distribution/Continuous/LogNormal.php,71,other,False,production,T_VARIABLE,5,σ²,cf83c2b2,2,True,False,False,,True,"Greek,Other",False,True,,False,False,U+00B2 SUPERSCRIPT TWO
markrogoyski__math-php,markrogoyski__math-php/src/Probability/Distribution/Continuous/LogNormal.php,95,other,False,production,T_VARIABLE,2,⟮ln x − μ⟯,e29fae6c6ec2a078c2a0e28892c2a0cebce29faf,10,True,False,False,U+00A0 NO-BREAK SPACE; U+00A0 NO-BREAK SPACE; U+00A0 NO-BREAK SPACE,True,"Common,Greek,Latin,Other",True,True,,False,False,U+27EE MATHEMATICAL LEFT FLATTENED PARENTHESIS; U+00A0 NO-BREAK SPACE; U+00A0 NO-BREAK SPACE; U+2212 MINUS SIGN; U+00A0 NO-BREAK SPACE; U+27EF MATHEMATICAL RIGHT FLATTENED PARENTHESIS
markrogoyski__math-php,markrogoyski__math-php/src/Probability/Distribution/Continuous/LogNormal.php,96,other,False,production,T_VARIABLE,2,√2σ,e2889a32cf83,3,True,False,False,,True,"Common,Greek,Other",False,True,,False,False,U+221A SQUARE ROOT
markrogoyski__math-php,markrogoyski__math-php/src/Probability/Distribution/Continuous/LogNormal.php,178,other,False,production,T_VARIABLE,2,２μ,efbc92cebc,2,True,False,False,,True,"Common,Greek",False,False,,False,False,U+FF12 FULLWIDTH DIGIT TWO
markrogoyski__math-php,markrogoyski__math-php/src/Probability/Distribution/Continuous/StudentT.php,33,other,False,production,T_VARIABLE,33,ν,cebd,1,True,True,True,,True,Greek,False,False,v,False,False,
markrogoyski__math-php,markrogoyski__math-php/src/Probability/Distribution/Continuous/StudentT.php,75,property_or_method,False,production,T_STRING,4,ν,cebd,1,True,True,True,,True,Greek,False,False,v,False,False,
markrogoyski__math-php,markrogoyski__math-php/src/Probability/Distribution/Continuous/StudentT.php,77,other,False,production,T_VARIABLE,2,π,cf80,1,True,True,True,,True,Greek,False,False,,False,False,
markrogoyski__math-php,markrogoyski__math-php/src/Probability/Distribution/Continuous/StudentT.php,278,other,False,production,T_VARIABLE,3,Σj,cea36a,2,True,True,True,,True,"Greek,Latin",True,True,,True,False,
markrogoyski__math-php,markrogoyski__math-php/src/Probability/Distribution/Continuous/StudentT.php,279,other,False,production,T_VARIABLE,2,v²,76c2b2,2,True,False,False,,True,"Latin,Other",False,True,,False,False,U+00B2 SUPERSCRIPT TWO
markrogoyski__math-php,markrogoyski__math-php/src/Probability/Distribution/Continuous/LogLogistic.php,35,other,False,production,T_VARIABLE,17,α,ceb1,1,True,True,True,,True,Greek,False,False,a,False,False,
markrogoyski__math-php,markrogoyski__math-php/src/Probability/Distribution/Continuous/LogLogistic.php,38,other,False,production,T_VARIABLE,25,β,ceb2,1,True,True,True,,True,Greek,False,False,,False,False,
markrogoyski__math-php,markrogoyski__math-php/src/Probability/Distribution/Continuous/LogLogistic.php,67,property_or_method,False,production,T_STRING,7,α,ceb1,1,True,True,True,,True,Greek,False,False,a,False,False,
markrogoyski__math-php,markrogoyski__math-php/src/Probability/Distribution/Continuous/LogLogistic.php,68,property_or_method,False,production,T_STRING,6,β,ceb2,1,True,True,True,,True,Greek,False,False,,False,False,
markrogoyski__math-php,markrogoyski__math-php/src/Probability/Distribution/Continuous/LogLogistic.php,72,other,False,production,T_VARIABLE,3,ᵝ⁻¹,e1b59de281bbc2b9,3,True,False,False,,True,Other,False,False,,False,False,U+207B SUPERSCRIPT MINUS; U+00B9 SUPERSCRIPT ONE
markrogoyski__math-php,markrogoyski__math-php/src/Probability/Distribution/Continuous/LogLogistic.php,73,other,False,production,T_VARIABLE,2,⟮x／α⟯ᵝ⁻¹,e29fae78efbc8fceb1e29fafe1b59de281bbc2b9,8,True,False,False,,True,"Greek,Latin,Other",True,True,,False,False,U+27EE MATHEMATICAL LEFT FLATTENED PARENTHESIS; U+FF0F FULLWIDTH SOLIDUS; U+27EF MATHEMATICAL RIGHT FLATTENED PARENTHESIS; U+207B SUPERSCRIPT MINUS; U+00B9 SUPERSCRIPT ONE
markrogoyski__math-php,markrogoyski__math-php/src/Probability/Distribution/Continuous/LogLogistic.php,77,other,False,production,T_VARIABLE,2,⟮β／α⟯⟮x／α⟯ᵝ⁻¹,e29faeceb2efbc8fceb1e29fafe29fae78efbc8fceb1e29fafe1b59de281bbc2b9,13,True,False,False,,True,"Greek,Latin,Other",True,True,,False,False,U+27EE MATHEMATICAL LEFT FLATTENED PARENTHESIS; U+FF0F FULLWIDTH SOLIDUS; U+27EF MATHEMATICAL RIGHT FLATTENED PARENTHESIS; U+27EE MATHEMATICAL LEFT FLATTENED PARENTHESIS; U+FF0F FULLWIDTH SOLIDUS; U+27EF MATHEMATICAL RIGHT FLATTENED PARENTHESIS; U+207B SUPERSCRIPT MINUS; U+00B9 SUPERSCRIPT ONE
markrogoyski__math-php,markrogoyski__math-php/src/Probability/Distribution/Continuous/LogLogistic.php,79,other,False,production,T_VARIABLE,2,⟮1 ＋ ⟮x／α⟯ᵝ⟯²,e29fae31c2a0efbc8bc2a0e29fae78efbc8fceb1e29fafe1b59de29fafc2b2,13,True,False,False,U+00A0 NO-BREAK SPACE; U+00A0 NO-BREAK SPACE,True,"Common,Greek,Latin,Other",True,True,,False,False,U+27EE MATHEMATICAL LEFT FLATTENED PARENTHESIS; U+00A0 NO-BREAK SPACE; U+FF0B FULLWIDTH PLUS SIGN; U+00A0 NO-BREAK SPACE; U+27EE MATHEMATICAL LEFT FLATTENED PARENTHESIS; U+FF0F FULLWIDTH SOLIDUS; U+27EF MATHEMATICAL RIGHT FLATTENED PARENTHESIS; U+27EF MATHEMATICAL RIGHT FLATTENED PARENTHESIS; U+00B2 SUPERSCRIPT TWO
markrogoyski__math-php,markrogoyski__math-php/src/Probability/Distribution/Continuous/LogLogistic.php,104,other,False,production,T_VARIABLE,2,⟮x／α⟯⁻ᵝ,e29fae78efbc8fceb1e29fafe281bbe1b59d,7,True,False,False,,True,"Greek,Latin,Other",True,True,,False,False,U+27EE MATHEMATICAL LEFT FLATTENED PARENTHESIS; U+FF0F FULLWIDTH SOLIDUS; U+27EF MATHEMATICAL RIGHT FLATTENED PARENTHESIS; U+207B SUPERSCRIPT MINUS
markrogoyski__math-php,markrogoyski__math-php/src/Probability/Distribution/Continuous/LogLogistic.php,145,other,False,production,T_VARIABLE,3,π,cf80,1,True,True,True,,True,Greek,False,False,,False,False,
markrogoyski__math-php,markrogoyski__math-php/src/Probability/Distribution/Continuous/LogLogistic.php,207,other,False,production,T_VARIABLE,2,α²,ceb1c2b2,2,True,False,False,,True,"Greek,Other",False,True,,False,False,U+00B2 SUPERSCRIPT TWO
markrogoyski__math-php,markrogoyski__math-php/src/Probability/Distribution/Continuous/LogLogistic.php,208,other,False,production,T_VARIABLE,2,β²,ceb2c2b2,2,True,False,False,,True,"Greek,Other",False,True,,False,False,U+00B2 SUPERSCRIPT TWO
markrogoyski__math-php,markrogoyski__math-php/src/Probability/Distribution/Continuous/LogLogistic.php,209,other,False,production,T_VARIABLE,3,２β,efbc92ceb2,2,True,False,False,,True,"Common,Greek",False,False,,False,False,U+FF12 FULLWIDTH DIGIT TWO
markrogoyski__math-php,markrogoyski__math-php/src/Probability/Distribution/Continuous/LogLogistic.php,210,other,False,production,T_VARIABLE,2,sin2β,73696e32ceb2,5,True,True,True,,True,"Common,Greek,Latin",True,True,,False,False,
markrogoyski__math-php,markrogoyski__math-php/src/Probability/Distribution/Continuous/LogLogistic.php,211,other,False,production,T_VARIABLE,2,sin²β,73696ec2b2ceb2,5,True,False,False,,True,"Greek,Latin,Other",True,True,,False,False,U+00B2 SUPERSCRIPT TWO
markrogoyski__math-php,markrogoyski__math-php/src/Probability/Distribution/Continuous/Exponential.php,32,other,False,production,T_VARIABLE,8,λ,cebb,1,True,True,True,,True,Greek,False,False,,False,False,
markrogoyski__math-php,markrogoyski__math-php/src/Probability/Distribution/Continuous/Exponential.php,60,property_or_method,False,production,T_STRING,6,λ,cebb,1,True,True,True,,True,Greek,False,False,,False,False,
markrogoyski__math-php,markrogoyski__math-php/src/Probability/Distribution/Continuous/Normal.php,35,other,False,production,T_VARIABLE,7,μ,cebc,1,True,True,True,,True,Greek,False,False,,False,False,
markrogoyski__math-php,markrogoyski__math-php/src/Probability/Distribution/Continuous/Normal.php,38,other,False,production,T_VARIABLE,8,σ,cf83,1,True,True,True,,True,Greek,False,False,,False,False,
markrogoyski__math-php,markrogoyski__math-php/src/Probability/Distribution/Continuous/Normal.php,66,property_or_method,False,production,T_STRING,6,μ,cebc,1,True,True,True,,True,Greek,False,False,,False,False,
markrogoyski__math-php,markrogoyski__math-php/src/Probability/Distribution/Continuous/Normal.php,67,property_or_method,False,production,T_STRING,4,σ,cf83,1,True,True,True,,True,Greek,False,False,,False,False,
markrogoyski__math-php,markrogoyski__math-php/src/Probability/Distribution/Continuous/Normal.php,68,other,False,production,T_VARIABLE,2,π,cf80,1,True,True,True,,True,Greek,False,False,,False,False,
markrogoyski__math-php,markrogoyski__math-php/src/Probability/Distribution/Continuous/Normal.php,69,other,False,production,T_VARIABLE,2,σ√⟮2π⟯,cf83e2889ae29fae32cf80e29faf,6,True,False,False,,True,"Common,Greek,Other",False,True,,False,False,U+221A SQUARE ROOT; U+27EE MATHEMATICAL LEFT FLATTENED PARENTHESIS; U+27EF MATHEMATICAL RIGHT FLATTENED PARENTHESIS
markrogoyski__math-php,markrogoyski__math-php/src/Probability/Distribution/Continuous/Normal.php,71,other,False,production,T_VARIABLE,2,⟮x − μ⟯²∕2σ²,e29fae78c2a0e28892c2a0cebce29fafc2b2e2889532cf83c2b2,12,True,False,False,U+00A0 NO-BREAK SPACE; U+00A0 NO-BREAK SPACE,True,"Common,Greek,Latin,Other",True,True,,False,False,U+27EE MATHEMATICAL LEFT FLATTENED PARENTHESIS; U+00A0 NO-BREAK SPACE; U+2212 MINUS SIGN; U+00A0 NO-BREAK SPACE; U+27EF MATHEMATICAL RIGHT FLATTENED PARENTHESIS; U+00B2 SUPERSCRIPT TWO; U+2215 DIVISION SLASH; U+00B2 SUPERSCRIPT TWO
markrogoyski__math-php,markrogoyski__math-php/src/Probability/Distribution/Continuous/Normal.php,73,other,False,production,T_VARIABLE,2,ℯ＾−⟮x − μ⟯²∕2σ²,e284afefbcbee28892e29fae78c2a0e28892c2a0cebce29fafc2b2e2889532cf83c2b2,15,True,False,False,U+00A0 NO-BREAK SPACE; U+00A0 NO-BREAK SPACE,True,"Common,Greek,Latin,Other",True,True,,False,False,U+FF3E FULLWIDTH CIRCUMFLEX ACCENT; U+2212 MINUS SIGN; U+27EE MATHEMATICAL LEFT FLATTENED PARENTHESIS; U+00A0 NO-BREAK SPACE; U+2212 MINUS SIGN; U+00A0 NO-BREAK SPACE; U+27EF MATHEMATICAL RIGHT FLATTENED PARENTHESIS; U+00B2 SUPERSCRIPT TWO; U+2215 DIVISION SLASH; U+00B2 SUPERSCRIPT TWO
markrogoyski__math-php,markrogoyski__math-php/src/Probability/Distribution/Continuous/Beta.php,36,other,False,production,T_VARIABLE,29,α,ceb1,1,True,True,True,,True,Greek,False,False,a,False,False,
markrogoyski__math-php,markrogoyski__math-php/src/Probability/Distribution/Continuous/Beta.php,39,other,False,production,T_VARIABLE,26,β,ceb2,1,True,True,True,,True,Greek,False,False,,False,False,
markrogoyski__math-php,markrogoyski__math-php/src/Probability/Distribution/Continuous/Beta.php,67,property_or_method,False,production,T_STRING,6,α,ceb1,1,True,True,True,,True,Greek,False,False,a,False,False,
markrogoyski__math-php,markrogoyski__math-php/src/Probability/Distribution/Continuous/Beta.php,68,property_or_method,False,production,T_STRING,6,β,ceb2,1,True,True,True,,True,Greek,False,False,,False,False,
markrogoyski__math-php,markrogoyski__math-php/src/Probability/Distribution/Continuous/Beta.php,70,other,False,production,T_VARIABLE,2,xᵃ⁻¹,78e1b583e281bbc2b9,4,True,False,False,,True,"Latin,Other",False,True,,False,False,U+207B SUPERSCRIPT MINUS; U+00B9 SUPERSCRIPT ONE
markrogoyski__math-php,markrogoyski__math-php/src/Probability/Distribution/Continuous/Beta.php,71,other,False,production,T_VARIABLE,2,⟮1 − x⟯ᵝ⁻¹,e29fae31c2a0e28892c2a078e29fafe1b59de281bbc2b9,10,True,False,False,U+00A0 NO-BREAK SPACE; U+00A0 NO-BREAK SPACE,True,"Common,Latin,Other",False,True,,False,False,U+27EE MATHEMATICAL LEFT FLATTENED PARENTHESIS; U+00A0 NO-BREAK SPACE; U+2212 MINUS SIGN; U+00A0 NO-BREAK SPACE; U+27EF MATHEMATICAL RIGHT FLATTENED PARENTHESIS; U+207B SUPERSCRIPT MINUS; U+00B9 SUPERSCRIPT ONE
markrogoyski__math-php,markrogoyski__math-php/src/Probability/Distribution/Continuous/Beta.php,72,other,False,production,T_VARIABLE,2,B⟮α、β⟯,42e29faeceb1e38081ceb2e29faf,6,True,False,False,,True,"Greek,Latin,Other",True,True,,False,False,U+27EE MATHEMATICAL LEFT FLATTENED PARENTHESIS; U+3001 IDEOGRAPHIC COMMA; U+27EF MATHEMATICAL RIGHT FLATTENED PARENTHESIS
markrogoyski__math-php,markrogoyski__math-php/src/Probability/Distribution/Continuous/Beta.php,236,other,False,production,T_VARIABLE,2,αβ,ceb1ceb2,2,True,True,True,,True,Greek,False,False,,False,False,
markrogoyski__math-php,markrogoyski__math-php/src/Probability/Distribution/Continuous/Beta.php,237,other,False,production,T_VARIABLE,2,⟮α ＋ β⟯²,e29faeceb1c2a0efbc8bc2a0ceb2e29fafc2b2,8,True,False,False,U+00A0 NO-BREAK SPACE; U+00A0 NO-BREAK SPACE,True,"Common,Greek,Other",False,True,,False,False,U+27EE MATHEMATICAL LEFT FLATTENED PARENTHESIS; U+00A0 NO-BREAK SPACE; U+FF0B FULLWIDTH PLUS SIGN; U+00A0 NO-BREAK SPACE; U+27EF MATHEMATICAL RIGHT FLATTENED PARENTHESIS; U+00B2 SUPERSCRIPT TWO
markrogoyski__math-php,markrogoyski__math-php/src/Probability/Distribution/Continuous/Beta.php,238,other,False,production,T_VARIABLE,2,⟮α ＋ β ＋ 1⟯,e29faeceb1c2a0efbc8bc2a0ceb2c2a0efbc8bc2a031e29faf,11,True,False,False,U+00A0 NO-BREAK SPACE; U+00A0 NO-BREAK SPACE; U+00A0 NO-BREAK SPACE; U+00A0 NO-BREAK SPACE,True,"Common,Greek,Other",False,True,,False,False,U+27EE MATHEMATICAL LEFT FLATTENED PARENTHESIS; U+00A0 NO-BREAK SPACE; U+FF0B FULLWIDTH PLUS SIGN; U+00A0 NO-BREAK SPACE; U+00A0 NO-BREAK SPACE; U+FF0B FULLWIDTH PLUS SIGN; U+00A0 NO-BREAK SPACE; U+27EF MATHEMATICAL RIGHT FLATTENED PARENTHESIS
markrogoyski__math-php,markrogoyski__math-php/src/Probability/Distribution/Continuous/StandardNormal.php,16,const_decl,False,production,T_STRING,1,μ,cebc,1,True,True,True,,True,Greek,False,False,,False,False,
markrogoyski__math-php,markrogoyski__math-php/src/Probability/Distribution/Continuous/StandardNormal.php,22,const_decl,False,production,T_STRING,1,σ,cf83,1,True,True,True,,True,Greek,False,False,,False,False,
markrogoyski__math-php,markrogoyski__math-php/src/Probability/Distribution/Continuous/StandardNormal.php,49,static_member,False,production,T_STRING,1,μ,cebc,1,True,True,True,,True,Greek,False,False,,False,False,
markrogoyski__math-php,markrogoyski__math-php/src/Probability/Distribution/Continuous/StandardNormal.php,49,static_member,False,production,T_STRING,1,σ,cf83,1,True,True,True,,True,Greek,False,False,,False,False,
markrogoyski__math-php,markrogoyski__math-php/src/Probability/Distribution/Continuous/F.php,35,other,False,production,T_VARIABLE,20,d₁,64e28281,2,True,False,False,,True,"Latin,Other",False,True,,False,False,U+2081 SUBSCRIPT ONE
markrogoyski__math-php,markrogoyski__math-php/src/Probability/Distribution/Continuous/F.php,38,other,False,production,T_VARIABLE,25,d₂,64e28282,2,True,False,False,,True,"Latin,Other",False,True,,False,False,U+2082 SUBSCRIPT TWO
markrogoyski__math-php,markrogoyski__math-php/src/Probability/Distribution/Continuous/F.php,73,property_or_method,False,production,T_STRING,4,d₁,64e28281,2,True,False,False,,True,"Latin,Other",False,True,,False,False,U+2081 SUBSCRIPT ONE
markrogoyski__math-php,markrogoyski__math-php/src/Probability/Distribution/Continuous/F.php,74,property_or_method,False,production,T_STRING,5,d₂,64e28282,2,True,False,False,,True,"Latin,Other",False,True,,False,False,U+2082 SUBSCRIPT TWO
markrogoyski__math-php,markrogoyski__math-php/src/Probability/Distribution/Continuous/F.php,77,other,False,production,T_VARIABLE,2,⟮d₁x⟯ᵈ¹d₂ᵈ²,e29fae64e2828178e29fafe1b588c2b964e28282e1b588c2b2,11,True,False,False,,True,"Latin,Other",False,True,,False,False,U+27EE MATHEMATICAL LEFT FLATTENED PARENTHESIS; U+2081 SUBSCRIPT ONE; U+27EF MATHEMATICAL RIGHT FLATTENED PARENTHESIS; U+00B9 SUPERSCRIPT ONE; U+2082 SUBSCRIPT TWO; U+00B2 SUPERSCRIPT TWO
markrogoyski__math-php,markrogoyski__math-php/src/Probability/Distribution/Continuous/F.php,78,other,False,production,T_VARIABLE,2,⟮d₁x＋d₂⟯ᵈ¹⁺ᵈ²,e29fae64e2828178efbc8b64e28282e29fafe1b588c2b9e281bae1b588c2b2,13,True,False,False,,True,"Latin,Other",False,True,,False,False,U+27EE MATHEMATICAL LEFT FLATTENED PARENTHESIS; U+2081 SUBSCRIPT ONE; U+FF0B FULLWIDTH PLUS SIGN; U+2082 SUBSCRIPT TWO; U+27EF MATHEMATICAL RIGHT FLATTENED PARENTHESIS; U+00B9 SUPERSCRIPT ONE; U+207A SUPERSCRIPT PLUS SIGN; U+00B2 SUPERSCRIPT TWO
markrogoyski__math-php,markrogoyski__math-php/src/Probability/Distribution/Continuous/F.php,79,other,False,production,T_VARIABLE,2,√⟮d₁x⟯ᵈ¹d₂ᵈ²／⟮d₁x＋d₂⟯ᵈ¹⁺ᵈ²,e2889ae29fae64e2828178e29fafe1b588c2b964e28282e1b588c2b2efbc8fe29fae64e2828178efbc8b64e28282e29fafe1b588c2b9e281bae1b588c2b2,26,True,False,False,,True,"Latin,Other",False,True,,False,False,U+221A SQUARE ROOT; U+27EE MATHEMATICAL LEFT FLATTENED PARENTHESIS; U+2081 SUBSCRIPT ONE; U+27EF MATHEMATICAL RIGHT FLATTENED PARENTHESIS; U+00B9 SUPERSCRIPT ONE; U+2082 SUBSCRIPT TWO; U+00B2 SUPERSCRIPT TWO; U+FF0F FULLWIDTH SOLIDUS; U+27EE MATHEMATICAL LEFT FLATTENED PARENTHESIS; U+2081 SUBSCRIPT ONE; U+FF0B FULLWIDTH PLUS SIGN; U+2082 SUBSCRIPT TWO; U+27EF MATHEMATICAL RIGHT FLATTENED PARENTHESIS; U+00B9 SUPERSCRIPT ONE; U+207A SUPERSCRIPT PLUS SIGN; U+00B2 SUPERSCRIPT TWO
markrogoyski__math-php,markrogoyski__math-php/src/Probability/Distribution/Continuous/F.php,82,other,False,production,T_VARIABLE,2,xB⟮d₁／2、d₂／2⟯,7842e29fae64e28281efbc8f32e3808164e28282efbc8f32e29faf,13,True,False,False,,True,"Common,Latin,Other",False,True,,False,False,U+27EE MATHEMATICAL LEFT FLATTENED PARENTHESIS; U+2081 SUBSCRIPT ONE; U+FF0F FULLWIDTH SOLIDUS; U+3001 IDEOGRAPHIC COMMA; U+2082 SUBSCRIPT TWO; U+FF0F FULLWIDTH SOLIDUS; U+27EF MATHEMATICAL RIGHT FLATTENED PARENTHESIS
markrogoyski__math-php,markrogoyski__math-php/src/Probability/Distribution/Continuous/F.php,109,other,False,production,T_VARIABLE,2,ᵈ¹ˣ／d₁x＋d₂,e1b588c2b9cba3efbc8f64e2828178efbc8b64e28282,10,True,False,False,,True,"Latin,Other",False,True,,False,False,U+00B9 SUPERSCRIPT ONE; U+FF0F FULLWIDTH SOLIDUS; U+2081 SUBSCRIPT ONE; U+FF0B FULLWIDTH PLUS SIGN; U+2082 SUBSCRIPT TWO
markrogoyski__math-php,markrogoyski__math-php/src/Probability/Distribution/Continuous/F.php,173,other,False,production,T_VARIABLE,2,２d₂²⟮d₁ ＋ d₂ − 2⟯,efbc9264e28282c2b2e29fae64e28281c2a0efbc8bc2a064e28282c2a0e28892c2a032e29faf,17,True,False,False,U+00A0 NO-BREAK SPACE; U+00A0 NO-BREAK SPACE; U+00A0 NO-BREAK SPACE; U+00A0 NO-BREAK SPACE,True,"Common,Latin,Other",False,True,,False,False,U+FF12 FULLWIDTH DIGIT TWO; U+2082 SUBSCRIPT TWO; U+00B2 SUPERSCRIPT TWO; U+27EE MATHEMATICAL LEFT FLATTENED PARENTHESIS; U+2081 SUBSCRIPT ONE; U+00A0 NO-BREAK SPACE; U+FF0B FULLWIDTH PLUS SIGN; U+00A0 NO-BREAK SPACE; U+2082 SUBSCRIPT TWO; U+00A0 NO-BREAK SPACE; U+2212 MINUS SIGN; U+00A0 NO-BREAK SPACE; U+27EF MATHEMATICAL RIGHT FLATTENED PARENTHESIS
markrogoyski__math-php,markrogoyski__math-php/src/Probability/Distribution/Continuous/F.php,174,other,False,production,T_VARIABLE,2,d₁⟮d₂ − 2⟯²⟮d₂ − 4⟯,64e28281e29fae64e28282c2a0e28892c2a032e29fafc2b2e29fae64e28282c2a0e28892c2a034e29faf,19,True,False,False,U+00A0 NO-BREAK SPACE; U+00A0 NO-BREAK SPACE; U+00A0 NO-BREAK SPACE; U+00A0 NO-BREAK SPACE,True,"Common,Latin,Other",False,True,,False,False,U+2081 SUBSCRIPT ONE; U+27EE MATHEMATICAL LEFT FLATTENED PARENTHESIS; U+2082 SUBSCRIPT TWO; U+00A0 NO-BREAK SPACE; U+2212 MINUS SIGN; U+00A0 NO-BREAK SPACE; U+27EF MATHEMATICAL RIGHT FLATTENED PARENTHESIS; U+00B2 SUPERSCRIPT TWO; U+27EE MATHEMATICAL LEFT FLATTENED PARENTHESIS; U+2082 SUBSCRIPT TWO; U+00A0 NO-BREAK SPACE; U+2212 MINUS SIGN; U+00A0 NO-BREAK SPACE; U+27EF MATHEMATICAL RIGHT FLATTENED PARENTHESIS
markrogoyski__math-php,markrogoyski__math-php/src/Probability/Distribution/Discrete/ShiftedGeometric.php,66,other,False,production,T_VARIABLE,2,⟮1 − p⟯ᵏ⁻¹,e29fae31c2a0e28892c2a070e29fafe1b58fe281bbc2b9,10,True,False,False,U+00A0 NO-BREAK SPACE; U+00A0 NO-BREAK SPACE,True,"Common,Latin,Other",False,True,,False,False,U+27EE MATHEMATICAL LEFT FLATTENED PARENTHESIS; U+00A0 NO-BREAK SPACE; U+2212 MINUS SIGN; U+00A0 NO-BREAK SPACE; U+27EF MATHEMATICAL RIGHT FLATTENED PARENTHESIS; U+207B SUPERSCRIPT MINUS; U+00B9 SUPERSCRIPT ONE
markrogoyski__math-php,markrogoyski__math-php/src/Probability/Distribution/Discrete/ShiftedGeometric.php,87,other,False,production,T_VARIABLE,2,⟮1 − p⟯ᵏ,e29fae31c2a0e28892c2a070e29fafe1b58f,8,True,False,False,U+00A0 NO-BREAK SPACE; U+00A0 NO-BREAK SPACE,True,"Common,Latin,Other",False,True,,False,False,U+27EE MATHEMATICAL LEFT FLATTENED PARENTHESIS; U+00A0 NO-BREAK SPACE; U+2212 MINUS SIGN; U+00A0 NO-BREAK SPACE; U+27EF MATHEMATICAL RIGHT FLATTENED PARENTHESIS
markrogoyski__math-php,markrogoyski__math-php/src/Probability/Distribution/Discrete/ShiftedGeometric.php,117,other,False,production,T_VARIABLE,2,log₂⟮1 − p⟯,6c6f67e28282e29fae31c2a0e28892c2a070e29faf,11,True,False,False,U+00A0 NO-BREAK SPACE; U+00A0 NO-BREAK SPACE,True,"Common,Latin,Other",False,True,,False,False,U+2082 SUBSCRIPT TWO; U+27EE MATHEMATICAL LEFT FLATTENED PARENTHESIS; U+00A0 NO-BREAK SPACE; U+2212 MINUS SIGN; U+00A0 NO-BREAK SPACE; U+27EF MATHEMATICAL RIGHT FLATTENED PARENTHESIS
markrogoyski__math-php,markrogoyski__math-php/src/Probability/Distribution/Discrete/NegativeBinomial.php,75,other,False,production,T_VARIABLE,2,ₓ₊ᵣ₋₁Cₓ,e28293e2828ae1b5a3e2828be2828143e28293,7,True,False,False,,True,"Latin,Other",False,True,,False,False,U+208A SUBSCRIPT PLUS SIGN; U+208B SUBSCRIPT MINUS; U+2081 SUBSCRIPT ONE
markrogoyski__math-php,markrogoyski__math-php/src/Probability/Distribution/Discrete/NegativeBinomial.php,76,other,False,production,T_VARIABLE,2,⟮1 − p⟯ˣ,e29fae31c2a0e28892c2a070e29fafcba3,8,True,False,False,U+00A0 NO-BREAK SPACE; U+00A0 NO-BREAK SPACE,True,"Common,Latin,Other",False,True,,False,False,U+27EE MATHEMATICAL LEFT FLATTENED PARENTHESIS; U+00A0 NO-BREAK SPACE; U+2212 MINUS SIGN; U+00A0 NO-BREAK SPACE; U+27EF MATHEMATICAL RIGHT FLATTENED PARENTHESIS
markrogoyski__math-php,markrogoyski__math-php/src/Probability/Distribution/Discrete/NegativeBinomial.php,77,other,False,production,T_VARIABLE,2,pʳ,70cab3,2,True,True,True,,True,"Latin,Other",False,True,,False,False,
markrogoyski__math-php,markrogoyski__math-php/src/Probability/Distribution/Discrete/Categorical.php,96,other,False,production,T_VARIABLE,3,pᵢ,70e1b5a2,2,True,True,True,,True,Latin,False,False,,False,False,
markrogoyski__math-php,markrogoyski__math-php/src/Probability/Distribution/Discrete/Poisson.php,37,other,False,production,T_VARIABLE,6,λ,cebb,1,True,True,True,,True,Greek,False,False,,False,False,
markrogoyski__math-php,markrogoyski__math-php/src/Probability/Distribution/Discrete/Poisson.php,64,property_or_method,False,production,T_STRING,7,λ,cebb,1,True,True,True,,True,Greek,False,False,,False,False,
markrogoyski__math-php,markrogoyski__math-php/src/Probability/Distribution/Discrete/Poisson.php,66,other,False,production,T_VARIABLE,2,λᵏℯ＾−λ,cebbe1b58fe284afefbcbee28892cebb,6,True,False,False,,True,"Greek,Other",False,True,,False,False,U+FF3E FULLWIDTH CIRCUMFLEX ACCENT; U+2212 MINUS SIGN
markrogoyski__math-php,markrogoyski__math-php/src/Probability/Distribution/Discrete/Poisson.php,67,other,False,production,T_VARIABLE,2,k！,6befbc81,2,True,False,False,,True,"Latin,Other",False,True,,False,False,U+FF01 FULLWIDTH EXCLAMATION MARK
markrogoyski__math-php,markrogoyski__math-php/src/Probability/Distribution/Discrete/Hypergeometric.php,103,other,False,production,T_VARIABLE,2,⟮N − K⟯C⟮n − k⟯,e29fae4ec2a0e28892c2a04be29faf43e29fae6ec2a0e28892c2a06be29faf,15,True,False,False,U+00A0 NO-BREAK SPACE; U+00A0 NO-BREAK SPACE; U+00A0 NO-BREAK SPACE; U+00A0 NO-BREAK SPACE,True,"Common,Latin,Other",False,True,,False,False,U+27EE MATHEMATICAL LEFT FLATTENED PARENTHESIS; U+00A0 NO-BREAK SPACE; U+2212 MINUS SIGN; U+00A0 NO-BREAK SPACE; U+27EF MATHEMATICAL RIGHT FLATTENED PARENTHESIS; U+27EE MATHEMATICAL LEFT FLATTENED PARENTHESIS; U+00A0 NO-BREAK SPACE; U+2212 MINUS SIGN; U+00A0 NO-BREAK SPACE; U+27EF MATHEMATICAL RIGHT FLATTENED PARENTHESIS
markrogoyski__math-php,markrogoyski__math-php/src/Probability/Distribution/Discrete/Geometric.php,67,other,False,production,T_VARIABLE,2,⟮1 − p⟯ᵏ,e29fae31c2a0e28892c2a070e29fafe1b58f,8,True,False,False,U+00A0 NO-BREAK SPACE; U+00A0 NO-BREAK SPACE,True,"Common,Latin,Other",False,True,,False,False,U+27EE MATHEMATICAL LEFT FLATTENED PARENTHESIS; U+00A0 NO-BREAK SPACE; U+2212 MINUS SIGN; U+00A0 NO-BREAK SPACE; U+27EF MATHEMATICAL RIGHT FLATTENED PARENTHESIS
markrogoyski__math-php,markrogoyski__math-php/src/Probability/Distribution/Discrete/Geometric.php,90,other,False,production,T_VARIABLE,2,⟮1 − p⟯ᵏ⁺¹,e29fae31c2a0e28892c2a070e29fafe1b58fe281bac2b9,10,True,False,False,U+00A0 NO-BREAK SPACE; U+00A0 NO-BREAK SPACE,True,"Common,Latin,Other",False,True,,False,False,U+27EE MATHEMATICAL LEFT FLATTENED PARENTHESIS; U+00A0 NO-BREAK SPACE; U+2212 MINUS SIGN; U+00A0 NO-BREAK SPACE; U+27EF MATHEMATICAL RIGHT FLATTENED PARENTHESIS; U+207A SUPERSCRIPT PLUS SIGN; U+00B9 SUPERSCRIPT ONE
markrogoyski__math-php,markrogoyski__math-php/src/Probability/Distribution/Discrete/Geometric.php,120,other,False,production,T_VARIABLE,2,log₂⟮1 − p⟯,6c6f67e28282e29fae31c2a0e28892c2a070e29faf,11,True,False,False,U+00A0 NO-BREAK SPACE; U+00A0 NO-BREAK SPACE,True,"Common,Latin,Other",False,True,,False,False,U+2082 SUBSCRIPT TWO; U+27EE MATHEMATICAL LEFT FLATTENED PARENTHESIS; U+00A0 NO-BREAK SPACE; U+2212 MINUS SIGN; U+00A0 NO-BREAK SPACE; U+27EF MATHEMATICAL RIGHT FLATTENED PARENTHESIS
markrogoyski__math-php,markrogoyski__math-php/src/Probability/Distribution/Discrete/Binomial.php,90,other,False,production,T_VARIABLE,2,pʳ,70cab3,2,True,True,True,,True,"Latin,Other",False,True,,False,False,
markrogoyski__math-php,markrogoyski__math-php/src/Probability/Distribution/Discrete/Binomial.php,91,other,False,production,T_VARIABLE,2,⟮1 − p⟯ⁿ⁻ʳ,e29fae31c2a0e28892c2a070e29fafe281bfe281bbcab3,10,True,False,False,U+00A0 NO-BREAK SPACE; U+00A0 NO-BREAK SPACE,True,"Common,Latin,Other",False,True,,False,False,U+27EE MATHEMATICAL LEFT FLATTENED PARENTHESIS; U+00A0 NO-BREAK SPACE; U+2212 MINUS SIGN; U+00A0 NO-BREAK SPACE; U+27EF MATHEMATICAL RIGHT FLATTENED PARENTHESIS; U+207B SUPERSCRIPT MINUS
markrogoyski__math-php,markrogoyski__math-php/src/Probability/Distribution/Discrete/Binomial.php,119,other,False,production,T_VARIABLE,6,j₀,6ae28280,2,True,False,False,,True,"Latin,Other",False,True,,False,False,U+2080 SUBSCRIPT ZERO
markrogoyski__math-php,markrogoyski__math-php/src/Probability/Distribution/Discrete/Binomial.php,119,other,False,production,T_VARIABLE,4,j₁,6ae28281,2,True,False,False,,True,"Latin,Other",False,True,,False,False,U+2081 SUBSCRIPT ONE
markrogoyski__math-php,markrogoyski__math-php/src/Probability/Distribution/Discrete/Binomial.php,119,other,False,production,T_VARIABLE,3,j₂,6ae28282,2,True,False,False,,True,"Latin,Other",False,True,,False,False,U+2082 SUBSCRIPT TWO
markrogoyski__math-php,markrogoyski__math-php/src/Probability/Distribution/Discrete/Bernoulli.php,117,other,False,production,T_VARIABLE,7,½,c2bd,1,True,False,False,,True,Other,False,False,,False,False,U+00BD VULGAR FRACTION ONE HALF
markrogoyski__math-php,markrogoyski__math-php/src/SetTheory/Set.php,313,other,False,production,T_VARIABLE,11,A∩B,41e288a942,3,True,False,False,,True,"Latin,Other",False,True,,False,False,U+2229 INTERSECTION
markrogoyski__math-php,markrogoyski__math-php/src/SetTheory/Set.php,314,other,False,production,T_VARIABLE,10,A∖B,41e2889642,3,True,False,False,,True,"Latin,Other",False,True,,False,False,U+2216 SET MINUS
markrogoyski__math-php,markrogoyski__math-php/src/SetTheory/Set.php,475,other,False,production,T_VARIABLE,2,B∖A,42e2889641,3,True,False,False,,True,"Latin,Other",False,True,,False,False,U+2216 SET MINUS
markrogoyski__math-php,markrogoyski__math-php/src/SetTheory/Set.php,496,other,False,production,T_VARIABLE,3,A×B,41c39742,3,True,False,False,,True,"Latin,Other",False,True,,False,False,U+00D7 MULTIPLICATION SIGN
markrogoyski__math-php,markrogoyski__math-php/src/SetTheory/Set.php,568,other,False,production,T_VARIABLE,2,２ⁿ,efbc92e281bf,2,True,False,False,,True,"Common,Other",False,False,,False,False,U+FF12 FULLWIDTH DIGIT TWO
markrogoyski__math-php,markrogoyski__math-php/src/SetTheory/Set.php,570,other,False,production,T_VARIABLE,3,P⟮S⟯,50e29fae53e29faf,4,True,False,False,,True,"Latin,Other",False,True,,False,False,U+27EE MATHEMATICAL LEFT FLATTENED PARENTHESIS; U+27EF MATHEMATICAL RIGHT FLATTENED PARENTHESIS
